{
  "background os046_4column": {
    "best": 5.531013528646838e-08,
    "index": 1,
    "integer": false,
    "label": "background os046_4column",
    "mean": 8.88214917626366e-08,
    "median": 8.08277993224208e-08,
    "p68": [
      -2.8702474280919036e-09,
      1.817012552778212e-07
    ],
    "p68_range": [
      -2.8702474280919036e-09,
      1.817012552778212e-07
    ],
    "p95": [
      -8.403497367833284e-08,
      2.763997421273161e-07
    ],
    "p95_range": [
      -8.403497367833284e-08,
      2.763997421273161e-07
    ],
    "std": 9.622143082931646e-08
  },
  "background os047_4column": {
    "best": 3.601765498225348e-06,
    "index": 20,
    "integer": false,
    "label": "background os047_4column",
    "mean": 3.6316861701247374e-06,
    "median": 3.6515400638847524e-06,
    "p68": [
      3.3763005726125235e-06,
      3.87177765035321e-06
    ],
    "p68_range": [
      3.3763005726125235e-06,
      3.87177765035321e-06
    ],
    "p95": [
      3.1240686230729622e-06,
      4.078783294251986e-06
    ],
    "p95_range": [
      3.1240686230729622e-06,
      4.078783294251986e-06
    ],
    "std": 2.4555279327687463e-07
  },
  "bilayer roughness": {
    "best": 2.523450578642062,
    "index": 18,
    "integer": false,
    "label": "bilayer roughness",
    "mean": 2.7700245168372764,
    "median": 2.723077027300599,
    "p68": [
      2.24734315536096,
      3.2539662755670484
    ],
    "p68_range": [
      2.24734315536096,
      3.2539662755670484
    ],
    "p95": [
      2.0389274065579777,
      3.728090749845093
    ],
    "p95_range": [
      2.0389274065579777,
      3.728090749845093
    ],
    "std": 0.4586491223529352
  },
  "chromium layer": {
    "best": 20.16322585609004,
    "index": 10,
    "integer": false,
    "label": "chromium layer",
    "mean": 21.57414990918387,
    "median": 21.144443860369982,
    "p68": [
      18.782203931357706,
      24.43397880920108
    ],
    "p68_range": [
      18.782203931357706,
      24.43397880920108
    ],
    "p95": [
      16.865243060308465,
      28.652965861184164
    ],
    "p95_range": [
      16.865243060308465,
      28.652965861184164
    ],
    "std": 3.1060649766519366
  },
  "chromium rho": {
    "best": 2.805529239661449,
    "index": 9,
    "integer": false,
    "label": "chromium rho",
    "mean": 2.8791619689863093,
    "median": 2.8474045059820092,
    "p68": [
      2.735596030561231,
      3.0365774010457773
    ],
    "p68_range": [
      2.735596030561231,
      3.0365774010457773
    ],
    "p95": [
      2.7071460683496076,
      3.2231121995334857
    ],
    "p95_range": [
      2.7071460683496076,
      3.2231121995334857
    ],
    "std": 0.1406520154686639
  },
  "d2o rho": {
    "best": 6.374971426780429,
    "index": 12,
    "integer": false,
    "label": "d2o rho",
    "mean": 6.367539953685822,
    "median": 6.3708113334032435,
    "p68": [
      6.3062971003828086,
      6.437248012882669
    ],
    "p68_range": [
      6.3062971003828086,
      6.437248012882669
    ],
    "p95": [
      6.214151303128312,
      6.476777977380755
    ],
    "p95_range": [
      6.214151303128312,
      6.476777977380755
    ],
    "std": 0.06845391795396137
  },
  "gold chromium roughness": {
    "best": 20.716813864960656,
    "index": 8,
    "integer": false,
    "label": "gold chromium roughness",
    "mean": 20.54839731610568,
    "median": 20.814692647804655,
    "p68": [
      18.942283038823465,
      22.030244744614386
    ],
    "p68_range": [
      18.942283038823465,
      22.030244744614386
    ],
    "p95": [
      17.03859845729169,
      22.88840359231831
    ],
    "p95_range": [
      17.03859845729169,
      22.88840359231831
    ],
    "std": 1.542881898306414
  },
  "gold layer": {
    "best": 184.45920308445267,
    "index": 22,
    "integer": false,
    "label": "gold layer",
    "mean": 183.4943585160708,
    "median": 183.9830926138152,
    "p68": [
      180.99252412514477,
      185.52862766453538
    ],
    "p68_range": [
      180.99252412514477,
      185.52862766453538
    ],
    "p95": [
      178.52789057532968,
      186.7510000184895
    ],
    "p95_range": [
      178.52789057532968,
      186.7510000184895
    ],
    "std": 2.2414347044032343
  },
  "gold rho": {
    "best": 4.660066555406052,
    "index": 11,
    "integer": false,
    "label": "gold rho",
    "mean": 4.655607185870419,
    "median": 4.655710866734358,
    "p68": [
      4.618424343352232,
      4.698168170020611
    ],
    "p68_range": [
      4.618424343352232,
      4.698168170020611
    ],
    "p95": [
      4.556962280996614,
      4.728653218823191
    ],
    "p95_range": [
      4.556962280996614,
      4.728653218823191
    ],
    "std": 0.04312786395405777
  },
  "h2o rho": {
    "best": -0.3642486324077357,
    "index": 21,
    "integer": false,
    "label": "h2o rho",
    "mean": -0.342703795430933,
    "median": -0.3410424861861805,
    "p68": [
      -0.3975171375920936,
      -0.2823961458256317
    ],
    "p68_range": [
      -0.3975171375920936,
      -0.2823961458256317
    ],
    "p95": [
      -0.44950192892748797,
      -0.25077731857901936
    ],
    "p95_range": [
      -0.44950192892748797,
      -0.25077731857901936
    ],
    "std": 0.05481723025389992
  },
  "inner acyl chain thickness": {
    "best": 8.373681927085169,
    "index": 13,
    "integer": false,
    "label": "inner acyl chain thickness",
    "mean": 8.638584738898416,
    "median": 8.555806688447996,
    "p68": [
      8.13462109914514,
      9.164855258675326
    ],
    "p68_range": [
      8.13462109914514,
      9.164855258675326
    ],
    "p95": [
      8.014633575619563,
      9.895641040315587
    ],
    "p95_range": [
      8.014633575619563,
      9.895641040315587
    ],
    "std": 0.5050136578762532
  },
  "intensity os046_4column": {
    "best": 0.9919834574036307,
    "index": 2,
    "integer": false,
    "label": "intensity os046_4column",
    "mean": 0.9934644692988341,
    "median": 0.9935443817465395,
    "p68": [
      0.9888415488768022,
      0.9980844321179857
    ],
    "p68_range": [
      0.9888415488768022,
      0.9980844321179857
    ],
    "p95": [
      0.9837021374544461,
      1.0041935612265094
    ],
    "p95_range": [
      0.9837021374544461,
      1.0041935612265094
    ],
    "std": 0.004812598058555069
  },
  "length tether": {
    "best": 5.136125496215883,
    "index": 15,
    "integer": false,
    "label": "length tether",
    "mean": 4.940874070766636,
    "median": 5.024312526441169,
    "p68": [
      4.317898700745909,
      5.54303957394852
    ],
    "p68_range": [
      4.317898700745909,
      5.54303957394852
    ],
    "p95": [
      3.354567324985074,
      5.984710829969133
    ],
    "p95_range": [
      3.354567324985074,
      5.984710829969133
    ],
    "std": 0.6509010779121909
  },
  "multiplicity tether": {
    "best": 3.642919642678268,
    "index": 16,
    "integer": false,
    "label": "multiplicity tether",
    "mean": 2.2949575312950294,
    "median": 2.350958893456132,
    "p68": [
      0.9844728655644632,
      3.5347302190878636
    ],
    "p68_range": [
      0.9844728655644632,
      3.5347302190878636
    ],
    "p95": [
      0.4942375684916445,
      3.920581909640635
    ],
    "p95_range": [
      0.4942375684916445,
      3.920581909640635
    ],
    "std": 1.0600147994381377
  },
  "number fraction tether": {
    "best": 0.6296451512380642,
    "index": 17,
    "integer": false,
    "label": "number fraction tether",
    "mean": 0.5247154222824361,
    "median": 0.530471189021258,
    "p68": [
      0.3752022001684962,
      0.6743292280861027
    ],
    "p68_range": [
      0.3752022001684962,
      0.6743292280861027
    ],
    "p95": [
      0.22020545229742997,
      0.7393845210638408
    ],
    "p95_range": [
      0.22020545229742997,
      0.7393845210638408
    ],
    "std": 0.14109317491152057
  },
  "outer acyl chain thickness": {
    "best": 15.52223454702502,
    "index": 14,