{
  "bME to tether ratio": {
    "best": 1.3813230487860166,
    "index": 16,
    "integer": false,
    "label": "bME to tether ratio",
    "mean": 2.0469069420500605,
    "median": 2.1843431013605215,
    "p68": [
      0.744728589997029,
      3.359849893745908
    ],
    "p68_range": [
      0.744728589997029,
      3.359849893745908
    ],
    "p95": [
      0.2533173806010165,
      3.847611414684935
    ],
    "p95_range": [
      0.2533173806010165,
      3.847611414684935
    ],
    "std": 1.1239571732825089
  },
  "background os046_4column": {
    "best": 1.2738185504299264e-07,
    "index": 1,
    "integer": false,
    "label": "background os046_4column",
    "mean": 1.768529183842382e-07,
    "median": 1.830094874947725e-07,
    "p68": [
      4.2870857878200264e-08,
      3.033980837270834e-07
    ],
    "p68_range": [
      4.2870857878200264e-08,
      3.033980837270834e-07
    ],
    "p95": [
      -5.514220119436477e-08,
      4.3834535355333114e-07
    ],
    "p95_range": [
      -5.514220119436477e-08,
      4.3834535355333114e-07
    ],
    "std": 1.2533451258123322e-07
  },
  "background os047_4column": {
    "best": 3.638755173457626e-06,
    "index": 20,
    "integer": false,
    "label": "background os047_4column",
    "mean": 3.5922463589682018e-06,
    "median": 3.604813614563992e-06,
    "p68": [
      3.338507315222968e-06,
      3.833959542028423e-06
    ],
    "p68_range": [
      3.338507315222968e-06,
      3.833959542028423e-06
    ],
    "p95": [
      3.1072943963429013e-06,
      4.115802927088288e-06
    ],
    "p95_range": [
      3.1072943963429013e-06,
      4.115802927088288e-06
    ],
    "std": 2.455997015074606e-07
  },
  "bilayer roughness": {
    "best": 2.347251867996523,
    "index": 18,
    "integer": false,
    "label": "bilayer roughness",
    "mean": 3.1243995350895695,
    "median": 3.151078769728211,
    "p68": [
      2.3720431962205337,
      3.787651405986103
    ],
    "p68_range": [
      2.3720431962205337,
      3.787651405986103
    ],
    "p95": [
      2.046465470960326,
      4.285432813758498
    ],
    "p95_range": [
      2.046465470960326,
      4.285432813758498
    ],
    "std": 0.6443045345327384
  },
  "chromium layer thickness": {
    "best": 33.18805822730641,
    "index": 10,
    "integer": false,
    "label": "chromium layer thickness",
    "mean": 33.46788607407736,
    "median": 33.78974389552769,
    "p68": [
      31.037340566462635,
      36.34030895149742
    ],
    "p68_range": [
      31.037340566462635,
      36.34030895149742
    ],
    "p95": [
      25.01832912068971,
      38.76282201268199
    ],
    "p95_range": [
      25.01832912068971,
      38.76282201268199
    ],
    "std": 3.0579004801564054
  },
  "chromium rho": {
    "best": 3.2265416342708972,
    "index": 9,
    "integer": false,
    "label": "chromium rho",
    "mean": 3.254706555212644,
    "median": 3.269587593985101,
    "p68": [
      3.154469171819219,
      3.3558809437768495
    ],
    "p68_range": [
      3.154469171819219,
      3.3558809437768495
    ],
    "p95": [
      2.9647131483793063,
      3.4348446283086527
    ],
    "p95_range": [
      2.9647131483793063,
      3.4348446283086527
    ],
    "std": 0.11608870331727447
  },
  "d2o rho": {
    "best": 6.17365897674271,
    "index": 12,
    "integer": false,
    "label": "d2o rho",
    "mean": 6.192931676677658,
    "median": 6.198971213858237,
    "p68": [
      6.102208565278785,
      6.279348104768282
    ],
    "p68_range": [
      6.102208565278785,
      6.279348104768282
    ],
    "p95": [
      6.030229280093986,
      6.332343126039235
    ],
    "p95_range": [
      6.030229280093986,
      6.332343126039235
    ],
    "std": 0.0836337471276651
  },
  "gold chromium roughness": {
    "best": 16.592429034023386,
    "index": 8,
    "integer": false,
    "label": "gold chromium roughness",
    "mean": 15.90340986053987,
    "median": 15.903925158375172,
    "p68": [
      14.073339290897199,
      17.739518896340346
    ],
    "p68_range": [
      14.073339290897199,
      17.739518896340346
    ],
    "p95": [
      12.334349594804305,
      19.758784242852137
    ],
    "p95_range": [
      12.334349594804305,
      19.758784242852137
    ],
    "std": 1.9291249886507722
  },
  "gold layer thickness": {
    "best": 178.30427011133625,
    "index": 22,
    "integer": false,
    "label": "gold layer thickness",
    "mean": 177.76231615493248,
    "median": 177.42294881134004,
    "p68": [
      175.82730508181044,
      179.77793276668191
    ],
    "p68_range": [
      175.82730508181044,
      179.77793276668191
    ],
    "p95": [
      174.20542748830087,
      183.20615915321457
    ],
    "p95_range": [
      174.20542748830087,
      183.20615915321457
    ],
    "std": 2.2850099908896637
  },
  "gold rho": {
    "best": 4.5172779037087745,
    "index": 11,
    "integer": false,
    "label": "gold rho",
    "mean": 4.534247586815332,
    "median": 4.538457745229213,
    "p68": [
      4.4786343249359355,
      4.589921275710845
    ],
    "p68_range": [
      4.4786343249359355,
      4.589921275710845
    ],
    "p95": [
      4.425052993111581,
      4.619307949590395
    ],
    "p95_range": [
      4.425052993111581,
      4.619307949590395
    ],
    "std": 0.052850270139959514
  },
  "h2o rho": {
    "best": -0.41512579609399325,
    "index": 21,
    "integer": false,
    "label": "h2o rho",
    "mean": -0.39361798863566305,
    "median": -0.3950003220023096,
    "p68": [
      -0.4513872768699078,
      -0.3385647763948539
    ],
    "p68_range": [
      -0.4513872768699078,
      -0.3385647763948539
    ],
    "p95": [
      -0.5033127864511967,
      -0.28638593571095755
    ],
    "p95_range": [
      -0.5033127864511967,
      -0.28638593571095755
    ],
    "std": 0.05465716919398781
  },
  "inner acyl chain thickness": {
    "best": 9.796524735252616,
    "index": 13,
    "integer": false,
    "label": "inner acyl chain thickness",
    "mean": 9.622319318533675,
    "median": 9.540474549243921,
    "p68": [
      8.830211682392271,
      10.391396770975765
    ],
    "p68_range": [
      8.830211682392271,
      10.391396770975765
    ],
    "p95": [
      8.127360105475153,
      11.488834037806873
    ],
    "p95_range": [
      8.127360105475153,
      11.488834037806873
    ],
    "std": 0.8334902430561516
  },
  "intensity os046_4column": {
    "best": 0.992546991418736,
    "index": 2,
    "integer": false,
    "label": "intensity os046_4column",
    "mean": 0.9905262516190699,
    "median": 0.9904542218143099,
    "p68": [
      0.9849726880254727,
      0.9964828649462096
    ],
    "p68_range": [
      0.9849726880254727,
      0.9964828649462096
    ],
    "p95": [
      0.9797825467080951,
      1.0026875122766383
    ],
    "p95_range": [
      0.9797825467080951,
      1.0026875122766383
    ],
    "std": 0.005660178672430615
  },
  "number fraction tether": {
    "best": 0.9974599309702183,
    "index": 17,
    "integer": false,
    "label": "number fraction tether",
    "mean": 0.7614108601083679,
    "median": 0.8206264595634964,
    "p68": [
      0.5303735312384217,
      0.9627666314405954
    ],
    "p68_range": [
      0.5303735312384217,
      0.9627666314405954
    ],
    "p95": [
      0.3054269873778549,
      0.9961761809817496
    ],
    "p95_range": [
      0.3054269873778549,
      0.9961761809817496
    ],
    "std": 0.20470919216388864
  },
  "outer acyl chain thickness": {
    "best": 13.41738276082629,
    "index": 14,
    "integer": false,
    "label": "outer acyl chain thickness",
    "mean": 13.752812891573418,
    "median": 13.79794442936044,
    "p68": [
      12.937763302775451,
      14.553358522882556
    ],
    "p68_range": [
      12.937763302775451,
      14.553358522882556
    ],
    "p95": [
      11.902468298702482,
      15.19556191457097
    ],
    "p95_range": [
      11.902468298702482,
      15.19556191457097
    ],