{
  "bME to tether ratio": {
    "best": 0.5252381124980612,
    "index": 16,
    "integer": false,
    "label": "bME to tether ratio",
    "mean": 2.2728493867160333,
    "median": 2.308107785933339,
    "p68": [
      1.117821088800944,
      3.436579837209189
    ],
    "p68_range": [
      1.117821088800944,
      3.436579837209189
    ],
    "p95": [
      0.39047044952347504,
      3.8833577607232965
    ],
    "p95_range": [
      0.39047044952347504,
      3.8833577607232965
    ],
    "std": 1.0093221913263228
  },
  "background os046_4column": {
    "best": 5.456117526836485e-08,
    "index": 1,
    "integer": false,
    "label": "background os046_4column",
    "mean": 8.191797301613428e-08,
    "median": 7.513476185487337e-08,
    "p68": [
      -2.2652032722827454e-08,
      1.8214338983616247e-07
    ],
    "p68_range": [
      -2.2652032722827454e-08,
      1.8214338983616247e-07
    ],
    "p95": [
      -8.654448681463547e-08,
      3.0132238233989745e-07
    ],
    "p95_range": [
      -8.654448681463547e-08,
      3.0132238233989745e-07
    ],
    "std": 1.0593831715346551e-07
  },
  "background os047_4column": {
    "best": 3.7486585318735894e-06,
    "index": 20,
    "integer": false,
    "label": "background os047_4column",
    "mean": 3.725015077587895e-06,
    "median": 3.723308937653985e-06,
    "p68": [
      3.493677569935183e-06,
      3.931102865688317e-06
    ],
    "p68_range": [
      3.493677569935183e-06,
      3.931102865688317e-06
    ],
    "p95": [
      3.3448357319330596e-06,
      4.178222813503692e-06
    ],
    "p95_range": [
      3.3448357319330596e-06,
      4.178222813503692e-06
    ],
    "std": 2.1461132957060355e-07
  },
  "bilayer roughness": {
    "best": 2.5253718323091454,
    "index": 18,
    "integer": false,
    "label": "bilayer roughness",
    "mean": 2.658341726934554,
    "median": 2.5823143829210657,
    "p68": [
      2.2134101921285136,
      3.1102068714974793
    ],
    "p68_range": [
      2.2134101921285136,
      3.1102068714974793
    ],
    "p95": [
      2.033185550927288,
      3.624182196067841
    ],
    "p95_range": [
      2.033185550927288,
      3.624182196067841
    ],
    "std": 0.44137634687508087
  },
  "chromium layer thickness": {
    "best": 33.42886686339011,
    "index": 10,
    "integer": false,
    "label": "chromium layer thickness",
    "mean": 32.48084367620907,
    "median": 32.51835999581378,
    "p68": [
      29.220703812092133,
      35.8915535641757
    ],
    "p68_range": [
      29.220703812092133,
      35.8915535641757
    ],
    "p95": [
      25.418196613451897,
      38.64482305916268
    ],
    "p95_range": [
      25.418196613451897,
      38.64482305916268
    ],
    "std": 3.3259625905931323
  },
  "chromium rho": {
    "best": 3.2658759457885638,
    "index": 9,
    "integer": false,
    "label": "chromium rho",
    "mean": 3.241729853986182,
    "median": 3.247146205578138,
    "p68": [
      3.1249747817325826,
      3.3682014859444447
    ],
    "p68_range": [
      3.1249747817325826,
      3.3682014859444447
    ],
    "p95": [
      2.9974634466627554,
      3.4269626480574855
    ],
    "p95_range": [
      2.9974634466627554,
      3.4269626480574855
    ],
    "std": 0.12212437406802878
  },
  "d2o rho": {
    "best": 6.2633044075766655,
    "index": 12,
    "integer": false,
    "label": "d2o rho",
    "mean": 6.264589086308499,
    "median": 6.262172998507129,
    "p68": [
      6.20211676206765,
      6.323209243244333
    ],
    "p68_range": [
      6.20211676206765,
      6.323209243244333
    ],
    "p95": [
      6.145407954304256,
      6.3936584960727325
    ],
    "p95_range": [
      6.145407954304256,
      6.3936584960727325
    ],
    "std": 0.0632948533787537
  },
  "gold chromium roughness": {
    "best": 16.609896480615838,
    "index": 8,
    "integer": false,
    "label": "gold chromium roughness",
    "mean": 16.483024133347538,
    "median": 16.57219921163465,
    "p68": [
      14.699373975382771,
      18.269614041556192
    ],
    "p68_range": [
      14.699373975382771,
      18.269614041556192
    ],
    "p95": [
      12.610371166123555,
      19.653332600638482
    ],
    "p95_range": [
      12.610371166123555,
      19.653332600638482
    ],
    "std": 1.8352665431163377
  },
  "gold layer thickness": {
    "best": 177.68134720588125,
    "index": 22,
    "integer": false,
    "label": "gold layer thickness",
    "mean": 177.82944941305462,
    "median": 177.79454137597014,
    "p68": [
      175.3076441885668,
      180.29745772679115
    ],
    "p68_range": [
      175.3076441885668,
      180.29745772679115
    ],
    "p95": [
      173.66439504092625,
      182.2693064516177
    ],
    "p95_range": [
      173.66439504092625,
      182.2693064516177
    ],
    "std": 2.324773948862431
  },
  "gold rho": {
    "best": 4.58170643243738,
    "index": 11,
    "integer": false,
    "label": "gold rho",
    "mean": 4.5806083217793185,
    "median": 4.58053557828609,
    "p68": [
      4.539224509376705,
      4.620548104653734
    ],
    "p68_range": [
      4.539224509376705,
      4.620548104653734
    ],
    "p95": [
      4.495283068588816,
      4.657991184245411
    ],
    "p95_range": [
      4.495283068588816,
      4.657991184245411
    ],
    "std": 0.04114759497191828
  },
  "h2o rho": {
    "best": -0.3582129431310966,
    "index": 21,
    "integer": false,
    "label": "h2o rho",
    "mean": -0.3868289006100313,
    "median": -0.3831186000194673,
    "p68": [
      -0.44039794945086064,
      -0.33435281872110895
    ],
    "p68_range": [
      -0.44039794945086064,
      -0.33435281872110895
    ],
    "p95": [
      -0.519875246761967,
      -0.27227085140255686
    ],
    "p95_range": [
      -0.519875246761967,
      -0.27227085140255686
    ],
    "std": 0.05477786483126885
  },
  "inner acyl chain thickness": {
    "best": 9.776984468267964,
    "index": 13,
    "integer": false,
    "label": "inner acyl chain thickness",
    "mean": 9.671634191947064,
    "median": 9.68768932573007,
    "p68": [
      8.949764463776845,
      10.353731137176903
    ],
    "p68_range": [
      8.949764463776845,
      10.353731137176903
    ],
    "p95": [
      8.318878931047301,
      11.030930184053087
    ],
    "p95_range": [
      8.318878931047301,
      11.030930184053087
    ],
    "std": 0.6837836891020803
  },
  "intensity os046_4column": {
    "best": 0.9942250027951387,
    "index": 2,
    "integer": false,
    "label": "intensity os046_4column",
    "mean": 0.9926835615403067,
    "median": 0.9926031872211448,
    "p68": [
      0.9877035068303984,
      0.9978982542661549
    ],
    "p68_range": [
      0.9877035068303984,
      0.9978982542661549
    ],
    "p95": [
      0.9827739483319656,
      1.0034909273247266
    ],
    "p95_range": [
      0.9827739483319656,
      1.0034909273247266
    ],
    "std": 0.00522127079211003
  },
  "number fraction tether": {
    "best": 0.7007840523774863,
    "index": 17,
    "integer": false,
    "label": "number fraction tether",
    "mean": 0.611276244046957,
    "median": 0.6368424124493662,
    "p68": [
      0.4513000507034806,
      0.7680281143709369
    ],
    "p68_range": [
      0.4513000507034806,
      0.7680281143709369
    ],
    "p95": [
      0.26041113847976555,
      0.8503222335027386
    ],
    "p95_range": [
      0.26041113847976555,
      0.8503222335027386
    ],
    "std": 0.15035910210760248
  },
  "outer acyl chain thickness": {
    "best": 13.823386739103515,
    "index": 14,
    "integer": false,
    "label": "outer acyl chain thickness",
    "mean": 14.06055910653297,
    "median": 14.040109102363536,
    "p68": [
      13.403883378331061,
      14.778084885567916
    ],
    "p68_range": [
      13.403883378331061,
      14.778084885567916
    ],
    "p95": [
      12.574026660754086,
      15.533415281258806
    ],
    "p95_range": [
      12.574026660754086,
      15.533415281258806
    ],