{
  "background os046_4column": {
    "best": 4.815146169875593e-08,
    "index": 1,
    "integer": false,
    "label": "background os046_4column",
    "mean": 7.555305768939897e-08,
    "median": 7.529287870626318e-08,
    "p68": [
      -2.527074016430564e-08,
      1.6191311256016233e-07
    ],
    "p68_range": [
      -2.527074016430564e-08,
      1.6191311256016233e-07
    ],
    "p95": [
      -8.5855388750718e-08,
      2.6632892559632824e-07
    ],
    "p95_range": [
      -8.5855388750718e-08,
      2.6632892559632824e-07
    ],
    "std": 9.511648303302758e-08
  },
  "background os047_4column": {
    "best": 3.599468540636975e-06,
    "index": 20,
    "integer": false,
    "label": "background os047_4column",
    "mean": 3.6309690216483696e-06,
    "median": 3.6346482870422443e-06,
    "p68": [
      3.3808292742593365e-06,
      3.871103786016389e-06
    ],
    "p68_range": [
      3.3808292742593365e-06,
      3.871103786016389e-06
    ],
    "p95": [
      3.173910296443233e-06,
      4.075082001259619e-06
    ],
    "p95_range": [
      3.173910296443233e-06,
      4.075082001259619e-06
    ],
    "std": 2.3320417391083427e-07
  },
  "bilayer roughness": {
    "best": 2.5046455138008015,
    "index": 18,
    "integer": false,
    "label": "bilayer roughness",
    "mean": 2.7147544754355684,
    "median": 2.679155586734672,
    "p68": [
      2.1919948434185237,
      3.234658107749067
    ],
    "p68_range": [
      2.1919948434185237,
      3.234658107749067
    ],
    "p95": [
      2.035479016761476,
      3.5222543420255286
    ],
    "p95_range": [
      2.035479016761476,
      3.5222543420255286
    ],
    "std": 0.43741430231722334
  },
  "chromium layer": {
    "best": 20.19925321839746,
    "index": 10,
    "integer": false,
    "label": "chromium layer",
    "mean": 21.593459557120905,
    "median": 21.272198744377768,
    "p68": [
      18.47016112324133,
      24.650163966499605
    ],
    "p68_range": [
      18.47016112324133,
      24.650163966499605
    ],
    "p95": [
      16.605464330533174,
      28.994711396501113
    ],
    "p95_range": [
      16.605464330533174,
      28.994711396501113
    ],
    "std": 3.1124668399090676
  },
  "chromium rho": {
    "best": 2.802136866775684,
    "index": 9,
    "integer": false,
    "label": "chromium rho",
    "mean": 2.882087106014787,
    "median": 2.85228692212499,
    "p68": [
      2.728855960337766,
      3.0427601037624377
    ],
    "p68_range": [
      2.728855960337766,
      3.0427601037624377
    ],
    "p95": [
      2.7066195667368564,
      3.2034266108458245
    ],
    "p95_range": [
      2.7066195667368564,
      3.2034266108458245
    ],
    "std": 0.13991208299171748
  },
  "d2o rho": {
    "best": 6.376652539715939,
    "index": 12,
    "integer": false,
    "label": "d2o rho",
    "mean": 6.358106075747226,
    "median": 6.36377598714317,
    "p68": [
      6.3033624251106755,
      6.412799834231718
    ],
    "p68_range": [
      6.3033624251106755,
      6.412799834231718
    ],
    "p95": [
      6.199221153718925,
      6.470856330662094
    ],
    "p95_range": [
      6.199221153718925,
      6.470856330662094
    ],
    "std": 0.06684011309249961
  },
  "gold chromium roughness": {
    "best": 20.715791611373053,
    "index": 8,
    "integer": false,
    "label": "gold chromium roughness",
    "mean": 20.485862556435414,
    "median": 20.61371170544746,
    "p68": [
      19.026551357571527,
      21.98447644167165
    ],
    "p68_range": [
      19.026551357571527,
      21.98447644167165
    ],
    "p95": [
      17.083736188613518,
      22.92370400240157
    ],
    "p95_range": [
      17.083736188613518,
      22.92370400240157
    ],
    "std": 1.613623636372671
  },
  "gold layer": {
    "best": 184.67473691978418,
    "index": 22,
    "integer": false,
    "label": "gold layer",
    "mean": 183.57020726857118,
    "median": 184.0070009260828,
    "p68": [
      181.41320211449388,
      185.96764647456249
    ],
    "p68_range": [
      181.41320211449388,
      185.96764647456249
    ],
    "p95": [
      178.37367954924298,
      187.24183419314693
    ],
    "p95_range": [
      178.37367954924298,
      187.24183419314693
    ],
    "std": 2.2977673601474042
  },
  "gold rho": {
    "best": 4.6609252945174555,
    "index": 11,
    "integer": false,
    "label": "gold rho",
    "mean": 4.648821534351973,
    "median": 4.651684965161253,
    "p68": [
      4.614595025740982,
      4.686903815929978
    ],
    "p68_range": [
      4.614595025740982,
      4.686903815929978
    ],
    "p95": [
      4.526395576337568,
      4.722618758782987
    ],
    "p95_range": [
      4.526395576337568,
      4.722618758782987
    ],
    "std": 0.04570926253280432
  },
  "h2o rho": {
    "best": -0.36489711679518116,
    "index": 21,
    "integer": false,
    "label": "h2o rho",
    "mean": -0.34945962485939064,
    "median": -0.34790702088469005,
    "p68": [
      -0.40673445648349077,
      -0.2931300528240911
    ],
    "p68_range": [
      -0.40673445648349077,
      -0.2931300528240911
    ],
    "p95": [
      -0.45921016299861406,
      -0.2275643346299643
    ],
    "p95_range": [
      -0.45921016299861406,
      -0.2275643346299643
    ],
    "std": 0.05855269665172422
  },
  "inner acyl chain thickness": {
    "best": 8.429202823671137,
    "index": 13,
    "integer": false,
    "label": "inner acyl chain thickness",
    "mean": 8.706137471248715,
    "median": 8.644000616567308,
    "p68": [
      8.141580081675968,
      9.206089105631243
    ],
    "p68_range": [
      8.141580081675968,
      9.206089105631243
    ],
    "p95": [
      8.008626900245856,
      9.798809492165208
    ],
    "p95_range": [
      8.008626900245856,
      9.798809492165208
    ],
    "std": 0.5467389086654425
  },
  "intensity os046_4column": {
    "best": 0.9905246019290592,
    "index": 2,
    "integer": false,
    "label": "intensity os046_4column",
    "mean": 0.9930042334047314,
    "median": 0.9930821339804574,
    "p68": [
      0.9882153377943467,
      0.9973535975778843
    ],
    "p68_range": [
      0.9882153377943467,
      0.9973535975778843
    ],
    "p95": [
      0.9837710600857027,
      1.003620183702103
    ],
    "p95_range": [
      0.9837710600857027,
      1.003620183702103
    ],
    "std": 0.005039021090298318
  },
  "length tether": {
    "best": 5.19428279910008,
    "index": 15,
    "integer": false,
    "label": "length tether",
    "mean": 5.053320048222162,
    "median": 5.1242141622361865,
    "p68": [
      4.348710432760363,
      5.671754830500496
    ],
    "p68_range": [
      4.348710432760363,
      5.671754830500496
    ],
    "p95": [
      3.71615936967539,
      6.056974391625724
    ],
    "p95_range": [
      3.71615936967539,
      6.056974391625724
    ],
    "std": 0.6537079362474385
  },
  "multiplicity tether": {
    "best": 3.632545622087578,
    "index": 16,
    "integer": false,
    "label": "multiplicity tether",
    "mean": 2.3815625657985073,
    "median": 2.549037737550259,
    "p68": [
      1.1392233165224905,
      3.5147023808456077
    ],
    "p68_range": [
      1.1392233165224905,
      3.5147023808456077
    ],
    "p95": [
      0.5050353150623242,
      3.9087783880108495
    ],
    "p95_range": [
      0.5050353150623242,
      3.9087783880108495
    ],
    "std": 1.0405988983886856
  },
  "number fraction tether": {
    "best": 0.6272514845971977,
    "index": 17,
    "integer": false,
    "label": "number fraction tether",
    "mean": 0.5420690998342783,
    "median": 0.5540409552547634,
    "p68": [
      0.39450590981092243,
      0.6815235738975174
    ],
    "p68_range": [
      0.39450590981092243,
      0.6815235738975174
    ],
    "p95": [
      0.2681439825873765,
      0.7612794624971101
    ],
    "p95_range": [
      0.2681439825873765,
      0.7612794624971101
    ],
    "std": 0.13654970551921533
  },
  "outer acyl chain thickness": {
    "best": 15.443384919902993,