{
  "background": {
    "best": 0.00021827195572551083,
    "index": 1,
    "integer": false,
    "label": "background",
    "mean": 0.00015645658560459923,
    "median": 0.00012870151004892234,
    "p68": [
      1.1316705452474263e-05,
      0.00029984388711324955
    ],
    "p68_range": [
      1.1316705452474263e-05,
      0.00029984388711324955
    ],
    "p95": [
      1.5502407031140974e-06,
      0.0004281009872452894
    ],
    "p95_range": [
      1.5502407031140974e-06,
      0.0004281009872452894
    ],
    "std": 0.00013610146175735516
  },
  "charge": {
    "best": 2.8371692563375395,
    "index": 2,
    "integer": false,
    "label": "charge",
    "mean": 6.508836068844566,
    "median": 5.226366086286523,
    "p68": [
      1.1422585836239092,
      12.614527435541842
    ],
    "p68_range": [
      1.1422585836239092,
      12.614527435541842
    ],
    "p95": [
      0.19143904645915794,
      18.52469293356847
    ],
    "p95_range": [
      0.19143904645915794,
      18.52469293356847
    ],
    "std": 5.270265432265936
  },
  "concentration_salt": {
    "best": 0.9536046576803665,
    "index": 3,
    "integer": false,
    "label": "concentration_salt",
    "mean": 0.6225691580379773,
    "median": 0.6326865640019063,
    "p68": [
      0.3270271760514421,
      0.9031233801537427
    ],
    "p68_range": [
      0.3270271760514421,
      0.9031233801537427
    ],
    "p95": [
      0.10686082907459528,
      0.991335084828801
    ],
    "p95_range": [
      0.10686082907459528,
      0.991335084828801
    ],
    "std": 0.2593296192634134
  },
  "dielectconst": {
    "best": 13.958320977020795,
    "index": 4,
    "integer": false,
    "label": "dielectconst",
    "mean": 39.48393912774464,
    "median": 33.4733250608774,
    "p68": [
      5.033250529237338,
      77.01189406929372
    ],
    "p68_range": [
      5.033250529237338,
      77.01189406929372
    ],
    "p95": [
      0.24237810932580486,
      95.65159931409667
    ],
    "p95_range": [
      0.24237810932580486,
      95.65159931409667
    ],
    "std": 30.672430140426737
  },
  "radius_equatorial": {
    "best": 20.300671186307433,
    "index": 5,
    "integer": false,
    "label": "radius_equatorial",
    "mean": 22.025679516373675,
    "median": 21.89603228552204,
    "p68": [
      20.489665542737242,
      24.034631644638
    ],
    "p68_range": [
      20.489665542737242,
      24.034631644638
    ],
    "p95": [
      18.4341217143947,
      24.927972452294036
    ],
    "p95_range": [
      18.4341217143947,
      24.927972452294036
    ],
    "std": 1.6485779357268162
  },
  "radius_polar": {
    "best": 9.15973367233505,
    "index": 6,
    "integer": false,
    "label": "radius_polar",
    "mean": 6.969146662044334,
    "median": 7.837707515130627,
    "p68": [
      4.183428345047367,
      9.438555679627754
    ],
    "p68_range": [
      4.183428345047367,
      9.438555679627754
    ],
    "p95": [
      0.05222167987322236,
      9.922967138689087
    ],
    "p95_range": [
      0.05222167987322236,
      9.922967138689087
    ],
    "std": 2.698211471005212
  },
  "scale": {
    "best": 4.0820949723470905,
    "index": 7,
    "integer": false,
    "label": "scale",
    "mean": 21.178748642731772,
    "median": 13.947724252579922,
    "p68": [
      2.9353894220788646,
      41.955256777139
    ],
    "p68_range": [
      2.9353894220788646,
      41.955256777139
    ],
    "p95": [
      0.36685866101826947,
      54.584346854052534
    ],
    "p95_range": [
      0.36685866101826947,
      54.584346854052534
    ],
    "std": 17.15206142847431
  },
  "sld": {
    "best": -0.5309006164496016,
    "index": 8,
    "integer": false,
    "label": "sld",
    "mean": 2.8636362934512167,
    "median": 2.5386977911543016,
    "p68": [
      0.6628219525755742,
      4.650394737497268
    ],
    "p68_range": [
      0.6628219525755742,
      4.650394737497268
    ],
    "p95": [
      -1.8666039501703833,
      9.418625281859303
    ],
    "p95_range": [
      -1.8666039501703833,
      9.418625281859303
    ],
    "std": 2.2879138282636884
  },
  "sld_solvent": {
    "best": 2.7642802057169726,
    "index": 9,
    "integer": false,
    "label": "sld_solvent",
    "mean": 2.444357859665576,
    "median": 2.4890978011250975,
    "p68": [
      0.7716247319184665,
      4.164569846796815
    ],
    "p68_range": [
      0.7716247319184665,
      4.164569846796815
    ],
    "p95": [
      0.1201393764054692,
      4.830713362299207
    ],
    "p95_range": [
      0.1201393764054692,
      4.830713362299207
    ],
    "std": 1.4347433925739197
  },
  "temperature": {
    "best": 212.41565496806496,
    "index": 10,
    "integer": false,
    "label": "temperature",
    "mean": 398.78973824162466,
    "median": 353.60517084473804,
    "p68": [
      59.93668781196444,
      767.7805486602402
    ],
    "p68_range": [
      59.93668781196444,
      767.7805486602402
    ],
    "p95": [
      2.720671688912811,
      960.3240583638078
    ],
    "p95_range": [
      2.720671688912811,
      960.3240583638078
    ],
    "std": 302.4587238618177
  },
  "volfraction": {
    "best": 0.0004908416467234661,
    "index": 11,
    "integer": false,
    "label": "volfraction",
    "mean": 0.019766962531013652,
    "median": 0.01123626573438236,
    "p68": [
      0.001747686110921713,
      0.045538999475650176
    ],
    "p68_range": [
      0.001747686110921713,
      0.045538999475650176
    ],
    "p95": [
      0.00018846598399610337,
      0.07534883232939549
    ],
    "p95_range": [
      0.00018846598399610337,
      0.07534883232939549
    ],
    "std": 0.022054527032120345
  }
}