{
  "background": {
    "best": 0.00032278367836748983,
    "index": 1,
    "integer": false,
    "label": "background",
    "mean": 0.0002006687645245636,
    "median": 0.000169918963475092,
    "p68": [
      2.114092241700141e-05,
      0.0003972452435622711
    ],
    "p68_range": [
      2.114092241700141e-05,
      0.0003972452435622711
    ],
    "p95": [
      3.6853539931465716e-06,
      0.0005765150372203041
    ],
    "p95_range": [
      3.6853539931465716e-06,
      0.0005765150372203041
    ],
    "std": 0.00016974489210484634
  },
  "charge": {
    "best": 3.6469847740548467,
    "index": 2,
    "integer": false,
    "label": "charge",
    "mean": 6.6832767154557615,
    "median": 4.703711266755602,
    "p68": [
      1.2058894957325563,
      13.95221902438364
    ],
    "p68_range": [
      1.2058894957325563,
      13.95221902438364
    ],
    "p95": [
      0.13447732011057958,
      18.720620646253277
    ],
    "p95_range": [
      0.13447732011057958,
      18.720620646253277
    ],
    "std": 5.577202287529993
  },
  "concentration_salt": {
    "best": 0.501019309103425,
    "index": 3,
    "integer": false,
    "label": "concentration_salt",
    "mean": 0.6193318806483896,
    "median": 0.6492215343550851,
    "p68": [
      0.31799276069429017,
      0.8972826191425218
    ],
    "p68_range": [
      0.31799276069429017,
      0.8972826191425218
    ],
    "p95": [
      0.08673350403187086,
      0.9822990503634642
    ],
    "p95_range": [
      0.08673350403187086,
      0.9822990503634642
    ],
    "std": 0.2573464576141611
  },
  "dielectconst": {
    "best": 5.926734342374494,
    "index": 4,
    "integer": false,
    "label": "dielectconst",
    "mean": 40.98077609237223,
    "median": 37.575010739951665,
    "p68": [
      5.992900769407775,
      77.86735084501721
    ],
    "p68_range": [
      5.992900769407775,
      77.86735084501721
    ],
    "p95": [
      0.45804929322197935,
      96.54656648075537
    ],
    "p95_range": [
      0.45804929322197935,
      96.54656648075537
    ],
    "std": 30.78586776243865
  },
  "radius_equatorial": {
    "best": 20.59097090653521,
    "index": 5,
    "integer": false,
    "label": "radius_equatorial",
    "mean": 22.023660440673776,
    "median": 22.04188557185781,
    "p68": [
      20.593164482935045,
      23.63761336625016
    ],
    "p68_range": [
      20.593164482935045,
      23.63761336625016
    ],
    "p95": [
      17.9655367570282,
      24.92797829488049
    ],
    "p95_range": [
      17.9655367570282,
      24.92797829488049
    ],
    "std": 1.6139184774963438
  },
  "radius_polar": {
    "best": 9.547144865974486,
    "index": 6,
    "integer": false,
    "label": "radius_polar",
    "mean": 7.468774616240329,
    "median": 8.05117456684088,
    "p68": [
      5.1478067281211635,
      9.616167269616286
    ],
    "p68_range": [
      5.1478067281211635,
      9.616167269616286
    ],
    "p95": [
      1.602560256780839,
      9.921976768837037
    ],
    "p95_range": [
      1.602560256780839,
      9.921976768837037
    ],
    "std": 2.3683959159083927
  },
  "scale": {
    "best": 10.904995658013785,
    "index": 7,
    "integer": false,
    "label": "scale",
    "mean": 20.30794132325889,
    "median": 17.53796579991133,
    "p68": [
      2.7452978274719455,
      42.752052205880865
    ],
    "p68_range": [
      2.7452978274719455,
      42.752052205880865
    ],
    "p95": [
      0.2591606435393026,
      55.98393198230407
    ],
    "p95_range": [
      0.2591606435393026,
      55.98393198230407
    ],
    "std": 17.1350293872699
  },
  "sld": {
    "best": 3.6461184218231573,
    "index": 8,
    "integer": false,
    "label": "sld",
    "mean": 2.3470404644584804,
    "median": 2.1612387368425487,
    "p68": [
      0.13903926419226817,
      4.638255974682082
    ],
    "p68_range": [
      0.13903926419226817,
      4.638255974682082
    ],
    "p95": [
      -0.6836725080495174,
      6.993972024687397
    ],
    "p95_range": [
      -0.6836725080495174,
      6.993972024687397
    ],
    "std": 2.108342402128293
  },
  "sld_solvent": {
    "best": 3.2013278522447934,
    "index": 9,
    "integer": false,
    "label": "sld_solvent",
    "mean": 2.202281875700099,
    "median": 2.14811759272845,
    "p68": [
      0.41067926464709237,
      3.9754653718694604
    ],
    "p68_range": [
      0.41067926464709237,
      3.9754653718694604
    ],
    "p95": [
      0.15436230986513874,
      4.866062770327234
    ],
    "p95_range": [
      0.15436230986513874,
      4.866062770327234
    ],
    "std": 1.501919745188475
  },
  "temperature": {
    "best": 89.36397808133776,
    "index": 10,
    "integer": false,
    "label": "temperature",
    "mean": 412.36450993976484,
    "median": 367.73717110792245,
    "p68": [
      62.78950313390219,
      806.4857806816169
    ],
    "p68_range": [
      62.78950313390219,
      806.4857806816169
    ],
    "p95": [
      2.0464751061928372,
      953.1581733034046
    ],
    "p95_range": [
      2.0464751061928372,
      953.1581733034046
    ],
    "std": 308.69751040323007
  },
  "volfraction": {
    "best": 0.009864118340854126,
    "index": 11,
    "integer": false,
    "label": "volfraction",
    "mean": 0.018239519081429456,
    "median": 0.010926292465426842,
    "p68": [
      0.002427415426131104,
      0.037550058520289135
    ],
    "p68_range": [
      0.002427415426131104,
      0.037550058520289135
    ],
    "p95": [
      0.00022404072287394257,
      0.07316802020390004
    ],
    "p95_range": [
      0.00022404072287394257,
      0.07316802020390004
    ],
    "std": 0.0193752058503921
  }
}