{
  "bulknsld": {
    "best": 1.0234887581302718e-05,
    "index": 1,
    "integer": false,
    "label": "bulknsld",
    "mean": 1.0194847947867439e-05,
    "median": 1.0212201933739727e-05,
    "p68": [
      1.0159111607224112e-05,
      1.0244864020814448e-05
    ],
    "p68_range": [
      1.0159111607224112e-05,
      1.0244864020814448e-05
    ],
    "p95": [
      9.978348871785307e-06,
      1.0266091036364585e-05
    ],
    "p95_range": [
      9.978348871785307e-06,
      1.0266091036364585e-05
    ],
    "std": 6.661818552468235e-08
  },
  "dq": {
    "best": 0.03230152614485642,
    "index": 2,
    "integer": false,
    "label": "dq",
    "mean": 0.030686454326717037,
    "median": 0.03130704665556514,
    "p68": [
      0.029675086218373354,
      0.03232819354631001
    ],
    "p68_range": [
      0.029675086218373354,
      0.03232819354631001
    ],
    "p95": [
      0.023168140014245647,
      0.03297814748381303
    ],
    "p95_range": [
      0.023168140014245647,
      0.03297814748381303
    ],
    "std": 0.0023923131232687885
  },
  "l_lipid": {
    "best": 12.957766598391169,
    "index": 3,
    "integer": false,
    "label": "l_lipid",
    "mean": 12.876149548626799,
    "median": 12.912711984091224,
    "p68": [
      12.82778569545467,
      12.957731591117915
    ],
    "p68_range": [
      12.82778569545467,
      12.957731591117915
    ],
    "p95": [
      12.520483729757723,
      12.977800911563207
    ],
    "p95_range": [
      12.520483729757723,
      12.977800911563207
    ],
    "std": 0.1174802940407176
  },
  "prefactor": {
    "best": 13350.959176170818,
    "index": 4,
    "integer": false,
    "label": "prefactor",
    "mean": 13495.963184728329,
    "median": 13435.646000826897,
    "p68": [
      13314.099917625894,
      13601.150322878406
    ],
    "p68_range": [
      13314.099917625894,
      13601.150322878406
    ],
    "p95": [
      13254.179693033055,
      14273.241009652182
    ],
    "p95_range": [
      13254.179693033055,
      14273.241009652182
    ],
    "std": 235.08881457805512
  },
  "sigma": {
    "best": 1.1208968497212468,
    "index": 5,
    "integer": false,
    "label": "sigma",
    "mean": 1.1191785444430318,
    "median": 1.1214122381321074,
    "p68": [
      1.0702799545790445,
      1.1749808274160198
    ],
    "p68_range": [
      1.0702799545790445,
      1.1749808274160198
    ],
    "p95": [
      0.9717793907328034,
      1.2067663210364836
    ],
    "p95_range": [
      0.9717793907328034,
      1.2067663210364836
    ],
    "std": 0.05499272429818825
  }
}