{
  "background_0": {
    "best": 1.0340584619888917e-06,
    "index": 1,
    "integer": false,
    "label": "background_0",
    "mean": 1.0369527044269738e-06,
    "median": 1.0379467967494734e-06,
    "p68": [
      1.0149796076009456e-06,
      1.0605099970900447e-06
    ],
    "p68_range": [
      1.0149796076009456e-06,
      1.0605099970900447e-06
    ],
    "p95": [
      9.847064375552763e-07,
      1.0826360841381714e-06
    ],
    "p95_range": [
      9.847064375552763e-07,
      1.0826360841381714e-06
    ],
    "std": 2.3351349773642446e-08
  },
  "background_1": {
    "best": 3.850708595660505e-06,
    "index": 17,
    "integer": false,
    "label": "background_1",
    "mean": 3.881769551672225e-06,
    "median": 3.882369385239573e-06,
    "p68": [
      3.810913392278972e-06,
      3.956810742513025e-06
    ],
    "p68_range": [
      3.810913392278972e-06,
      3.956810742513025e-06
    ],
    "p95": [
      3.71381901751133e-06,
      4.0236719640980505e-06
    ],
    "p95_range": [
      3.71381901751133e-06,
      4.0236719640980505e-06
    ],
    "std": 7.316855917959711e-08
  },
  "bilayer_roughness": {
    "best": 4.644889073514747,
    "index": 15,
    "integer": false,
    "label": "bilayer_roughness",
    "mean": 4.6378962981265275,
    "median": 4.64698285130247,
    "p68": [
      4.526846651582452,
      4.737415371149059
    ],
    "p68_range": [
      4.526846651582452,
      4.737415371149059
    ],
    "p95": [
      4.4250617897853255,
      4.850871015225083
    ],
    "p95_range": [
      4.4250617897853255,
      4.850871015225083
    ],
    "std": 0.10616657882580618
  },
  "inner_acyl_chain_thickness": {
    "best": 11.493664471246305,
    "index": 12,
    "integer": false,
    "label": "inner_acyl_chain_thickness",
    "mean": 11.53479559957856,
    "median": 11.545540417206386,
    "p68": [
      11.346537767679271,
      11.70188717395803
    ],
    "p68_range": [
      11.346537767679271,
      11.70188717395803
    ],
    "p95": [
      11.189961345262853,
      11.847876579614608
    ],
    "p95_range": [
      11.189961345262853,
      11.847876579614608
    ],
    "std": 0.168109006309877
  },
  "intensity": {
    "best": 1.0002270917855443,
    "index": 2,
    "integer": false,
    "label": "intensity",
    "mean": 0.9999901482264413,
    "median": 1.0000232971542247,
    "p68": [
      0.9992139897440425,
      1.0007663464506795
    ],
    "p68_range": [
      0.9992139897440425,
      1.0007663464506795
    ],
    "p95": [
      0.9986369253813498,
      1.0013336319626822
    ],
    "p95_range": [
      0.9986369253813498,
      1.0013336319626822
    ],
    "std": 0.0007107762870612499
  },
  "outer_acyl_chain_thickness": {
    "best": 13.410109849631198,
    "index": 13,
    "integer": false,
    "label": "outer_acyl_chain_thickness",
    "mean": 13.386262233497531,
    "median": 13.380030724736502,
    "p68": [
      13.204789374355588,
      13.571280670634229
    ],
    "p68_range": [
      13.204789374355588,
      13.571280670634229
    ],
    "p95": [
      13.072892417218725,
      13.78021244584092
    ],
    "p95_range": [
      13.072892417218725,
      13.78021244584092
    ],
    "std": 0.1758827715009636
  },
  "rho_siox": {
    "best": 3.5884884412100475,
    "index": 6,
    "integer": false,
    "label": "rho_siox",
    "mean": 3.632352749146635,
    "median": 3.645256833200473,
    "p68": [
      3.466068814700917,
      3.7843223139992213
    ],
    "p68_range": [
      3.466068814700917,
      3.7843223139992213
    ],
    "p95": [
      3.3020716648000668,
      3.9291142265444097
    ],
    "p95_range": [
      3.3020716648000668,
      3.9291142265444097
    ],
    "std": 0.1520244650692306
  },
  "rho_solv_0": {
    "best": 6.23011790758886,
    "index": 10,
    "integer": false,
    "label": "rho_solv_0",
    "mean": 6.222050346537057,
    "median": 6.221480262096959,
    "p68": [
      6.2023208858038865,
      6.241965435342989
    ],
    "p68_range": [
      6.2023208858038865,
      6.241965435342989
    ],
    "p95": [
      6.18763549966682,
      6.256603331879908
    ],
    "p95_range": [
      6.18763549966682,
      6.256603331879908
    ],
    "std": 0.019602107462941432
  },
  "rho_solv_1": {
    "best": -0.5641116164795439,
    "index": 18,
    "integer": false,
    "label": "rho_solv_1",
    "mean": -0.5616614847942053,
    "median": -0.560980849390038,
    "p68": [
      -0.575539011428199,
      -0.549335682398876
    ],
    "p68_range": [
      -0.575539011428199,
      -0.549335682398876
    ],
    "p95": [
      -0.5888319883144322,
      -0.5335950438548823
    ],
    "p95_range": [
      -0.5888319883144322,
      -0.5335950438548823
    ],
    "std": 0.01394550712248963
  },
  "rho_tiox": {
    "best": 9.012732562673055,
    "index": 8,
    "integer": false,
    "label": "rho_tiox",
    "mean": 9.006284613962718,
    "median": 9.006343625228162,
    "p68": [
      8.987361039942227,
      9.026016630986144
    ],
    "p68_range": [
      8.987361039942227,
      9.026016630986144
    ],
    "p95": [
      8.971317110767458,
      9.041849290231308
    ],
    "p95_range": [
      8.971317110767458,
      9.041849290231308
    ],
    "std": 0.01929523032833834
  },
  "sample_broadening": {
    "best": -9.821701791550213e-06,
    "index": 3,
    "integer": false,
    "label": "sample_broadening",
    "mean": -5.875978100818031e-05,
    "median": -7.045974333545841e-05,
    "p68": [
      -0.0003546734188259933,
      0.00023828914094041457
    ],
    "p68_range": [
      -0.0003546734188259933,
      0.00023828914094041457
    ],
    "p95": [
      -0.0005547841837707714,
      0.0004905710252335549
    ],
    "p95_range": [
      -0.0005547841837707714,
      0.0004905710252335549
    ],
    "std": 0.0002834675026157119
  },
  "siox_interface": {
    "best": 6.552273911963106,
    "index": 5,
    "integer": false,
    "label": "siox_interface",
    "mean": 6.5425783487276465,
    "median": 6.555268802852411,
    "p68": [
      6.330582094569569,
      6.760857058528582
    ],
    "p68_range": [
      6.330582094569569,
      6.760857058528582
    ],
    "p95": [
      6.061960060901338,
      7.063939681327832
    ],
    "p95_range": [
      6.061960060901338,
      7.063939681327832
    ],
    "std": 0.2346215930228485
  },
  "siox_thickness": {
    "best": 15.04753732238058,
    "index": 7,
    "integer": false,
    "label": "siox_thickness",
    "mean": 14.868941380218564,
    "median": 14.859834359345484,
    "p68": [
      14.53723741291266,
      15.18978472094295
    ],
    "p68_range": [
      14.53723741291266,
      15.18978472094295
    ],
    "p95": [
      14.258309763541961,
      15.472751669594006
    ],
    "p95_range": [
      14.258309763541961,
      15.472751669594006
    ],
    "std": 0.31514151363535525
  },
  "submembrane_thickness": {
    "best": 13.940279109229358,
    "index": 14,
    "integer": false,
    "label": "submembrane_thickness",
    "mean": 13.947591806219283,
    "median": 13.94761922616959,
    "p68": [
      13.87221494103459,
      14.018828485498435
    ],
    "p68_range": [
      13.87221494103459,
      14.018828485498435
    ],
    "p95": [
      13.804294286122964,
      14.092474026155216
    ],
    "p95_range": [
      13.804294286122964,
      14.092474026155216
    ],
    "std": 0.07148421596550075
  },
  "theta_offset": {
    "best": 0.000556620558093952,
    "index": 4,
    "integer": false,
    "label": "theta_offset",
    "mean": 0.00022450623498477382,
    "median": 0.00020026186342197473,
    "p68": [
      -0.0005674911867600039,
      0.00101978041878957
    ],
    "p68_range": [
      -0.0005674911867600039,
      0.00101978041878957
    ],
    "p95": [
      -0.0011366707747707538,
      0.0016014087453276394
    ],
    "p95_range": [
      -0.0011366707747707538,
      0.0016014087453276394
    ],
    "std": 0.0007779272303639347
  },
  "tiox_roughness": {
    "best": 6.781308186178093,