{
  "background_0": {
    "best": -8.996349895688228,
    "index": 10,
    "integer": false,
    "label": "background_0",
    "mean": -8.229893395778891,
    "median": -8.247706092037383,
    "p68": [
      -8.784503736043018,
      -7.705336098910316
    ],
    "p68_range": [
      -8.784503736043018,
      -7.705336098910316
    ],
    "p95": [
      -8.968503943994692,
      -7.277762738869416
    ],
    "p95_range": [
      -8.968503943994692,
      -7.277762738869416
    ],
    "std": 0.4779531785397845
  },
  "global_rough": {
    "best": 2.2225104272227134,
    "index": 8,
    "integer": false,
    "label": "global_rough",
    "mean": 3.045047103701094,
    "median": 2.931997516388374,
    "p68": [
      2.2757439736436837,
      3.858288102833196
    ],
    "p68_range": [
      2.2757439736436837,
      3.858288102833196
    ],
    "p95": [
      2.0487872965455325,
      4.677551881757655
    ],
    "p95_range": [
      2.0487872965455325,
      4.677551881757655
    ],
    "std": 0.7236944834788516
  },
  "l_lipid1": {
    "best": 12.256824927441896,
    "index": 4,
    "integer": false,
    "label": "l_lipid1",
    "mean": 11.946887144678504,
    "median": 11.907581272060272,
    "p68": [
      10.658910777478331,
      13.219351515813585
    ],
    "p68_range": [
      10.658910777478331,
      13.219351515813585
    ],
    "p95": [
      10.12143931066087,
      13.865598950313355
    ],
    "p95_range": [
      10.12143931066087,
      13.865598950313355
    ],
    "std": 1.1181107549314662
  },
  "l_lipid2": {
    "best": 11.811365569476022,
    "index": 5,
    "integer": false,
    "label": "l_lipid2",
    "mean": 12.153455491451956,
    "median": 12.161640025284694,
    "p68": [
      10.855357187967213,
      13.465697555261887
    ],
    "p68_range": [
      10.855357187967213,
      13.465697555261887
    ],
    "p95": [
      10.125971364484744,
      14.082480085238998
    ],
    "p95_range": [
      10.125971364484744,
      14.082480085238998
    ],
    "std": 1.1614109645864497
  },
  "l_siox": {
    "best": 19.388606845592335,
    "index": 1,
    "integer": false,
    "label": "l_siox",
    "mean": 15.995681821815165,
    "median": 16.37015219420359,
    "p68": [
      13.32054402941904,
      18.274642275174227
    ],
    "p68_range": [
      13.32054402941904,
      18.274642275174227
    ],
    "p95": [
      10.70721773851111,
      19.339510978641076
    ],
    "p95_range": [
      10.70721773851111,
      19.339510978641076
    ],
    "std": 2.2799947522232755
  },
  "l_submembrane": {
    "best": 1.0811472334240124,
    "index": 3,
    "integer": false,
    "label": "l_submembrane",
    "mean": 3.7228160117954965,
    "median": 3.4318649763909366,
    "p68": [
      1.4505881792441782,
      5.8736744053970025
    ],
    "p68_range": [
      1.4505881792441782,
      5.8736744053970025
    ],
    "p95": [
      1.036294745756783,
      8.485325640151952
    ],
    "p95_range": [
      1.036294745756783,
      8.485325640151952
    ],
    "std": 2.1237390238850518
  },
  "rho_siox": {
    "best": 3.5996503791443644,
    "index": 2,
    "integer": false,
    "label": "rho_siox",
    "mean": 3.6111777605257434,
    "median": 3.611697440609333,
    "p68": [
      3.499567216466991,
      3.7385885389696036
    ],
    "p68_range": [
      3.499567216466991,
      3.7385885389696036
    ],
    "p95": [
      3.3033894349059256,
      3.7896611868567684
    ],
    "p95_range": [
      3.3033894349059256,
      3.7896611868567684
    ],
    "std": 0.11872491421992487
  },
  "rho_solv_0": {
    "best": 4.497602269382025,
    "index": 7,
    "integer": false,
    "label": "rho_solv_0",
    "mean": 4.497874600377198,
    "median": 4.497828706601166,
    "p68": [
      4.496474345898007,
      4.499304374222145
    ],
    "p68_range": [
      4.496474345898007,
      4.499304374222145
    ],
    "p95": [
      4.495153757587672,
      4.500461655493063
    ],
    "p95_range": [
      4.495153757587672,
      4.500461655493063
    ],
    "std": 0.0013484850520223673
  },
  "sigma": {
    "best": 2.280863774078952,
    "index": 9,
    "integer": false,
    "label": "sigma",
    "mean": 3.567045935873854,
    "median": 3.629440647745634,
    "p68": [
      2.717408970032171,
      4.266227934551697
    ],
    "p68_range": [
      2.717408970032171,
      4.266227934551697
    ],
    "p95": [
      2.1147430328026924,
      4.845944872627417
    ],
    "p95_range": [
      2.1147430328026924,
      4.845944872627417
    ],
    "std": 0.7178827972156717
  },
  "vf_bilayer": {
    "best": 0.9544445117266223,
    "index": 6,
    "integer": false,
    "label": "vf_bilayer",
    "mean": 0.9738321390461044,
    "median": 0.9758641330458215,
    "p68": [
      0.9553675997613426,
      0.9919251776782823
    ],
    "p68_range": [
      0.9553675997613426,
      0.9919251776782823
    ],
    "p95": [
      0.9433279754231444,
      0.9992519220939898
    ],
    "p95_range": [
      0.9433279754231444,
      0.9992519220939898
    ],
    "std": 0.016006565560629422
  }
}