{
  "background_0": {
    "best": -8.573590348899945,
    "index": 10,
    "integer": false,
    "label": "background_0",
    "mean": -8.04460691584008,
    "median": -8.084145022896367,
    "p68": [
      -8.683394093960748,
      -7.4055475213556665
    ],
    "p68_range": [
      -8.683394093960748,
      -7.4055475213556665
    ],
    "p95": [
      -8.956114097047607,
      -7.043894489631926
    ],
    "p95_range": [
      -8.956114097047607,
      -7.043894489631926
    ],
    "std": 0.5588628887950805
  },
  "global_rough": {
    "best": 3.1375675942363177,
    "index": 8,
    "integer": false,
    "label": "global_rough",
    "mean": 3.3457380227340106,
    "median": 3.352543682494173,
    "p68": [
      2.4023539010226957,
      4.2436108964148485
    ],
    "p68_range": [
      2.4023539010226957,
      4.2436108964148485
    ],
    "p95": [
      2.0957244381869056,
      4.799211049713472
    ],
    "p95_range": [
      2.0957244381869056,
      4.799211049713472
    ],
    "std": 0.7898803413227108
  },
  "l_lipid1": {
    "best": 12.016962602363785,
    "index": 4,
    "integer": false,
    "label": "l_lipid1",
    "mean": 12.31816859271737,
    "median": 12.4257834626628,
    "p68": [
      10.647242448895474,
      13.849001169796253
    ],
    "p68_range": [
      10.647242448895474,
      13.849001169796253
    ],
    "p95": [
      10.062567975666411,
      14.658524314558848
    ],
    "p95_range": [
      10.062567975666411,
      14.658524314558848
    ],
    "std": 1.363774973058331
  },
  "l_lipid2": {
    "best": 11.451521364820403,
    "index": 5,
    "integer": false,
    "label": "l_lipid2",
    "mean": 11.863548753158861,
    "median": 11.690817635879895,
    "p68": [
      10.505166003438235,
      13.30006896363016
    ],
    "p68_range": [
      10.505166003438235,
      13.30006896363016
    ],
    "p95": [
      10.04739131343248,
      14.199402479712512
    ],
    "p95_range": [
      10.04739131343248,
      14.199402479712512
    ],
    "std": 1.2169882141540571
  },
  "l_siox": {
    "best": 18.551856793041015,
    "index": 1,
    "integer": false,
    "label": "l_siox",
    "mean": 18.11369637842913,
    "median": 18.246239660998707,
    "p68": [
      16.550952601892767,
      19.432720965445846
    ],
    "p68_range": [
      16.550952601892767,
      19.432720965445846
    ],
    "p95": [
      15.423590686949563,
      20.474775941638903
    ],
    "p95_range": [
      15.423590686949563,
      20.474775941638903
    ],
    "std": 1.341766476823556
  },
  "l_submembrane": {
    "best": 2.3726449672120755,
    "index": 3,
    "integer": false,
    "label": "l_submembrane",
    "mean": 2.198187865962195,
    "median": 2.0941412912218667,
    "p68": [
      1.324692816621252,
      2.981058413962157
    ],
    "p68_range": [
      1.324692816621252,
      2.981058413962157
    ],
    "p95": [
      1.0616075106741563,
      4.1371094234120624
    ],
    "p95_range": [
      1.0616075106741563,
      4.1371094234120624
    ],
    "std": 0.8100573558708478
  },
  "rho_siox": {
    "best": 3.5505805432654562,
    "index": 2,
    "integer": false,
    "label": "rho_siox",
    "mean": 3.593474190647806,
    "median": 3.580692896709692,
    "p68": [
      3.478018064680773,
      3.7328164610304038
    ],
    "p68_range": [
      3.478018064680773,
      3.7328164610304038
    ],
    "p95": [
      3.393963910057412,
      3.7928750282864927
    ],
    "p95_range": [
      3.393963910057412,
      3.7928750282864927
    ],
    "std": 0.11354101114224435
  },
  "rho_solv_0": {
    "best": 1.990068192394893,
    "index": 7,
    "integer": false,
    "label": "rho_solv_0",
    "mean": 1.9979500681235864,
    "median": 2.002785312056274,
    "p68": [
      1.953375146668554,
      2.0417628102784264
    ],
    "p68_range": [
      1.953375146668554,
      2.0417628102784264
    ],
    "p95": [
      1.910317705225301,
      2.0584322247638327
    ],
    "p95_range": [
      1.910317705225301,
      2.0584322247638327
    ],
    "std": 0.0403942854220362
  },
  "sigma": {
    "best": 3.667695839378534,
    "index": 9,
    "integer": false,
    "label": "sigma",
    "mean": 2.943414072480465,
    "median": 2.865467792582306,
    "p68": [
      2.254381338751839,
      3.6300674061819964
    ],
    "p68_range": [
      2.254381338751839,
      3.6300674061819964
    ],
    "p95": [
      2.0239595591433295,
      4.380724506434856
    ],
    "p95_range": [
      2.0239595591433295,
      4.380724506434856
    ],
    "std": 0.639838677926446
  },
  "vf_bilayer": {
    "best": 0.998341149376971,
    "index": 6,
    "integer": false,
    "label": "vf_bilayer",
    "mean": 0.9612034093590323,
    "median": 0.9640323061381453,
    "p68": [
      0.9351617628632047,
      0.9894460852952427
    ],
    "p68_range": [
      0.9351617628632047,
      0.9894460852952427
    ],
    "p95": [
      0.9060126028643719,
      0.998076737533541
    ],
    "p95_range": [
      0.9060126028643719,
      0.998076737533541
    ],
    "std": 0.025025234547828904
  }
}