{
  "bulksld": {
    "best": 9.373977118795897e-06,
    "index": 1,
    "integer": false,
    "label": "bulksld",
    "mean": 9.408242188703361e-06,
    "median": 9.410949816614485e-06,
    "p68": [
      9.405402727789131e-06,
      9.411393985369731e-06
    ],
    "p68_range": [
      9.405402727789131e-06,
      9.411393985369731e-06
    ],
    "p95": [
      9.386861375427091e-06,
      9.412303849081567e-06
    ],
    "p95_range": [
      9.386861375427091e-06,
      9.412303849081567e-06
    ],
    "std": 6.877163922476882e-09
  },
  "hg1_thickness": {
    "best": 10.093226995605674,
    "index": 2,
    "integer": false,
    "label": "hg1_thickness",
    "mean": 9.65926480307289,
    "median": 9.650262653287607,
    "p68": [
      9.649500494822966,
      9.660102814862825
    ],
    "p68_range": [
      9.649500494822966,
      9.660102814862825
    ],
    "p95": [
      9.639923358367485,
      9.735959319880402
    ],
    "p95_range": [
      9.639923358367485,
      9.735959319880402
    ],
    "std": 0.037565107953656064
  },
  "l_cg": {
    "best": 4.223463227964403,
    "index": 3,
    "integer": false,
    "label": "l_cg",
    "mean": 4.209926969696039,
    "median": 4.2099626263842564,
    "p68": [
      4.207552081061044,
      4.211267587888261
    ],
    "p68_range": [
      4.207552081061044,
      4.211267587888261
    ],
    "p95": [
      4.196767063769392,
      4.229598743407205
    ],
    "p95_range": [
      4.196767063769392,
      4.229598743407205
    ],
    "std": 0.009798990303945994
  },
  "l_choline": {
    "best": 6.481519009802528,
    "index": 4,
    "integer": false,
    "label": "l_choline",
    "mean": 6.343028171078297,
    "median": 6.34001971974031,
    "p68": [
      6.337804088434601,
      6.345252973868496
    ],
    "p68_range": [
      6.337804088434601,
      6.345252973868496
    ],
    "p95": [
      6.323518562393051,
      6.389629347449394
    ],
    "p95_range": [
      6.323518562393051,
      6.389629347449394
    ],
    "std": 0.01686347817840576
  },
  "l_lipid": {
    "best": 11.074143734736536,
    "index": 5,
    "integer": false,
    "label": "l_lipid",
    "mean": 11.001703649327117,
    "median": 11.000134076507816,
    "p68": [
      10.999660219890798,
      11.002950642741112
    ],
    "p68_range": [
      10.999660219890798,
      11.002950642741112
    ],
    "p95": [
      10.994148160502137,
      11.01804889219561
    ],
    "p95_range": [
      10.994148160502137,
      11.01804889219561
    ],
    "std": 0.008407936142071885
  },
  "l_phosphate": {
    "best": 3.9476751064137674,
    "index": 6,
    "integer": false,
    "label": "l_phosphate",
    "mean": 3.8606816784045512,
    "median": 3.8599948905867763,
    "p68": [
      3.8578827414892873,
      3.862948148116845
    ],
    "p68_range": [
      3.8578827414892873,
      3.862948148116845
    ],
    "p95": [
      3.8377131922789576,
      3.8880199429580484
    ],
    "p95_range": [
      3.8377131922789576,
      3.8880199429580484
    ],
    "std": 0.012932697807680287
  },
  "methyl_sigma": {
    "best": 0.06698103042509716,
    "index": 7,
    "integer": false,
    "label": "methyl_sigma",
    "mean": 0.10029241046696796,
    "median": 0.1000087685605988,
    "p68": [
      0.09925553690162214,
      0.10091592964526058
    ],
    "p68_range": [
      0.09925553690162214,
      0.10091592964526058
    ],
    "p95": [
      0.09151478709128555,
      0.11003131926689803
    ],
    "p95_range": [
      0.09151478709128555,
      0.11003131926689803
    ],
    "std": 0.007115112835017084
  },
  "rel_pos": {
    "best": 0.4987847596748883,
    "index": 8,
    "integer": false,
    "label": "rel_pos",
    "mean": 0.5001053591955096,
    "median": 0.5000124446658011,
    "p68": [
      0.49993002102499945,
      0.5003039225261057
    ],
    "p68_range": [
      0.49993002102499945,
      0.5003039225261057
    ],
    "p95": [
      0.4989474813672554,
      0.5016428001282666
    ],
    "p95_range": [
      0.4989474813672554,
      0.5016428001282666
    ],
    "std": 0.000998466307891748
  },
  "sigma": {
    "best": 1.9642463015313205,
    "index": 9,
    "integer": false,
    "label": "sigma",
    "mean": 2.000074941276555,
    "median": 2.0000117343438664,
    "p68": [
      1.9996378607565124,
      2.0008354930575836
    ],
    "p68_range": [
      1.9996378607565124,
      2.0008354930575836
    ],
    "p95": [
      1.9956142776814672,
      2.0063589985211396
    ],
    "p95_range": [
      1.9956142776814672,
      2.0063589985211396
    ],
    "std": 0.0039807693879631125
  },
  "v_cg": {
    "best": 147.27154672873996,
    "index": 10,
    "integer": false,
    "label": "v_cg",
    "mean": 147.00145286992216,
    "median": 147.00086966726096,
    "p68": [
      146.97951428993733,
      147.0219969369462
    ],
    "p68_range": [
      146.97951428993733,
      147.0219969369462
    ],
    "p95": [
      146.87473221722146,
      147.1453603886441
    ],
    "p95_range": [
      146.87473221722146,
      147.1453603886441
    ],
    "std": 0.06352665984022224
  },
  "v_choline": {
    "best": 120.02720746605101,
    "index": 11,
    "integer": false,
    "label": "v_choline",
    "mean": 119.99321623986692,
    "median": 119.99922954159624,
    "p68": [
      119.97458609533786,
      120.00693985469684
    ],
    "p68_range": [
      119.97458609533786,
      120.00693985469684
    ],
    "p95": [
      119.84823924028971,
      120.10845749569329
    ],
    "p95_range": [
      119.84823924028971,
      120.10845749569329
    ],
    "std": 0.08028482654018675
  },
  "v_phosphate": {
    "best": 54.60548317536686,
    "index": 12,
    "integer": false,
    "label": "v_phosphate",
    "mean": 54.01143210420016,
    "median": 54.00023710810173,
    "p68": [
      53.98898725348627,
      54.0204106467254
    ],
    "p68_range": [
      53.98898725348627,
      54.0204106467254
    ],
    "p95": [
      53.853290388547265,
      54.286228112425874
    ],
    "p95_range": [
      53.853290388547265,
      54.286228112425874
    ],
    "std": 0.09868142441704762
  },
  "va1": {
    "best": 984.6733783895309,
    "index": 13,
    "integer": false,
    "label": "va1",
    "mean": 985.5945852124305,
    "median": 985.5991265752483,
    "p68": [
      985.5025513760115,
      985.6926947130166
    ],
    "p68_range": [
      985.5025513760115,
      985.6926947130166
    ],
    "p95": [
      984.7285586253043,
      986.4235605956763
    ],
    "p95_range": [
      984.7285586253043,
      986.4235605956763
    ],
    "std": 0.36412716204784584
  },
  "vm1": {
    "best": 100.01833687096905,
    "index": 14,
    "integer": false,
    "label": "vm1",
    "mean": 100.39660179235413,
    "median": 100.39990045223193,
    "p68": [
      100.37212387343975,
      100.42390450780638
    ],
    "p68_range": [
      100.37212387343975,
      100.42390450780638
    ],
    "p95": [
      100.15242580590782,
      100.58115935681327
    ],
    "p95_range": [
      100.15242580590782,
      100.58115935681327
    ],
    "std": 0.11310242114577065
  }
}