{
  "bulksld": {
    "best": 9.40134276841994e-06,
    "index": 1,
    "integer": false,
    "label": "bulksld",
    "mean": 9.409339209393517e-06,
    "median": 9.41114758627226e-06,
    "p68": [
      9.407176516690206e-06,
      9.411414476391046e-06
    ],
    "p68_range": [
      9.407176516690206e-06,
      9.411414476391046e-06
    ],
    "p95": [
      9.394586379188471e-06,
      9.41474799629648e-06
    ],
    "p95_range": [
      9.394586379188471e-06,
      9.41474799629648e-06
    ],
    "std": 5.5017078071315126e-09
  },
  "hg1_thickness": {
    "best": 9.612424623443374,
    "index": 2,
    "integer": false,
    "label": "hg1_thickness",
    "mean": 9.65076484103973,
    "median": 9.650113456365606,
    "p68": [
      9.648800146149375,
      9.652792607530612
    ],
    "p68_range": [
      9.648800146149375,
      9.652792607530612
    ],
    "p95": [
      9.634438641882896,
      9.669337692081793
    ],
    "p95_range": [
      9.634438641882896,
      9.669337692081793
    ],
    "std": 0.010512072500410745
  },
  "l_cg": {
    "best": 4.218702077240694,
    "index": 3,
    "integer": false,
    "label": "l_cg",
    "mean": 4.210498655970605,
    "median": 4.210028895647754,
    "p68": [
      4.209234820806438,
      4.212047042743528
    ],
    "p68_range": [
      4.209234820806438,
      4.212047042743528
    ],
    "p95": [
      4.202058127972177,
      4.220410502053824
    ],
    "p95_range": [
      4.202058127972177,
      4.220410502053824
    ],
    "std": 0.0045960267260124294
  },
  "l_choline": {
    "best": 6.352637520260839,
    "index": 4,
    "integer": false,
    "label": "l_choline",
    "mean": 6.3403053704623344,
    "median": 6.339967281593999,
    "p68": [
      6.337878024712589,
      6.342088502461017
    ],
    "p68_range": [
      6.337878024712589,
      6.342088502461017
    ],
    "p95": [
      6.3300278806948675,
      6.356487616849535
    ],
    "p95_range": [
      6.3300278806948675,
      6.356487616849535
    ],
    "std": 0.006109277645601097
  },
  "l_lipid": {
    "best": 11.264883319997672,
    "index": 5,
    "integer": false,
    "label": "l_lipid",
    "mean": 11.013419521143607,
    "median": 11.001006624119903,
    "p68": [
      11.000015110032294,
      11.028933659008784
    ],
    "p68_range": [
      11.000015110032294,
      11.028933659008784
    ],
    "p95": [
      10.998381894813836,
      11.097080184738099
    ],
    "p95_range": [
      10.998381894813836,
      11.097080184738099
    ],
    "std": 0.028260579329370608
  },
  "l_phosphate": {
    "best": 3.6812252988460794,
    "index": 6,
    "integer": false,
    "label": "l_phosphate",
    "mean": 3.859338695556561,
    "median": 3.8600166457360925,
    "p68": [
      3.8552422020597743,
      3.8654154385545896
    ],
    "p68_range": [
      3.8552422020597743,
      3.8654154385545896
    ],
    "p95": [
      3.8029894278065286,
      3.918237318582237
    ],
    "p95_range": [
      3.8029894278065286,
      3.918237318582237
    ],
    "std": 0.030426301639010344
  },
  "methyl_sigma": {
    "best": 0.18577977659448286,
    "index": 7,
    "integer": false,
    "label": "methyl_sigma",
    "mean": 0.10178896890363906,
    "median": 0.10000832013544894,
    "p68": [
      0.09791913843808041,
      0.10460748989174959
    ],
    "p68_range": [
      0.09791913843808041,
      0.10460748989174959
    ],
    "p95": [
      0.07139194642890079,
      0.1476807590023177
    ],
    "p95_range": [
      0.07139194642890079,
      0.1476807590023177
    ],
    "std": 0.018775828598063052
  },
  "rel_pos": {
    "best": 0.4982741904226067,
    "index": 8,
    "integer": false,
    "label": "rel_pos",
    "mean": 0.5000840781916615,
    "median": 0.5000096800473481,
    "p68": [
      0.4998933360240215,
      0.5003362824394789
    ],
    "p68_range": [
      0.4998933360240215,
      0.5003362824394789
    ],
    "p95": [
      0.4988585177287324,
      0.5014833119289627
    ],
    "p95_range": [
      0.4988585177287324,
      0.5014833119289627
    ],
    "std": 0.0006376379497536138
  },
  "sigma": {
    "best": 2.013609199702829,
    "index": 9,
    "integer": false,
    "label": "sigma",
    "mean": 2.0002477518064565,
    "median": 2.0000074160675263,
    "p68": [
      1.9997168917000097,
      2.0006401381714025
    ],
    "p68_range": [
      1.9997168917000097,
      2.0006401381714025
    ],
    "p95": [
      1.9980842315052807,
      2.0043688733166025
    ],
    "p95_range": [
      1.9980842315052807,
      2.0043688733166025
    ],
    "std": 0.0014867645918616125
  },
  "v_cg": {
    "best": 147.16773665986858,
    "index": 10,
    "integer": false,
    "label": "v_cg",
    "mean": 147.00355176923904,
    "median": 147.00078367086329,
    "p68": [
      146.9873681364694,
      147.01696703196407
    ],
    "p68_range": [
      146.9873681364694,
      147.01696703196407
    ],
    "p95": [
      146.89767621845488,
      147.14216274775706
    ],
    "p95_range": [
      146.89767621845488,
      147.14216274775706
    ],
    "std": 0.06074805261770624
  },
  "v_choline": {
    "best": 120.18292677475822,
    "index": 11,
    "integer": false,
    "label": "v_choline",
    "mean": 120.00025897694242,
    "median": 120.0000309211266,
    "p68": [
      119.99263799740397,
      120.00886430909694
    ],
    "p68_range": [
      119.99263799740397,
      120.00886430909694
    ],
    "p95": [
      119.92527724855661,
      120.05448453225753
    ],
    "p95_range": [
      119.92527724855661,
      120.05448453225753
    ],
    "std": 0.02854603551914848
  },
  "v_phosphate": {
    "best": 53.965369870455376,
    "index": 12,
    "integer": false,
    "label": "v_phosphate",
    "mean": 54.00239740068207,
    "median": 53.99996717331934,
    "p68": [
      53.992326127357416,
      54.013453430286006
    ],
    "p68_range": [
      53.992326127357416,
      54.013453430286006
    ],
    "p95": [
      53.94170421310401,
      54.09168685135454
    ],
    "p95_range": [
      53.94170421310401,
      54.09168685135454
    ],
    "std": 0.041160624851858445
  },
  "va1": {
    "best": 985.5435682282937,
    "index": 13,
    "integer": false,
    "label": "va1",
    "mean": 985.574794653514,
    "median": 985.5986381083974,
    "p68": [
      985.5067412117371,
      985.6641621396794
    ],
    "p68_range": [
      985.5067412117371,
      985.6641621396794
    ],
    "p95": [
      984.8935476690356,
      985.9443396602655
    ],
    "p95_range": [
      984.8935476690356,
      985.9443396602655
    ],
    "std": 0.23472751563995656
  },
  "vm1": {
    "best": 101.22149731467276,
    "index": 14,
    "integer": false,
    "label": "vm1",
    "mean": 100.4064760650089,
    "median": 100.40001256214597,
    "p68": [
      100.39179639297387,
      100.41510729700421
    ],
    "p68_range": [
      100.39179639297387,
      100.41510729700421
    ],
    "p95": [
      100.34505491218066,
      100.53274684874378
    ],
    "p95_range": [
      100.34505491218066,
      100.53274684874378
    ],
    "std": 0.05719554538664978
  }
}