{
  "bulksld": {
    "best": 9.405324253246485e-06,
    "index": 1,
    "integer": false,
    "label": "bulksld",
    "mean": 9.410253441372974e-06,
    "median": 9.410971657131024e-06,
    "p68": [
      9.408839712669794e-06,
      9.411379130944175e-06
    ],
    "p68_range": [
      9.408839712669794e-06,
      9.411379130944175e-06
    ],
    "p95": [
      9.404206075481424e-06,
      9.412375066123706e-06
    ],
    "p95_range": [
      9.404206075481424e-06,
      9.412375066123706e-06
    ],
    "std": 2.1696311741110886e-09
  },
  "hg1_thickness": {
    "best": 10.224588097975543,
    "index": 2,
    "integer": false,
    "label": "hg1_thickness",
    "mean": 9.661299118994222,
    "median": 9.65009446208759,
    "p68": [
      9.648842125013667,
      9.659266578334705
    ],
    "p68_range": [
      9.648842125013667,
      9.659266578334705
    ],
    "p95": [
      9.638585916368294,
      9.789561553346031
    ],
    "p95_range": [
      9.638585916368294,
      9.789561553346031
    ],
    "std": 0.042826933396955855
  },
  "l_cg": {
    "best": 4.212127500916392,
    "index": 3,
    "integer": false,
    "label": "l_cg",
    "mean": 4.210292958277672,
    "median": 4.210044127892786,
    "p68": [
      4.20941771182137,
      4.211806216422067
    ],
    "p68_range": [
      4.20941771182137,
      4.211806216422067
    ],
    "p95": [
      4.203222723706034,
      4.2183274402079265
    ],
    "p95_range": [
      4.203222723706034,
      4.2183274402079265
    ],
    "std": 0.004187950283772327
  },
  "l_choline": {
    "best": 6.323131192265629,
    "index": 4,
    "integer": false,
    "label": "l_choline",
    "mean": 6.3391807508255456,
    "median": 6.339956772969257,
    "p68": [
      6.338056705080834,
      6.340744965632258
    ],
    "p68_range": [
      6.338056705080834,
      6.340744965632258
    ],
    "p95": [
      6.325647424448948,
      6.346194574056658
    ],
    "p95_range": [
      6.325647424448948,
      6.346194574056658
    ],
    "std": 0.005343897159037506
  },
  "l_lipid": {
    "best": 11.021719495988911,
    "index": 5,
    "integer": false,
    "label": "l_lipid",
    "mean": 11.00158480083161,
    "median": 11.000254486681992,
    "p68": [
      10.999942986423918,
      11.003190575693287
    ],
    "p68_range": [
      10.999942986423918,
      11.003190575693287
    ],
    "p95": [
      10.996143397203662,
      11.01557655546816
    ],
    "p95_range": [
      10.996143397203662,
      11.01557655546816
    ],
    "std": 0.0062248283492071415
  },
  "l_phosphate": {
    "best": 3.8488731538460907,
    "index": 6,
    "integer": false,
    "label": "l_phosphate",
    "mean": 3.859932844096562,
    "median": 3.8599994474641584,
    "p68": [
      3.8592762624011603,
      3.860535899007399
    ],
    "p68_range": [
      3.8592762624011603,
      3.860535899007399
    ],
    "p95": [
      3.8536320656209853,
      3.865344545035725
    ],
    "p95_range": [
      3.8536320656209853,
      3.865344545035725
    ],
    "std": 0.0033317164058053856
  },
  "methyl_sigma": {
    "best": 0.09954557782148549,
    "index": 7,
    "integer": false,
    "label": "methyl_sigma",
    "mean": 0.0999747107489483,
    "median": 0.10000273551078667,
    "p68": [
      0.0994947187297246,
      0.10057651966201038
    ],
    "p68_range": [
      0.0994947187297246,
      0.10057651966201038
    ],
    "p95": [
      0.09496978022601119,
      0.10481973685657668
    ],
    "p95_range": [
      0.09496978022601119,
      0.10481973685657668
    ],
    "std": 0.0027406745849142093
  },
  "rel_pos": {
    "best": 0.4993499791636259,
    "index": 8,
    "integer": false,
    "label": "rel_pos",
    "mean": 0.5000712865421065,
    "median": 0.5000164773099709,
    "p68": [
      0.4999817196212722,
      0.5002046348966387
    ],
    "p68_range": [
      0.4999817196212722,
      0.5002046348966387
    ],
    "p95": [
      0.4988287923622382,
      0.5013219158722421
    ],
    "p95_range": [
      0.4988287923622382,
      0.5013219158722421
    ],
    "std": 0.0007213812736549647
  },
  "sigma": {
    "best": 2.0118248247373907,
    "index": 9,
    "integer": false,
    "label": "sigma",
    "mean": 2.0000931509016793,
    "median": 2.0000124439809057,
    "p68": [
      1.999831103054045,
      2.0005335152297694
    ],
    "p68_range": [
      1.999831103054045,
      2.0005335152297694
    ],
    "p95": [
      1.9931824203040447,
      2.0059956039837425
    ],
    "p95_range": [
      1.9931824203040447,
      2.0059956039837425
    ],
    "std": 0.0035410110724983577
  },
  "v_cg": {
    "best": 146.73527233257903,
    "index": 10,
    "integer": false,
    "label": "v_cg",
    "mean": 146.99636968259378,
    "median": 146.99993847185397,
    "p68": [
      146.98741632916366,
      147.01175406598492
    ],
    "p68_range": [
      146.98741632916366,
      147.01175406598492
    ],
    "p95": [
      146.8692347732419,
      147.0708943194867
    ],
    "p95_range": [
      146.8692347732419,
      147.0708943194867
    ],
    "std": 0.047863390396739015
  },
  "v_choline": {
    "best": 119.88731672401497,
    "index": 11,
    "integer": false,
    "label": "v_choline",
    "mean": 119.99335102739506,
    "median": 119.99921792234903,
    "p68": [
      119.97900040009053,
      120.00356788509471
    ],
    "p68_range": [
      119.97900040009053,
      120.00356788509471
    ],
    "p95": [
      119.92052621729407,
      120.06251026334522
    ],
    "p95_range": [
      119.92052621729407,
      120.06251026334522
    ],
    "std": 0.038827347406876
  },
  "v_phosphate": {
    "best": 54.123360238678764,
    "index": 12,
    "integer": false,
    "label": "v_phosphate",
    "mean": 53.99846453418567,
    "median": 53.999757189876604,
    "p68": [
      53.99009456970817,
      54.00609829337192
    ],
    "p68_range": [
      53.99009456970817,
      54.00609829337192
    ],
    "p95": [
      53.94907328799144,
      54.05235681981525
    ],
    "p95_range": [
      53.94907328799144,
      54.05235681981525
    ],
    "std": 0.028054593798035116
  },
  "va1": {
    "best": 987.3772383916394,
    "index": 13,
    "integer": false,
    "label": "va1",
    "mean": 985.6152793799175,
    "median": 985.6021037650911,
    "p68": [
      985.558561606473,
      985.6630602641613
    ],
    "p68_range": [
      985.558561606473,
      985.6630602641613
    ],
    "p95": [
      985.3205113441724,
      986.0214584394944
    ],
    "p95_range": [
      985.3205113441724,
      986.0214584394944
    ],
    "std": 0.1815760494204907
  },
  "vm1": {
    "best": 99.3039927597529,
    "index": 14,
    "integer": false,
    "label": "vm1",
    "mean": 100.4058700796284,
    "median": 100.4002207667589,
    "p68": [
      100.3910408118159,
      100.42506628898715
    ],
    "p68_range": [
      100.3910408118159,
      100.42506628898715
    ],
    "p95": [
      100.27318163727087,
      100.61942409008498
    ],
    "p95_range": [
      100.27318163727087,
      100.61942409008498
    ],
    "std": 0.0982994412534786
  }
}