{
  "bulksld": {
    "best": 9.409698751609465e-06,
    "index": 1,
    "integer": false,
    "label": "bulksld",
    "mean": 9.407353697421828e-06,
    "median": 9.410304596003376e-06,
    "p68": [
      9.403331577995063e-06,
      9.411349086021598e-06
    ],
    "p68_range": [
      9.403331577995063e-06,
      9.411349086021598e-06
    ],
    "p95": [
      9.384324022207327e-06,
      9.412071897013387e-06
    ],
    "p95_range": [
      9.384324022207327e-06,
      9.412071897013387e-06
    ],
    "std": 7.410358416072796e-09
  },
  "hg1_thickness": {
    "best": 10.416396878419148,
    "index": 2,
    "integer": false,
    "label": "hg1_thickness",
    "mean": 9.663247854913148,
    "median": 9.650226502581937,
    "p68": [
      9.649790988150503,
      9.657992433542693
    ],
    "p68_range": [
      9.649790988150503,
      9.657992433542693
    ],
    "p95": [
      9.642463225212616,
      9.835321983701656
    ],
    "p95_range": [
      9.642463225212616,
      9.835321983701656
    ],
    "std": 0.0511396961584252
  },
  "l_cg": {
    "best": 4.208970303045527,
    "index": 3,
    "integer": false,
    "label": "l_cg",
    "mean": 4.210658185985325,
    "median": 4.210028104347112,
    "p68": [
      4.2094207011590274,
      4.21133749182688
    ],
    "p68_range": [
      4.2094207011590274,
      4.21133749182688
    ],
    "p95": [
      4.200122036823795,
      4.224488951576715
    ],
    "p95_range": [
      4.200122036823795,
      4.224488951576715
    ],
    "std": 0.008567734337466068
  },
  "l_choline": {
    "best": 6.337448788523811,
    "index": 4,
    "integer": false,
    "label": "l_choline",
    "mean": 6.340615294685185,
    "median": 6.340006920306764,
    "p68": [
      6.338577005383463,
      6.3413466241291765
    ],
    "p68_range": [
      6.338577005383463,
      6.3413466241291765
    ],
    "p95": [
      6.3250103955433925,
      6.360308935229033
    ],
    "p95_range": [
      6.3250103955433925,
      6.360308935229033
    ],
    "std": 0.00982863016004629
  },
  "l_lipid": {
    "best": 10.997449066577945,
    "index": 5,
    "integer": false,
    "label": "l_lipid",
    "mean": 11.001082926377263,
    "median": 11.000096054926361,
    "p68": [
      10.999633339563339,
      11.002470390147625
    ],
    "p68_range": [
      10.999633339563339,
      11.002470390147625
    ],
    "p95": [
      10.993944526268653,
      11.011691041269426
    ],
    "p95_range": [
      10.993944526268653,
      11.011691041269426
    ],
    "std": 0.005645890592768155
  },
  "l_phosphate": {
    "best": 3.8586287823502157,
    "index": 6,
    "integer": false,
    "label": "l_phosphate",
    "mean": 3.8603261406463756,
    "median": 3.8600085331827376,
    "p68": [
      3.859550781045104,
      3.861084216570874
    ],
    "p68_range": [
      3.859550781045104,
      3.861084216570874
    ],
    "p95": [
      3.8565388421349764,
      3.866615080031576
    ],
    "p95_range": [
      3.8565388421349764,
      3.866615080031576
    ],
    "std": 0.0025639747492060346
  },
  "methyl_sigma": {
    "best": 0.09843853081247886,
    "index": 7,
    "integer": false,
    "label": "methyl_sigma",
    "mean": 0.09989850304930717,
    "median": 0.09999499724407784,
    "p68": [
      0.09961098654232986,
      0.10016254742590776
    ],
    "p68_range": [
      0.09961098654232986,
      0.10016254742590776
    ],
    "p95": [
      0.0975319196671992,
      0.10201091602495034
    ],
    "p95_range": [
      0.0975319196671992,
      0.10201091602495034
    ],
    "std": 0.0013227388168173845
  },
  "rel_pos": {
    "best": 0.4960485430994507,
    "index": 8,
    "integer": false,
    "label": "rel_pos",
    "mean": 0.5003686290901019,
    "median": 0.50001070828379,
    "p68": [
      0.49997143263880833,
      0.5005314984862725
    ],
    "p68_range": [
      0.49997143263880833,
      0.5005314984862725
    ],
    "p95": [
      0.49908684571404427,
      0.5049758040051504
    ],
    "p95_range": [
      0.49908684571404427,
      0.5049758040051504
    ],
    "std": 0.002023267638187339
  },
  "sigma": {
    "best": 1.9985692841901044,
    "index": 9,
    "integer": false,
    "label": "sigma",
    "mean": 2.000047851181695,
    "median": 2.0000018147401275,
    "p68": [
      1.9995076259092854,
      2.000569930649349
    ],
    "p68_range": [
      1.9995076259092854,
      2.000569930649349
    ],
    "p95": [
      1.9969166024349048,
      2.0033202151533627
    ],
    "p95_range": [
      1.9969166024349048,
      2.0033202151533627
    ],
    "std": 0.0018441783893958475
  },
  "v_cg": {
    "best": 147.01985411847735,
    "index": 10,
    "integer": false,
    "label": "v_cg",
    "mean": 147.00765353737827,
    "median": 147.00090887857476,
    "p68": [
      146.99145416083985,
      147.0237595396659
    ],
    "p68_range": [
      146.99145416083985,
      147.0237595396659
    ],
    "p95": [
      146.90829126642132,
      147.1639729251066
    ],
    "p95_range": [
      146.90829126642132,
      147.1639729251066
    ],
    "std": 0.0652254662426275
  },
  "v_choline": {
    "best": 119.98025343682346,
    "index": 11,
    "integer": false,
    "label": "v_choline",
    "mean": 119.99834260119168,
    "median": 119.99994147748802,
    "p68": [
      119.98716274510504,
      120.00705399790732
    ],
    "p68_range": [
      119.98716274510504,
      120.00705399790732
    ],
    "p95": [
      119.90926197910491,
      120.08505312363204
    ],
    "p95_range": [
      119.90926197910491,
      120.08505312363204
    ],
    "std": 0.04845055319751646
  },
  "v_phosphate": {
    "best": 53.99389496986902,
    "index": 12,
    "integer": false,
    "label": "v_phosphate",
    "mean": 53.997786089832054,
    "median": 53.99989421412466,
    "p68": [
      53.986902764229136,
      54.00642884347864
    ],
    "p68_range": [
      53.986902764229136,
      54.00642884347864
    ],
    "p95": [
      53.90574798337667,
      54.063173530481734
    ],
    "p95_range": [
      53.90574798337667,
      54.063173530481734
    ],
    "std": 0.04823876879215534
  },
  "va1": {
    "best": 985.111113084408,
    "index": 13,
    "integer": false,
    "label": "va1",
    "mean": 985.6275367883842,
    "median": 985.6029952752378,
    "p68": [
      985.5527321023304,
      985.7136581820386
    ],
    "p68_range": [
      985.5527321023304,
      985.7136581820386
    ],
    "p95": [
      985.0542459512093,
      986.2722130516249
    ],
    "p95_range": [
      985.0542459512093,
      986.2722130516249
    ],
    "std": 0.24525100846535083
  },
  "vm1": {
    "best": 100.41029699180552,
    "index": 14,
    "integer": false,
    "label": "vm1",
    "mean": 100.39878059248852,
    "median": 100.39942300446089,
    "p68": [
      100.38544652892637,
      100.40518967704514
    ],
    "p68_range": [
      100.38544652892637,
      100.40518967704514
    ],
    "p95": [
      100.318428287485,
      100.50664202521595
    ],
    "p95_range": [
      100.318428287485,
      100.50664202521595
    ],
    "std": 0.042369701725040954
  }
}