{
  "P0": {
    "best": 9.365617639616297e-06,
    "index": 1,
    "integer": false,
    "label": "P0",
    "mean": 9.36588442300725e-06,
    "median": 9.365925999684335e-06,
    "p68": [
      9.365057839881008e-06,
      9.366529435972923e-06
    ],
    "p68_range": [
      9.365057839881008e-06,
      9.366529435972923e-06
    ],
    "p95": [
      9.36439717376282e-06,
      9.367220844421774e-06
    ],
    "p95_range": [
      9.36439717376282e-06,
      9.367220844421774e-06
    ],
    "std": 7.436436832445685e-10
  },
  "P1": {
    "best": 10.451244093673315,
    "index": 2,
    "integer": false,
    "label": "P1",
    "mean": 10.679951042701129,
    "median": 10.622420779142509,
    "p68": [
      10.35553740501891,
      11.004743552839294
    ],
    "p68_range": [
      10.35553740501891,
      11.004743552839294
    ],
    "p95": [
      10.057225361334588,
      11.625709889492098
    ],
    "p95_range": [
      10.057225361334588,
      11.625709889492098
    ],
    "std": 0.3970584905982863
  },
  "P10": {
    "best": 100.39758963863632,
    "index": 11,
    "integer": false,
    "label": "P10",
    "mean": 109.75734739609314,
    "median": 109.12799497673538,
    "p68": [
      104.52459597216821,
      114.90505720839276
    ],
    "p68_range": [
      104.52459597216821,
      114.90505720839276
    ],
    "p95": [
      100.66556669671677,
      123.17344207069131
    ],
    "p95_range": [
      100.66556669671677,
      123.17344207069131
    ],
    "std": 5.635509076541682
  },
  "P11": {
    "best": 77.73639419937922,
    "index": 12,
    "integer": false,
    "label": "P11",
    "mean": 67.17731211897897,
    "median": 67.83185399405694,
    "p68": [
      59.882284220720535,
      74.36192525344718
    ],
    "p68_range": [
      59.882284220720535,
      74.36192525344718
    ],
    "p95": [
      52.66225198083202,
      78.34798559596372
    ],
    "p95_range": [
      52.66225198083202,
      78.34798559596372
    ],
    "std": 7.2400600125510906
  },
  "P12": {
    "best": 972.4301216954684,
    "index": 13,
    "integer": false,
    "label": "P12",
    "mean": 972.8238605620986,
    "median": 972.6438440759595,
    "p68": [
      971.8568594498054,
      973.6747832413326
    ],
    "p68_range": [
      971.8568594498054,
      973.6747832413326
    ],
    "p95": [
      971.1397255006926,
      975.9239598855108
    ],
    "p95_range": [
      971.1397255006926,
      975.9239598855108
    ],
    "std": 1.08250508015721
  },
  "P13": {
    "best": 105.73619648340859,
    "index": 14,
    "integer": false,
    "label": "P13",
    "mean": 104.85479916385832,
    "median": 104.89928898456874,
    "p68": [
      103.85839385731337,
      105.96009186227067
    ],
    "p68_range": [
      103.85839385731337,
      105.96009186227067
    ],
    "p95": [
      102.66235984688835,
      106.66971159865886
    ],
    "p95_range": [
      102.66235984688835,
      106.66971159865886
    ],
    "std": 1.0131468730775597
  },
  "P2": {
    "best": 3.3615370645358484,
    "index": 3,
    "integer": false,
    "label": "P2",
    "mean": 3.527171377052566,
    "median": 3.3876313614238627,
    "p68": [
      2.5889191327913497,
      4.174830613583587
    ],
    "p68_range": [
      2.5889191327913497,
      4.174830613583587
    ],
    "p95": [
      2.024899122526505,
      6.5006143479212835
    ],
    "p95_range": [
      2.024899122526505,
      6.5006143479212835
    ],
    "std": 0.9472503879393104
  },
  "P3": {
    "best": 6.538814309828854,
    "index": 4,
    "integer": false,
    "label": "P3",
    "mean": 6.402194287146911,
    "median": 6.5217314949511245,
    "p68": [
      5.854850783579948,
      7.054776638850898
    ],
    "p68_range": [
      5.854850783579948,
      7.054776638850898
    ],
    "p95": [
      4.768522310084556,
      7.423443692014269
    ],
    "p95_range": [
      4.768522310084556,
      7.423443692014269
    ],
    "std": 0.6424141949050527
  },
  "P4": {
    "best": 11.796620589850317,
    "index": 5,
    "integer": false,
    "label": "P4",
    "mean": 11.812857639180319,
    "median": 11.821627383660712,
    "p68": [
      11.611830016245811,
      12.011031065257866
    ],
    "p68_range": [
      11.611830016245811,
      12.011031065257866
    ],
    "p95": [
      11.427770931373944,
      12.170016480928757
    ],
    "p95_range": [
      11.427770931373944,
      12.170016480928757
    ],
    "std": 0.21125697395960025
  },
  "P5": {
    "best": 1.99161114617212,
    "index": 6,
    "integer": false,
    "label": "P5",
    "mean": 2.679380181037858,
    "median": 2.658115999806212,
    "p68": [
      1.8243627387508523,
      3.4964369666833783
    ],
    "p68_range": [
      1.8243627387508523,
      3.4964369666833783
    ],
    "p95": [
      0.9185931528723364,
      4.5546570442809005
    ],
    "p95_range": [
      0.9185931528723364,
      4.5546570442809005
    ],
    "std": 0.8961937577996424
  },
  "P6": {
    "best": 1.9375128858844661,
    "index": 7,
    "integer": false,
    "label": "P6",
    "mean": 1.8092416811340775,
    "median": 1.8140403503215334,
    "p68": [
      1.6711284865116482,
      1.952421811985521
    ],
    "p68_range": [
      1.6711284865116482,
      1.952421811985521
    ],
    "p95": [
      1.4877290316689407,
      2.054546422584962
    ],
    "p95_range": [
      1.4877290316689407,
      2.054546422584962
    ],
    "std": 0.14395756429197926
  },
  "P7": {
    "best": 0.49549486031571616,
    "index": 8,
    "integer": false,
    "label": "P7",
    "mean": 0.48408133194187025,
    "median": 0.48512659459967683,
    "p68": [
      0.46932303025585403,
      0.49913434169204185
    ],
    "p68_range": [
      0.46932303025585403,
      0.49913434169204185
    ],
    "p95": [
      0.4511680695771888,
      0.5130106589073603
    ],
    "p95_range": [
      0.4511680695771888,
      0.5130106589073603
    ],
    "std": 0.01521506376224673
  },
  "P8": {
    "best": 1.31891264238612,
    "index": 9,
    "integer": false,
    "label": "P8",
    "mean": 1.4013708530583464,
    "median": 1.4067008633244988,
    "p68": [
      1.2976456567739418,
      1.50748615841461
    ],
    "p68_range": [
      1.2976456567739418,
      1.50748615841461
    ],
    "p95": [
      1.1793598182549447,
      1.6380328797333363
    ],
    "p95_range": [
      1.1793598182549447,
      1.6380328797333363
    ],
    "std": 0.11295404242133755
  },
  "P9": {
    "best": 138.65485992357856,
    "index": 10,
    "integer": false,
    "label": "P9",
    "mean": 139.25677333813985,
    "median": 139.1152055156282,
    "p68": [
      135.0077235805659,
      143.31248330832136
    ],
    "p68_range": [
      135.0077235805659,
      143.31248330832136
    ],
    "p95": [
      131.5929046288201,
      149.5874519364652
    ],
    "p95_range": [
      131.5929046288201,
      149.5874519364652
    ],
    "std": 4.5028792082518105
  }
}