{
  "background_0": {
    "best": -8.361436461284887,
    "index": 10,
    "integer": false,
    "label": "background_0",
    "mean": -8.268572485410127,
    "median": -8.298549295953656,
    "p68": [
      -8.80351317348041,
      -7.752242373317077
    ],
    "p68_range": [
      -8.80351317348041,
      -7.752242373317077
    ],
    "p95": [
      -8.964962970225306,
      -7.331000311286661
    ],
    "p95_range": [
      -8.964962970225306,
      -7.331000311286661
    ],
    "std": 0.46246181600425373
  },
  "global_rough": {
    "best": 2.780278693105878,
    "index": 8,
    "integer": false,
    "label": "global_rough",
    "mean": 3.351443924683334,
    "median": 3.362969129654719,
    "p68": [
      2.4931999498108257,
      4.142976057947733
    ],
    "p68_range": [
      2.4931999498108257,
      4.142976057947733
    ],
    "p95": [
      2.055201305486553,
      4.821581128632859
    ],
    "p95_range": [
      2.055201305486553,
      4.821581128632859
    ],
    "std": 0.753388779803125
  },
  "l_lipid1": {
    "best": 14.231029557732327,
    "index": 4,
    "integer": false,
    "label": "l_lipid1",
    "mean": 12.338037478541846,
    "median": 12.452192798100167,
    "p68": [
      10.975376942666582,
      13.701900141549135
    ],
    "p68_range": [
      10.975376942666582,
      13.701900141549135
    ],
    "p95": [
      10.136630009765868,
      14.154346385262471
    ],
    "p95_range": [
      10.136630009765868,
      14.154346385262471
    ],
    "std": 1.1740741370420005
  },
  "l_lipid2": {
    "best": 10.01245075477119,
    "index": 5,
    "integer": false,
    "label": "l_lipid2",
    "mean": 11.76439408733711,
    "median": 11.688608536198519,
    "p68": [
      10.496372186366953,
      12.998136137225302
    ],
    "p68_range": [
      10.496372186366953,
      12.998136137225302
    ],
    "p95": [
      10.033843117825516,
      13.73917041775667
    ],
    "p95_range": [
      10.033843117825516,
      13.73917041775667
    ],
    "std": 1.0768765136758405
  },
  "l_siox": {
    "best": 17.79069229109823,
    "index": 1,
    "integer": false,
    "label": "l_siox",
    "mean": 17.976769625810395,
    "median": 18.040136042501803,
    "p68": [
      17.536463495950652,
      18.39797509630079
    ],
    "p68_range": [
      17.536463495950652,
      18.39797509630079
    ],
    "p95": [
      16.923139803639504,
      18.656591242337054
    ],
    "p95_range": [
      16.923139803639504,
      18.656591242337054
    ],
    "std": 0.43832530076928566
  },
  "l_submembrane": {
    "best": 3.9226503195991707,
    "index": 3,
    "integer": false,
    "label": "l_submembrane",
    "mean": 2.9706650321316563,
    "median": 2.976992994038215,
    "p68": [
      2.164440037430085,
      3.6950715303465413
    ],
    "p68_range": [
      2.164440037430085,
      3.6950715303465413
    ],
    "p95": [
      1.583195529280385,
      4.5784096599116
    ],
    "p95_range": [
      1.583195529280385,
      4.5784096599116
    ],
    "std": 0.7549927833703035
  },
  "rho_siox": {
    "best": 3.430847450573066,
    "index": 2,
    "integer": false,
    "label": "rho_siox",
    "mean": 3.4949914843370076,
    "median": 3.489356839326345,
    "p68": [
      3.4315782907953705,
      3.568541927067353
    ],
    "p68_range": [
      3.4315782907953705,
      3.568541927067353
    ],
    "p95": [
      3.360014660086561,
      3.62840461633399
    ],
    "p95_range": [
      3.360014660086561,
      3.62840461633399
    ],
    "std": 0.06707011318936376
  },
  "rho_solv_0": {
    "best": 6.500842827651978,
    "index": 7,
    "integer": false,
    "label": "rho_solv_0",
    "mean": 6.500916599982943,
    "median": 6.500976727528856,
    "p68": [
      6.499269110129286,
      6.502531832177928
    ],
    "p68_range": [
      6.499269110129286,
      6.502531832177928
    ],
    "p95": [
      6.4978512228100795,
      6.504270478948185
    ],
    "p95_range": [
      6.4978512228100795,
      6.504270478948185
    ],
    "std": 0.0016150379180005809
  },
  "sigma": {
    "best": 3.1162855329810535,
    "index": 9,
    "integer": false,
    "label": "sigma",
    "mean": 2.7564087851435914,
    "median": 2.6734291466193794,
    "p68": [
      2.20842836520338,
      3.3071931076694394
    ],
    "p68_range": [
      2.20842836520338,
      3.3071931076694394
    ],
    "p95": [
      2.0236922866645473,
      3.947670630373578
    ],
    "p95_range": [
      2.0236922866645473,
      3.947670630373578
    ],
    "std": 0.5170109193696757
  },
  "vf_bilayer": {
    "best": 0.9574591917012141,
    "index": 6,
    "integer": false,
    "label": "vf_bilayer",
    "mean": 0.9554463910129578,
    "median": 0.9536169333115219,
    "p68": [
      0.9467927573831498,
      0.965559502334636
    ],
    "p68_range": [
      0.9467927573831498,
      0.965559502334636
    ],
    "p95": [
      0.9411357873406602,
      0.9777606094456143
    ],
    "p95_range": [
      0.9411357873406602,
      0.9777606094456143
    ],
    "std": 0.009405196118250926
  }
}