{
  "background_0": {
    "best": -7.927916347326527,
    "index": 10,
    "integer": false,
    "label": "background_0",
    "mean": -7.743815576121952,
    "median": -7.74564072744088,
    "p68": [
      -8.582688780461238,
      -6.925042021632624
    ],
    "p68_range": [
      -8.582688780461238,
      -6.925042021632624
    ],
    "p95": [
      -8.928070697578544,
      -6.489527763051596
    ],
    "p95_range": [
      -8.928070697578544,
      -6.489527763051596
    ],
    "std": 0.7293069053232673
  },
  "global_rough": {
    "best": 2.749813807729561,
    "index": 8,
    "integer": false,
    "label": "global_rough",
    "mean": 3.0262518393491726,
    "median": 2.9977246658710643,
    "p68": [
      2.3094657219684884,
      3.681815924580252
    ],
    "p68_range": [
      2.3094657219684884,
      3.681815924580252
    ],
    "p95": [
      2.036772332267493,
      4.365170674070606
    ],
    "p95_range": [
      2.036772332267493,
      4.365170674070606
    ],
    "std": 0.6390318499267317
  },
  "l_lipid1": {
    "best": 13.893761099400638,
    "index": 4,
    "integer": false,
    "label": "l_lipid1",
    "mean": 12.337959083010194,
    "median": 12.286236806328148,
    "p68": [
      10.533743543261613,
      14.180129648180039
    ],
    "p68_range": [
      10.533743543261613,
      14.180129648180039
    ],
    "p95": [
      10.056798373901374,
      14.856879243405608
    ],
    "p95_range": [
      10.056798373901374,
      14.856879243405608
    ],
    "std": 1.515705492330565
  },
  "l_lipid2": {
    "best": 12.150076259597954,
    "index": 5,
    "integer": false,
    "label": "l_lipid2",
    "mean": 12.485794792638327,
    "median": 12.461530768916576,
    "p68": [
      12.011347340844376,
      12.962142713282065
    ],
    "p68_range": [
      12.011347340844376,
      12.962142713282065
    ],
    "p95": [
      11.626017166138018,
      13.406406040744782
    ],
    "p95_range": [
      11.626017166138018,
      13.406406040744782
    ],
    "std": 0.4618222420103047
  },
  "l_siox": {
    "best": 16.101651232672793,
    "index": 1,
    "integer": false,
    "label": "l_siox",
    "mean": 17.397962808809226,
    "median": 17.218746689812537,
    "p68": [
      15.953716211641398,
      18.909970761957897
    ],
    "p68_range": [
      15.953716211641398,
      18.909970761957897
    ],
    "p95": [
      15.055884875116616,
      20.46926639901689
    ],
    "p95_range": [
      15.055884875116616,
      20.46926639901689
    ],
    "std": 1.4073815386070037
  },
  "l_submembrane": {
    "best": 1.4803927712808256,
    "index": 3,
    "integer": false,
    "label": "l_submembrane",
    "mean": 2.0500083023004367,
    "median": 1.9249695239291942,
    "p68": [
      1.2660735373774135,
      2.8993617624564334
    ],
    "p68_range": [
      1.2660735373774135,
      2.8993617624564334
    ],
    "p95": [
      1.0258349878904631,
      3.6003528088198276
    ],
    "p95_range": [
      1.0258349878904631,
      3.6003528088198276
    ],
    "std": 0.7422964621623217
  },
  "rho_siox": {
    "best": 3.6643738909735175,
    "index": 2,
    "integer": false,
    "label": "rho_siox",
    "mean": 3.5957052798508933,
    "median": 3.610951737791952,
    "p68": [
      3.443118795700042,
      3.757330209861147
    ],
    "p68_range": [
      3.443118795700042,
      3.757330209861147
    ],
    "p95": [
      3.3191356144045683,
      3.795051896637931
    ],
    "p95_range": [
      3.3191356144045683,
      3.795051896637931
    ],
    "std": 0.1369619171155473
  },
  "rho_solv_0": {
    "best": -0.5091831738261016,
    "index": 7,
    "integer": false,
    "label": "rho_solv_0",
    "mean": -0.5032862506522953,
    "median": -0.5035204345979568,
    "p68": [
      -0.5147027716465389,
      -0.49159034581238875
    ],
    "p68_range": [
      -0.5147027716465389,
      -0.49159034581238875
    ],
    "p95": [
      -0.5251515355085191,
      -0.4810766450368862
    ],
    "p95_range": [
      -0.5251515355085191,
      -0.4810766450368862
    ],
    "std": 0.011410797180246388
  },
  "sigma": {
    "best": 2.1541256212768958,
    "index": 9,
    "integer": false,
    "label": "sigma",
    "mean": 2.815430154934299,
    "median": 2.7434648400789423,
    "p68": [
      2.2233199127657013,
      3.395811946482211
    ],
    "p68_range": [
      2.2233199127657013,
      3.395811946482211
    ],
    "p95": [
      2.052196514130519,
      3.963121920316605
    ],
    "p95_range": [
      2.052196514130519,
      3.963121920316605
    ],
    "std": 0.5431051505326151
  },
  "vf_bilayer": {
    "best": 0.9366549878305781,
    "index": 6,
    "integer": false,
    "label": "vf_bilayer",
    "mean": 0.9505219759864533,
    "median": 0.9505758981353382,
    "p68": [
      0.9161741924023029,
      0.9835970640859331
    ],
    "p68_range": [
      0.9161741924023029,
      0.9835970640859331
    ],
    "p95": [
      0.902140329640339,
      0.9970594383003937
    ],
    "p95_range": [
      0.902140329640339,
      0.9970594383003937
    ],
    "std": 0.028689848084279664
  }
}