{
  "bulknsld": {
    "best": 9.547464119816977e-06,
    "index": 1,
    "integer": false,
    "label": "bulknsld",
    "mean": 9.541048064777589e-06,
    "median": 9.542479843163413e-06,
    "p68": [
      9.52445624631021e-06,
      9.557596250595332e-06
    ],
    "p68_range": [
      9.52445624631021e-06,
      9.557596250595332e-06
    ],
    "p95": [
      9.504943541557424e-06,
      9.573377732835055e-06
    ],
    "p95_range": [
      9.504943541557424e-06,
      9.573377732835055e-06
    ],
    "std": 1.7675414367232038e-08
  },
  "dq": {
    "best": 0.00999611692181757,
    "index": 2,
    "integer": false,
    "label": "dq",
    "mean": 0.009948249808486295,
    "median": 0.009969705691632304,
    "p68": [
      0.009911069026789595,
      0.009991540304985988
    ],
    "p68_range": [
      0.009911069026789595,
      0.009991540304985988
    ],
    "p95": [
      0.009795390513706067,
      0.009998792661879165
    ],
    "p95_range": [
      0.009795390513706067,
      0.009998792661879165
    ],
    "std": 7.221206602791802e-05
  },
  "l_lipid": {
    "best": 12.738989852279966,
    "index": 3,
    "integer": false,
    "label": "l_lipid",
    "mean": 12.743348088211611,
    "median": 12.743467695554324,
    "p68": [
      12.730138670110652,
      12.755293228292164
    ],
    "p68_range": [
      12.730138670110652,
      12.755293228292164
    ],
    "p95": [
      12.71496880405867,
      12.769956840741582
    ],
    "p95_range": [
      12.71496880405867,
      12.769956840741582
    ],
    "std": 0.013254797722826898
  },
  "prefactor": {
    "best": 15748.719521070943,
    "index": 4,
    "integer": false,
    "label": "prefactor",
    "mean": 15876.534624198874,
    "median": 15828.987652812084,
    "p68": [
      15683.427101152385,
      16068.848551965088
    ],
    "p68_range": [
      15683.427101152385,
      16068.848551965088
    ],
    "p95": [
      15606.106590258258,
      16380.742632799635
    ],
    "p95_range": [
      15606.106590258258,
      16380.742632799635
    ],
    "std": 201.6202607931338
  },
  "sigma": {
    "best": 2.7538374130471515,
    "index": 5,
    "integer": false,
    "label": "sigma",
    "mean": 2.752881113019268,
    "median": 2.7533836490937498,
    "p68": [
      2.736964810867656,
      2.7705954704255022
    ],
    "p68_range": [
      2.736964810867656,
      2.7705954704255022
    ],
    "p95": [
      2.7176692397035596,
      2.7878782512033577
    ],
    "p95_range": [
      2.7176692397035596,
      2.7878782512033577
    ],
    "std": 0.017979000474637578
  },
  "vf_bilayer": {
    "best": 0.9941278778376679,
    "index": 6,
    "integer": false,
    "label": "vf_bilayer",
    "mean": 0.9864204482807454,
    "median": 0.9893865339456823,
    "p68": [
      0.9739146203576752,
      0.9981291353741402
    ],
    "p68_range": [
      0.9739146203576752,
      0.9981291353741402
    ],
    "p95": [
      0.9559065046664726,
      0.9993955846666382
    ],
    "p95_range": [
      0.9559065046664726,
      0.9993955846666382
    ],
    "std": 0.012138711646034648
  }
}