{
  "bulknsld": {
    "best": 9.8027733723552e-06,
    "index": 1,
    "integer": false,
    "label": "bulknsld",
    "mean": 9.65649227408775e-06,
    "median": 9.779229098148087e-06,
    "p68": [
      9.31615082882777e-06,
      9.94819301866975e-06
    ],
    "p68_range": [
      9.31615082882777e-06,
      9.94819301866975e-06
    ],
    "p95": [
      9.08165959211423e-06,
      9.992454641647523e-06
    ],
    "p95_range": [
      9.08165959211423e-06,
      9.992454641647523e-06
    ],
    "std": 2.804391638273625e-07
  },
  "dq": {
    "best": -0.007321911199410235,
    "index": 2,
    "integer": false,
    "label": "dq",
    "mean": 0.004294832790884943,
    "median": 0.007101404694576875,
    "p68": [
      -0.003217234737862673,
      0.009794038489118634
    ],
    "p68_range": [
      -0.003217234737862673,
      0.009794038489118634
    ],
    "p95": [
      -0.009687419806499856,
      0.009969047428289945
    ],
    "p95_range": [
      -0.009687419806499856,
      0.009969047428289945
    ],
    "std": 0.006336222711556077
  },
  "l_lipid": {
    "best": 10.20989751981887,
    "index": 3,
    "integer": false,
    "label": "l_lipid",
    "mean": 9.915040210224218,
    "median": 9.15655280629327,
    "p68": [
      9.007769626876643,
      11.322200289742785
    ],
    "p68_range": [
      9.007769626876643,
      11.322200289742785
    ],
    "p95": [
      9.002208946701522,
      12.504285251399168
    ],
    "p95_range": [
      9.002208946701522,
      12.504285251399168
    ],
    "std": 1.1370357890688683
  },
  "prefactor": {
    "best": 32688.901292572482,
    "index": 4,
    "integer": false,
    "label": "prefactor",
    "mean": 29082.945029780454,
    "median": 28538.635111539737,
    "p68": [
      25907.187569758447,
      35054.44084814642
    ],
    "p68_range": [
      25907.187569758447,
      35054.44084814642
    ],
    "p95": [
      17347.1793315642,
      39771.306307181636
    ],
    "p95_range": [
      17347.1793315642,
      39771.306307181636
    ],
    "std": 5231.7509586417045
  },
  "sigma": {
    "best": 2.205553508522635,
    "index": 5,
    "integer": false,
    "label": "sigma",
    "mean": 1.8601571204928242,
    "median": 1.6201042065669107,
    "p68": [
      1.3240290558907308,
      2.593113802717334
    ],
    "p68_range": [
      1.3240290558907308,
      2.593113802717334
    ],
    "p95": [
      1.138519148964654,
      3.9294019471930763
    ],
    "p95_range": [
      1.138519148964654,
      3.9294019471930763
    ],
    "std": 0.6661903952283228
  },
  "vf_bilayer": {
    "best": 0.9797543590096097,
    "index": 6,
    "integer": false,
    "label": "vf_bilayer",
    "mean": 0.9774265392834371,
    "median": 0.9788170592943807,
    "p68": [
      0.9586029981216533,
      0.9965080773280403
    ],
    "p68_range": [
      0.9586029981216533,
      0.9965080773280403
    ],
    "p95": [
      0.9515350924401479,
      0.9998842508963542
    ],
    "p95_range": [
      0.9515350924401479,
      0.9998842508963542
    ],
    "std": 0.015845457442549744
  }
}