{
  "bulknsld": {
    "best": 9.000041142744998e-06,
    "index": 1,
    "integer": false,
    "label": "bulknsld",
    "mean": 9.000760888721957e-06,
    "median": 9.000221927105092e-06,
    "p68": [
      9.000042238583503e-06,
      9.00077945511112e-06
    ],
    "p68_range": [
      9.000042238583503e-06,
      9.00077945511112e-06
    ],
    "p95": [
      9.000006801123204e-06,
      9.003873384240924e-06
    ],
    "p95_range": [
      9.000006801123204e-06,
      9.003873384240924e-06
    ],
    "std": 3.1809157717722653e-09
  },
  "dq": {
    "best": -0.009999201111828174,
    "index": 2,
    "integer": false,
    "label": "dq",
    "mean": -0.009991814411626056,
    "median": -0.009996354886069588,
    "p68": [
      -0.009999160879167794,
      -0.00999036116347479
    ],
    "p68_range": [
      -0.009999160879167794,
      -0.00999036116347479
    ],
    "p95": [
      -0.009999868673077108,
      -0.009945579239272525
    ],
    "p95_range": [
      -0.009999868673077108,
      -0.009945579239272525
    ],
    "std": 1.894899345410674e-05
  },
  "l_lipid": {
    "best": 11.631097019780835,
    "index": 3,
    "integer": false,
    "label": "l_lipid",
    "mean": 11.62407616936433,
    "median": 11.625438250547516,
    "p68": [
      11.616009668797641,
      11.631824905049289
    ],
    "p68_range": [
      11.616009668797641,
      11.631824905049289
    ],
    "p95": [
      11.605848215970024,
      11.634938216199517
    ],
    "p95_range": [
      11.605848215970024,
      11.634938216199517
    ],
    "std": 0.00811202017972238
  },
  "prefactor": {
    "best": 30949.989613432517,
    "index": 4,
    "integer": false,
    "label": "prefactor",
    "mean": 30961.19720836783,
    "median": 30956.748494044474,
    "p68": [
      30865.042536232755,
      31052.295848395155
    ],
    "p68_range": [
      30865.042536232755,
      31052.295848395155
    ],
    "p95": [
      30792.55282594471,
      31161.669624087466
    ],
    "p95_range": [
      30792.55282594471,
      31161.669624087466
    ],
    "std": 104.88055162820399
  },
  "sigma": {
    "best": 3.9994835347900985,
    "index": 5,
    "integer": false,
    "label": "sigma",
    "mean": 3.9980303464376443,
    "median": 3.9987277663693845,
    "p68": [
      3.996648142947596,
      3.9996898288738096
    ],
    "p68_range": [
      3.996648142947596,
      3.9996898288738096
    ],
    "p95": [
      3.9915961606392876,
      3.999903061468175
    ],
    "p95_range": [
      3.9915961606392876,
      3.999903061468175
    ],
    "std": 0.0024811990171847505
  },
  "vf_bilayer": {
    "best": 0.999942652491303,
    "index": 6,
    "integer": false,
    "label": "vf_bilayer",
    "mean": 0.999270085457664,
    "median": 0.9995659142321582,
    "p68": [
      0.9986503710961085,
      0.9998595471410846
    ],
    "p68_range": [
      0.9986503710961085,
      0.9998595471410846
    ],
    "p95": [
      0.9970353931760672,
      0.9999848173910757
    ],
    "p95_range": [
      0.9970353931760672,
      0.9999848173910757
    ],
    "std": 0.0008757198294881431
  }
}