{
  "background_0": {
    "best": 1.1054236148461727e-06,
    "index": 1,
    "integer": false,
    "label": "background_0",
    "mean": 1.1255922290798857e-06,
    "median": 1.1281398317560872e-06,
    "p68": [
      1.0694168800370587e-06,
      1.1761505572069843e-06
    ],
    "p68_range": [
      1.0694168800370587e-06,
      1.1761505572069843e-06
    ],
    "p95": [
      1.014241171267992e-06,
      1.213129009724878e-06
    ],
    "p95_range": [
      1.014241171267992e-06,
      1.213129009724878e-06
    ],
    "std": 5.169476504857307e-08
  },
  "background_1": {
    "best": 3.9379964486320645e-06,
    "index": 17,
    "integer": false,
    "label": "background_1",
    "mean": 3.90484576998707e-06,
    "median": 3.904905734595176e-06,
    "p68": [
      3.841609017669594e-06,
      3.966737125849192e-06
    ],
    "p68_range": [
      3.841609017669594e-06,
      3.966737125849192e-06
    ],
    "p95": [
      3.7870663710997527e-06,
      4.028438763905391e-06
    ],
    "p95_range": [
      3.7870663710997527e-06,
      4.028438763905391e-06
    ],
    "std": 6.05902845727409e-08
  },
  "bilayer_roughness": {
    "best": 4.798837024177366,
    "index": 15,
    "integer": false,
    "label": "bilayer_roughness",
    "mean": 4.891443191892111,
    "median": 4.907284321975885,
    "p68": [
      4.569151795422045,
      5.172539068563885
    ],
    "p68_range": [
      4.569151795422045,
      5.172539068563885
    ],
    "p95": [
      4.347526742333819,
      5.5607506358328225
    ],
    "p95_range": [
      4.347526742333819,
      5.5607506358328225
    ],
    "std": 0.3065237321509046
  },
  "inner_acyl_chain_thickness": {
    "best": 11.02219379584355,
    "index": 12,
    "integer": false,
    "label": "inner_acyl_chain_thickness",
    "mean": 10.989360031704809,
    "median": 10.98776995831284,
    "p68": [
      10.715114315539786,
      11.279325196880427
    ],
    "p68_range": [
      10.715114315539786,
      11.279325196880427
    ],
    "p95": [
      10.402468023390782,
      11.571575726447692
    ],
    "p95_range": [
      10.402468023390782,
      11.571575726447692
    ],
    "std": 0.2931783158348967
  },
  "intensity": {
    "best": 1.0009783442123406,
    "index": 2,
    "integer": false,
    "label": "intensity",
    "mean": 1.001226098183222,
    "median": 1.001236174924789,
    "p68": [
      1.0003638082623336,
      1.002091596110366
    ],
    "p68_range": [
      1.0003638082623336,
      1.002091596110366
    ],
    "p95": [
      0.9997733056933266,
      1.0026759375757903
    ],
    "p95_range": [
      0.9997733056933266,
      1.0026759375757903
    ],
    "std": 0.0008312703489797154
  },
  "outer_acyl_chain_thickness": {
    "best": 13.699548434235409,
    "index": 13,
    "integer": false,
    "label": "outer_acyl_chain_thickness",
    "mean": 13.6544834252507,
    "median": 13.630469174156316,
    "p68": [
      13.331920585689714,
      14.006402524950749
    ],
    "p68_range": [
      13.331920585689714,
      14.006402524950749
    ],
    "p95": [
      13.02379541422735,
      14.37062149361959
    ],
    "p95_range": [
      13.02379541422735,
      14.37062149361959
    ],
    "std": 0.3397561753992403
  },
  "rho_siox": {
    "best": 4.556868829113675,
    "index": 6,
    "integer": false,
    "label": "rho_siox",
    "mean": 3.8383223304116663,
    "median": 3.7707371829924883,
    "p68": [
      3.2707736636587947,
      4.3396406248302934
    ],
    "p68_range": [
      3.2707736636587947,
      4.3396406248302934
    ],
    "p95": [
      3.156922446778788,
      4.921964583861354
    ],
    "p95_range": [
      3.156922446778788,
      4.921964583861354
    ],
    "std": 0.5013021226498295
  },
  "rho_solv_0": {
    "best": 6.2146066559480335,
    "index": 10,
    "integer": false,
    "label": "rho_solv_0",
    "mean": 6.215899302510853,
    "median": 6.217538077576243,
    "p68": [
      6.192156333542954,
      6.236560295744836
    ],
    "p68_range": [
      6.192156333542954,
      6.236560295744836
    ],
    "p95": [
      6.173518578750264,
      6.25533883052538
    ],
    "p95_range": [
      6.173518578750264,
      6.25533883052538
    ],
    "std": 0.021138007961553334
  },
  "rho_solv_1": {
    "best": -0.5436001588312505,
    "index": 18,
    "integer": false,
    "label": "rho_solv_1",
    "mean": -0.5330842600711666,
    "median": -0.5327654090558627,
    "p68": [
      -0.5488453480570358,
      -0.5192601794650908
    ],
    "p68_range": [
      -0.5488453480570358,
      -0.5192601794650908
    ],
    "p95": [
      -0.5642612493978739,
      -0.5040620513938886
    ],
    "p95_range": [
      -0.5642612493978739,
      -0.5040620513938886
    ],
    "std": 0.0150906350969725
  },
  "rho_tiox": {
    "best": -0.002534619939023839,
    "index": 8,
    "integer": false,
    "label": "rho_tiox",
    "mean": 0.00190727114114186,
    "median": 0.0019754033270100464,
    "p68": [
      -0.004669720284484492,
      0.008028010143238057
    ],
    "p68_range": [
      -0.004669720284484492,
      0.008028010143238057
    ],
    "p95": [
      -0.009140088981409361,
      0.01423754767223728
    ],
    "p95_range": [
      -0.009140088981409361,
      0.01423754767223728
    ],
    "std": 0.006001473846398447
  },
  "sample_broadening": {
    "best": -1.9499677858096708e-05,
    "index": 3,
    "integer": false,
    "label": "sample_broadening",
    "mean": 0.00029574728582387684,
    "median": 0.00031547624538416603,
    "p68": [
      -5.9086970282541565e-05,
      0.0006605749020636769
    ],
    "p68_range": [
      -5.9086970282541565e-05,
      0.0006605749020636769
    ],
    "p95": [
      -0.0004197813728722512,
      0.000984573507380265
    ],
    "p95_range": [
      -0.0004197813728722512,
      0.000984573507380265
    ],
    "std": 0.00035915841607876
  },
  "siox_interface": {
    "best": 7.44567926066308,
    "index": 5,
    "integer": false,
    "label": "siox_interface",
    "mean": 7.008490872331208,
    "median": 7.078974064967788,
    "p68": [
      6.555436125415479,
      7.419861257916017
    ],
    "p68_range": [
      6.555436125415479,
      7.419861257916017
    ],
    "p95": [
      6.244137390277629,
      7.613260113294091
    ],
    "p95_range": [
      6.244137390277629,
      7.613260113294091
    ],
    "std": 0.3942514778901278
  },
  "siox_thickness": {
    "best": 9.547264622888287,
    "index": 7,
    "integer": false,
    "label": "siox_thickness",
    "mean": 12.816082175137641,
    "median": 12.722985875237258,
    "p68": [
      10.29450903233951,
      15.797303669874978
    ],
    "p68_range": [
      10.29450903233951,
      15.797303669874978
    ],
    "p95": [
      8.614477786671168,
      17.035254973817906
    ],
    "p95_range": [
      8.614477786671168,
      17.035254973817906
    ],
    "std": 2.452971305980264
  },
  "submembrane_thickness": {
    "best": 14.016604960427168,
    "index": 14,
    "integer": false,
    "label": "submembrane_thickness",
    "mean": 14.113533041853039,
    "median": 14.126108476714373,
    "p68": [
      13.90372073226872,
      14.317314149135877
    ],
    "p68_range": [
      13.90372073226872,
      14.317314149135877
    ],
    "p95": [
      13.685015870413007,
      14.540022867008949
    ],
    "p95_range": [
      13.685015870413007,
      14.540022867008949
    ],
    "std": 0.21382965282361516
  },
  "theta_offset": {
    "best": -4.0417427548129756e-05,
    "index": 4,
    "integer": false,
    "label": "theta_offset",
    "mean": 4.3538579682684465e-05,
    "median": 0.00010177150249581206,
    "p68": [
      -0.000891416621851948,
      0.000850884735260535
    ],
    "p68_range": [
      -0.000891416621851948,
      0.000850884735260535
    ],
    "p95": [
      -0.0016263952572895665,
      0.001624568271872685
    ],
    "p95_range": [
      -0.0016263952572895665,
      0.001624568271872685
    ],
    "std": 0.0008440723848284616
  },