{
  "bME to tether ratio": {
    "best": 0.5937522220835065,
    "index": 16,
    "integer": false,
    "label": "bME to tether ratio",
    "mean": 0.9145635231797904,
    "median": 0.772098452793638,
    "p68": [
      0.29380726678859975,
      1.544612263274105
    ],
    "p68_range": [
      0.29380726678859975,
      1.544612263274105
    ],
    "p95": [
      0.1417097332657812,
      2.970457314272912
    ],
    "p95_range": [
      0.1417097332657812,
      2.970457314272912
    ],
    "std": 0.7122734571863779
  },
  "background os046_4column": {
    "best": 1.7959750395530214e-07,
    "index": 1,
    "integer": false,
    "label": "background os046_4column",
    "mean": 2.576046856524831e-07,
    "median": 2.541721786349369e-07,
    "p68": [
      9.607025036595714e-08,
      4.06064371090219e-07
    ],
    "p68_range": [
      9.607025036595714e-08,
      4.06064371090219e-07
    ],
    "p95": [
      -2.6958709329775824e-08,
      5.514664247739567e-07
    ],
    "p95_range": [
      -2.6958709329775824e-08,
      5.514664247739567e-07
    ],
    "std": 1.5058677946503302e-07
  },
  "background os047_4column": {
    "best": 3.6926432613363417e-06,
    "index": 20,
    "integer": false,
    "label": "background os047_4column",
    "mean": 3.862502374162889e-06,
    "median": 3.852182431590471e-06,
    "p68": [
      3.4726053086896307e-06,
      4.2511472304295705e-06
    ],
    "p68_range": [
      3.4726053086896307e-06,
      4.2511472304295705e-06
    ],
    "p95": [
      3.1626933045834965e-06,
      4.793111140459922e-06
    ],
    "p95_range": [
      3.1626933045834965e-06,
      4.793111140459922e-06
    ],
    "std": 4.026274675273813e-07
  },
  "bilayer roughness": {
    "best": 2.6167717030598108,
    "index": 18,
    "integer": false,
    "label": "bilayer roughness",
    "mean": 3.46746747930902,
    "median": 3.4956849054639787,
    "p68": [
      2.734526865568787,
      4.086213033778327
    ],
    "p68_range": [
      2.734526865568787,
      4.086213033778327
    ],
    "p95": [
      2.2568923969635337,
      4.884591071816458
    ],
    "p95_range": [
      2.2568923969635337,
      4.884591071816458
    ],
    "std": 0.6660748539502083
  },
  "chromium layer thickness": {
    "best": 29.386236792101286,
    "index": 10,
    "integer": false,
    "label": "chromium layer thickness",
    "mean": 28.179634655771665,
    "median": 28.507483727107246,
    "p68": [
      21.83695738981877,
      34.26672246439305
    ],
    "p68_range": [
      21.83695738981877,
      34.26672246439305
    ],
    "p95": [
      15.187330653142997,
      39.886766646449324
    ],
    "p95_range": [
      15.187330653142997,
      39.886766646449324
    ],
    "std": 6.159821831130465
  },
  "chromium rho": {
    "best": 3.40170206565393,
    "index": 9,
    "integer": false,
    "label": "chromium rho",
    "mean": 3.295328294441376,
    "median": 3.3346363362778226,
    "p68": [
      3.0571109560536156,
      3.494309922458863
    ],
    "p68_range": [
      3.0571109560536156,
      3.494309922458863
    ],
    "p95": [
      2.777254742447281,
      3.6245022562512927
    ],
    "p95_range": [
      2.777254742447281,
      3.6245022562512927
    ],
    "std": 0.21375178282700058
  },
  "d2o rho": {
    "best": 6.069726115354177,
    "index": 12,
    "integer": false,
    "label": "d2o rho",
    "mean": 6.186091402028142,
    "median": 6.187979691421981,
    "p68": [
      6.036289692957192,
      6.338332607704498
    ],
    "p68_range": [
      6.036289692957192,
      6.338332607704498
    ],
    "p95": [
      5.9309564549946785,
      6.426100876677625
    ],
    "p95_range": [
      5.9309564549946785,
      6.426100876677625
    ],
    "std": 0.13942994539908796
  },
  "gold chromium roughness": {
    "best": 12.510857772752946,
    "index": 8,
    "integer": false,
    "label": "gold chromium roughness",
    "mean": 15.036355067075132,
    "median": 14.907938323522567,
    "p68": [
      11.336822957472377,
      18.629392854710353
    ],
    "p68_range": [
      11.336822957472377,
      18.629392854710353
    ],
    "p95": [
      8.938161147573735,
      21.75668588271752
    ],
    "p95_range": [
      8.938161147573735,
      21.75668588271752
    ],
    "std": 3.362100285073965
  },
  "gold layer thickness": {
    "best": 174.69236476440472,
    "index": 22,
    "integer": false,
    "label": "gold layer thickness",
    "mean": 176.12047423702288,
    "median": 175.89557487760953,
    "p68": [
      172.0148703639911,
      181.0634203799504
    ],
    "p68_range": [
      172.0148703639911,
      181.0634203799504
    ],
    "p95": [
      168.24214152282448,
      184.98739246327452
    ],
    "p95_range": [
      168.24214152282448,
      184.98739246327452
    ],
    "std": 4.317764528522019
  },
  "gold rho": {
    "best": 4.449999700283422,
    "index": 11,
    "integer": false,
    "label": "gold rho",
    "mean": 4.539735070150099,
    "median": 4.543397717634608,
    "p68": [
      4.439762808290993,
      4.6329139318254144
    ],
    "p68_range": [
      4.439762808290993,
      4.6329139318254144
    ],
    "p95": [
      4.3735215385015325,
      4.7148012619513695
    ],
    "p95_range": [
      4.3735215385015325,
      4.7148012619513695
    ],
    "std": 0.09292106354472318
  },
  "h2o rho": {
    "best": -0.4607247103540832,
    "index": 21,
    "integer": false,
    "label": "h2o rho",
    "mean": -0.37145813307372555,
    "median": -0.37137486863272395,
    "p68": [
      -0.487608384793481,
      -0.2673661965526655
    ],
    "p68_range": [
      -0.487608384793481,
      -0.2673661965526655
    ],
    "p95": [
      -0.5707432478042769,
      -0.16381661764461075
    ],
    "p95_range": [
      -0.5707432478042769,
      -0.16381661764461075
    ],
    "std": 0.10590832366146335
  },
  "inner acyl chain thickness": {
    "best": 11.327721173879414,
    "index": 13,
    "integer": false,
    "label": "inner acyl chain thickness",
    "mean": 10.473109356124773,
    "median": 10.456806860109538,
    "p68": [
      8.87065502058978,
      12.047330673458696
    ],
    "p68_range": [
      8.87065502058978,
      12.047330673458696
    ],
    "p95": [
      8.187400203026376,
      13.338447882598459
    ],
    "p95_range": [
      8.187400203026376,
      13.338447882598459
    ],
    "std": 1.449699565570953
  },
  "intensity os046_4column": {
    "best": 0.9846148774592046,
    "index": 2,
    "integer": false,
    "label": "intensity os046_4column",
    "mean": 0.9910361209239991,
    "median": 0.9912048059223126,
    "p68": [
      0.9823597032027018,
      1.000475801094263
    ],
    "p68_range": [
      0.9823597032027018,
      1.000475801094263
    ],
    "p95": [
      0.9691834034037716,
      1.0086297201898193
    ],
    "p95_range": [
      0.9691834034037716,
      1.0086297201898193
    ],
    "std": 0.009752550624093501
  },
  "number fraction tether": {
    "best": 0.5737639282100188,
    "index": 17,
    "integer": false,
    "label": "number fraction tether",
    "mean": 0.49102885271012514,
    "median": 0.47149826396046,
    "p68": [
      0.29235610792275274,
      0.6949245548531723
    ],
    "p68_range": [
      0.29235610792275274,
      0.6949245548531723
    ],
    "p95": [
      0.22012051557859807,
      0.8692030775678755
    ],
    "p95_range": [
      0.22012051557859807,
      0.8692030775678755
    ],
    "std": 0.18164239130206736
  },
  "outer acyl chain thickness": {
    "best": 12.174939055492398,
    "index": 14,
    "integer": false,
    "label": "outer acyl chain thickness",
    "mean": 12.810007886151105,
    "median": 12.93973603160442,
    "p68": [
      11.174577923648743,
      14.348927416370344
    ],
    "p68_range": [
      11.174577923648743,
      14.348927416370344
    ],
    "p95": [
      9.776714960842154,
      15.476479208799647
    ],
    "p95_range": [
      9.776714960842154,
      15.476479208799647
    ],