{
  "background_0": {
    "best": -8.523044128714389,
    "index": 10,
    "integer": false,
    "label": "background_0",
    "mean": -8.212754589022964,
    "median": -8.278322959963107,
    "p68": [
      -8.768050124870113,
      -7.6193765905029744
    ],
    "p68_range": [
      -8.768050124870113,
      -7.6193765905029744
    ],
    "p95": [
      -8.956232994531057,
      -7.1540566849538605
    ],
    "p95_range": [
      -8.956232994531057,
      -7.1540566849538605
    ],
    "std": 0.5074902620501719
  },
  "global_rough": {
    "best": 2.266175200049618,
    "index": 8,
    "integer": false,
    "label": "global_rough",
    "mean": 2.6941686245785017,
    "median": 2.5959206622046627,
    "p68": [
      2.181304593086363,
      3.229228381823996
    ],
    "p68_range": [
      2.181304593086363,
      3.229228381823996
    ],
    "p95": [
      2.0296555610952036,
      3.8461509750253886
    ],
    "p95_range": [
      2.0296555610952036,
      3.8461509750253886
    ],
    "std": 0.5106983755318906
  },
  "l_lipid1": {
    "best": 11.592992282700324,
    "index": 4,
    "integer": false,
    "label": "l_lipid1",
    "mean": 12.078137448285846,
    "median": 12.118003218979686,
    "p68": [
      10.568147722818093,
      13.544773320773603
    ],
    "p68_range": [
      10.568147722818093,
      13.544773320773603
    ],
    "p95": [
      10.086986654628955,
      14.261923095496464
    ],
    "p95_range": [
      10.086986654628955,
      14.261923095496464
    ],
    "std": 1.245240735463702
  },
  "l_lipid2": {
    "best": 12.835663505542334,
    "index": 5,
    "integer": false,
    "label": "l_lipid2",
    "mean": 12.249353717806933,
    "median": 12.289214974794488,
    "p68": [
      10.869955817357736,
      13.627962348297308
    ],
    "p68_range": [
      10.869955817357736,
      13.627962348297308
    ],
    "p95": [
      10.23729775189408,
      13.989704231795196
    ],
    "p95_range": [
      10.23729775189408,
      13.989704231795196
    ],
    "std": 1.1326580476323402
  },
  "l_siox": {
    "best": 18.025361411531662,
    "index": 1,
    "integer": false,
    "label": "l_siox",
    "mean": 17.77468695802903,
    "median": 17.818615959827408,
    "p68": [
      17.31972980349211,
      18.21009623397985
    ],
    "p68_range": [
      17.31972980349211,
      18.21009623397985
    ],
    "p95": [
      16.76225999425927,
      18.497275215684684
    ],
    "p95_range": [
      16.76225999425927,
      18.497275215684684
    ],
    "std": 0.4532580310807618
  },
  "l_submembrane": {
    "best": 2.3809968201545084,
    "index": 3,
    "integer": false,
    "label": "l_submembrane",
    "mean": 2.9240142880751767,
    "median": 2.9853584886526674,
    "p68": [
      2.0677777675833884,
      3.7011333113430034
    ],
    "p68_range": [
      2.0677777675833884,
      3.7011333113430034
    ],
    "p95": [
      1.4442590993764122,
      4.2681111790752615
    ],
    "p95_range": [
      1.4442590993764122,
      4.2681111790752615
    ],
    "std": 0.7682519411142027
  },
  "rho_siox": {
    "best": 3.5142349192147004,
    "index": 2,
    "integer": false,
    "label": "rho_siox",
    "mean": 3.4929308506385848,
    "median": 3.48822504050888,
    "p68": [
      3.4215705647044494,
      3.561678854705659
    ],
    "p68_range": [
      3.4215705647044494,
      3.561678854705659
    ],
    "p95": [
      3.3839597403128723,
      3.6276671229311455
    ],
    "p95_range": [
      3.3839597403128723,
      3.6276671229311455
    ],
    "std": 0.06560979326420054
  },
  "rho_solv_0": {
    "best": 5.989760664330671,
    "index": 7,
    "integer": false,
    "label": "rho_solv_0",
    "mean": 5.995702577247015,
    "median": 5.99554748907985,
    "p68": [
      5.992110614222253,
      5.99909052424092
    ],
    "p68_range": [
      5.992110614222253,
      5.99909052424092
    ],
    "p95": [
      5.9901096291312435,
      6.002055986809565
    ],
    "p95_range": [
      5.9901096291312435,
      6.002055986809565
    ],
    "std": 0.0032214366704541833
  },
  "sigma": {
    "best": 2.0059970606998743,
    "index": 9,
    "integer": false,
    "label": "sigma",
    "mean": 2.5167891828020816,
    "median": 2.43367510831651,
    "p68": [
      2.097387705575062,
      2.9432131194700344
    ],
    "p68_range": [
      2.097387705575062,
      2.9432131194700344
    ],
    "p95": [
      2.014389714624492,
      3.488474150863306
    ],
    "p95_range": [
      2.014389714624492,
      3.488474150863306
    ],
    "std": 0.4055010130685172
  },
  "vf_bilayer": {
    "best": 0.9445534382976785,
    "index": 6,
    "integer": false,
    "label": "vf_bilayer",
    "mean": 0.9500907623559017,
    "median": 0.9488422816625196,
    "p68": [
      0.943004389563981,
      0.9573265087063453
    ],
    "p68_range": [
      0.943004389563981,
      0.9573265087063453
    ],
    "p95": [
      0.9380518818978936,
      0.9677615769325608
    ],
    "p95_range": [
      0.9380518818978936,
      0.9677615769325608
    ],
    "std": 0.0074879386218928085
  }
}