{
  "background_0": {
    "best": -7.679841637152093,
    "index": 10,
    "integer": false,
    "label": "background_0",
    "mean": -8.084398183096347,
    "median": -8.099888239182217,
    "p68": [
      -8.650126643130532,
      -7.506980204245839
    ],
    "p68_range": [
      -8.650126643130532,
      -7.506980204245839
    ],
    "p95": [
      -8.952421712159445,
      -7.136059600567464
    ],
    "p95_range": [
      -8.952421712159445,
      -7.136059600567464
    ],
    "std": 0.5168986346517793
  },
  "global_rough": {
    "best": 3.6085378539154878,
    "index": 8,
    "integer": false,
    "label": "global_rough",
    "mean": 3.5090999119980273,
    "median": 3.5524337070220398,
    "p68": [
      2.4721480323379383,
      4.524653278451224
    ],
    "p68_range": [
      2.4721480323379383,
      4.524653278451224
    ],
    "p95": [
      2.076710147430718,
      4.922232376106201
    ],
    "p95_range": [
      2.076710147430718,
      4.922232376106201
    ],
    "std": 0.8829021791388431
  },
  "l_lipid1": {
    "best": 12.985809228248387,
    "index": 4,
    "integer": false,
    "label": "l_lipid1",
    "mean": 11.956207262312617,
    "median": 12.066078030177787,
    "p68": [
      10.663100826423515,
      13.20783832119265
    ],
    "p68_range": [
      10.663100826423515,
      13.20783832119265
    ],
    "p95": [
      10.04343369490868,
      13.967025269753858
    ],
    "p95_range": [
      10.04343369490868,
      13.967025269753858
    ],
    "std": 1.1359862943303518
  },
  "l_lipid2": {
    "best": 11.214323947507147,
    "index": 5,
    "integer": false,
    "label": "l_lipid2",
    "mean": 12.118107026686468,
    "median": 12.025440596228288,
    "p68": [
      10.933179726176311,
      13.337550677392073
    ],
    "p68_range": [
      10.933179726176311,
      13.337550677392073
    ],
    "p95": [
      10.159046201643559,
      13.861513380182776
    ],
    "p95_range": [
      10.159046201643559,
      13.861513380182776
    ],
    "std": 1.0679263179552123
  },
  "l_siox": {
    "best": 17.382300300810048,
    "index": 1,
    "integer": false,
    "label": "l_siox",
    "mean": 16.443264819973873,
    "median": 16.6049189963539,
    "p68": [
      15.233778974073227,
      17.549803083372325
    ],
    "p68_range": [
      15.233778974073227,
      17.549803083372325
    ],
    "p95": [
      13.892131492458054,
      18.44637661489922
    ],
    "p95_range": [
      13.892131492458054,
      18.44637661489922
    ],
    "std": 1.1877878531430808
  },
  "l_submembrane": {
    "best": 3.255797688218413,
    "index": 3,
    "integer": false,
    "label": "l_submembrane",
    "mean": 3.7419403139419343,
    "median": 3.782192041690263,
    "p68": [
      2.3800087660574434,
      5.072001159975454
    ],
    "p68_range": [
      2.3800087660574434,
      5.072001159975454
    ],
    "p95": [
      1.4679036958752987,
      6.220428812381551
    ],
    "p95_range": [
      1.4679036958752987,
      6.220428812381551
    ],
    "std": 1.2392437744020952
  },
  "rho_siox": {
    "best": 3.5266978443707915,
    "index": 2,
    "integer": false,
    "label": "rho_siox",
    "mean": 3.5196632009057067,
    "median": 3.5160594464246304,
    "p68": [
      3.4176642297297626,
      3.6186532486244847
    ],
    "p68_range": [
      3.4176642297297626,
      3.6186532486244847
    ],
    "p95": [
      3.3463592566570752,
      3.7130886990901955
    ],
    "p95_range": [
      3.3463592566570752,
      3.7130886990901955
    ],
    "std": 0.09698630739178285
  },
  "rho_solv_0": {
    "best": 5.4972451327693985,
    "index": 7,
    "integer": false,
    "label": "rho_solv_0",
    "mean": 5.497112273358531,
    "median": 5.4971267369973535,
    "p68": [
      5.494465325900981,
      5.499717227542424
    ],
    "p68_range": [
      5.494465325900981,
      5.499717227542424
    ],
    "p95": [
      5.4919650551806365,
      5.502610816246869
    ],
    "p95_range": [
      5.4919650551806365,
      5.502610816246869
    ],
    "std": 0.0026869757732273384
  },
  "sigma": {
    "best": 2.6679590487783402,
    "index": 9,
    "integer": false,
    "label": "sigma",
    "mean": 3.405454452471191,
    "median": 3.4373313185050107,
    "p68": [
      2.526700756710521,
      4.193500609457519
    ],
    "p68_range": [
      2.526700756710521,
      4.193500609457519
    ],
    "p95": [
      2.1064031413307798,
      4.680680570433431
    ],
    "p95_range": [
      2.1064031413307798,
      4.680680570433431
    ],
    "std": 0.7297315066710364
  },
  "vf_bilayer": {
    "best": 0.9497397688525518,
    "index": 6,
    "integer": false,
    "label": "vf_bilayer",
    "mean": 0.9665121120116305,
    "median": 0.9655118313690283,
    "p68": [
      0.9491386804946309,
      0.9839609692603294
    ],
    "p68_range": [
      0.9491386804946309,
      0.9839609692603294
    ],
    "p95": [
      0.9406624813012041,
      0.9958427067571254
    ],
    "p95_range": [
      0.9406624813012041,
      0.9958427067571254
    ],
    "std": 0.015328985081172143
  }
}