{
  "background_0": {
    "best": -7.730321435031547,
    "index": 10,
    "integer": false,
    "label": "background_0",
    "mean": -8.169416640286224,
    "median": -8.210772951731112,
    "p68": [
      -8.763091784285116,
      -7.561505351202498
    ],
    "p68_range": [
      -8.763091784285116,
      -7.561505351202498
    ],
    "p95": [
      -8.965206538383582,
      -7.243231421781894
    ],
    "p95_range": [
      -8.965206538383582,
      -7.243231421781894
    ],
    "std": 0.5148193125125065
  },
  "global_rough": {
    "best": 2.5118437308508863,
    "index": 8,
    "integer": false,
    "label": "global_rough",
    "mean": 3.240231578016488,
    "median": 3.1840733266965406,
    "p68": [
      2.3886031508068513,
      4.073308700494912
    ],
    "p68_range": [
      2.3886031508068513,
      4.073308700494912
    ],
    "p95": [
      2.0509424416870847,
      4.680585517896618
    ],
    "p95_range": [
      2.0509424416870847,
      4.680585517896618
    ],
    "std": 0.7444562286236596
  },
  "l_lipid1": {
    "best": 10.654499821806168,
    "index": 4,
    "integer": false,
    "label": "l_lipid1",
    "mean": 11.833093193548377,
    "median": 11.75432694752029,
    "p68": [
      10.60092396761846,
      13.146560234268735
    ],
    "p68_range": [
      10.60092396761846,
      13.146560234268735
    ],
    "p95": [
      10.062368368483613,
      14.056646276737842
    ],
    "p95_range": [
      10.062368368483613,
      14.056646276737842
    ],
    "std": 1.1364438885228099
  },
  "l_lipid2": {
    "best": 13.62282916028904,
    "index": 5,
    "integer": false,
    "label": "l_lipid2",
    "mean": 12.398159405850132,
    "median": 12.395415863175037,
    "p68": [
      10.940132398563334,
      13.717164010283243
    ],
    "p68_range": [
      10.940132398563334,
      13.717164010283243
    ],
    "p95": [
      10.259801063105765,
      14.588784255982453
    ],
    "p95_range": [
      10.259801063105765,
      14.588784255982453
    ],
    "std": 1.2166505792536493
  },
  "l_siox": {
    "best": 12.082258036836848,
    "index": 1,
    "integer": false,
    "label": "l_siox",
    "mean": 14.210574581081033,
    "median": 14.250059967763422,
    "p68": [
      11.166736372920987,
      16.87435355902383
    ],
    "p68_range": [
      11.166736372920987,
      16.87435355902383
    ],
    "p95": [
      10.249554493100069,
      18.49112999410787
    ],
    "p95_range": [
      10.249554493100069,
      18.49112999410787
    ],
    "std": 2.4990375715633126
  },
  "l_submembrane": {
    "best": 7.576900703712964,
    "index": 3,
    "integer": false,
    "label": "l_submembrane",
    "mean": 5.422472584996599,
    "median": 5.390920422066457,
    "p68": [
      2.297610076862587,
      8.543795276766767
    ],
    "p68_range": [
      2.297610076862587,
      8.543795276766767
    ],
    "p95": [
      1.1461388389568596,
      9.591159545635941
    ],
    "p95_range": [
      1.1461388389568596,
      9.591159545635941
    ],
    "std": 2.633289035546738
  },
  "rho_siox": {
    "best": 3.6343044584387028,
    "index": 2,
    "integer": false,
    "label": "rho_siox",
    "mean": 3.658513291587959,
    "median": 3.6584342894723703,
    "p68": [
      3.5569748544692903,
      3.7606299885703502
    ],
    "p68_range": [
      3.5569748544692903,
      3.7606299885703502
    ],
    "p95": [
      3.4752020277392552,
      3.7951572545492835
    ],
    "p95_range": [
      3.4752020277392552,
      3.7951572545492835
    ],
    "std": 0.09018753077571885
  },
  "rho_solv_0": {
    "best": 3.5014984313026125,
    "index": 7,
    "integer": false,
    "label": "rho_solv_0",
    "mean": 3.5013625446085124,
    "median": 3.501392163988384,
    "p68": [
      3.5002875371749944,
      3.50236243276692
    ],
    "p68_range": [
      3.5002875371749944,
      3.50236243276692
    ],
    "p95": [
      3.4992564232847516,
      3.503430310638945
    ],
    "p95_range": [
      3.4992564232847516,
      3.503430310638945
    ],
    "std": 0.001032126995991193
  },
  "sigma": {
    "best": 2.7234846283701293,
    "index": 9,
    "integer": false,
    "label": "sigma",
    "mean": 2.871198921167671,
    "median": 2.790626602338389,
    "p68": [
      2.164381934429046,
      3.6131724978478976
    ],
    "p68_range": [
      2.164381934429046,
      3.6131724978478976
    ],
    "p95": [
      2.022230112237636,
      4.109516942358407
    ],
    "p95_range": [
      2.022230112237636,
      4.109516942358407
    ],
    "std": 0.6388564917741805
  },
  "vf_bilayer": {
    "best": 0.9520692676884729,
    "index": 6,
    "integer": false,
    "label": "vf_bilayer",
    "mean": 0.9572494385736223,
    "median": 0.9552697567041424,
    "p68": [
      0.9369886413002199,
      0.9813332980545991
    ],
    "p68_range": [
      0.9369886413002199,
      0.9813332980545991
    ],
    "p95": [
      0.9213900725425471,
      0.9972843435412385
    ],
    "p95_range": [
      0.9213900725425471,
      0.9972843435412385
    ],
    "std": 0.02052370468640521
  }
}