{
  "background_0": {
    "best": -7.538893978786224,
    "index": 10,
    "integer": false,
    "label": "background_0",
    "mean": -8.201717579215964,
    "median": -8.254858669218214,
    "p68": [
      -8.77009626052268,
      -7.612631790366006
    ],
    "p68_range": [
      -8.77009626052268,
      -7.612631790366006
    ],
    "p95": [
      -8.96999336507134,
      -7.23105090515284
    ],
    "p95_range": [
      -8.96999336507134,
      -7.23105090515284
    ],
    "std": 0.5010466584589902
  },
  "global_rough": {
    "best": 3.6231205063716323,
    "index": 8,
    "integer": false,
    "label": "global_rough",
    "mean": 3.7109596992012315,
    "median": 3.7863553234762253,
    "p68": [
      2.696037395965143,
      4.649750695314266
    ],
    "p68_range": [
      2.696037395965143,
      4.649750695314266
    ],
    "p95": [
      2.1068906032122565,
      4.959349456403737
    ],
    "p95_range": [
      2.1068906032122565,
      4.959349456403737
    ],
    "std": 0.8398744936994521
  },
  "l_lipid1": {
    "best": 10.442979211024472,
    "index": 4,
    "integer": false,
    "label": "l_lipid1",
    "mean": 12.058133338849677,
    "median": 12.097746827730685,
    "p68": [
      10.656897935175298,
      13.429794377387461
    ],
    "p68_range": [
      10.656897935175298,
      13.429794377387461
    ],
    "p95": [
      10.051502002322806,
      13.79711247018036
    ],
    "p95_range": [
      10.051502002322806,
      13.79711247018036
    ],
    "std": 1.1548572439771039
  },
  "l_lipid2": {
    "best": 12.933051415260088,
    "index": 5,
    "integer": false,
    "label": "l_lipid2",
    "mean": 11.8120000715631,
    "median": 11.728735992149387,
    "p68": [
      10.50987032861213,
      13.140889939418242
    ],
    "p68_range": [
      10.50987032861213,
      13.140889939418242
    ],
    "p95": [
      10.034737301535015,
      13.835101805094817
    ],
    "p95_range": [
      10.034737301535015,
      13.835101805094817
    ],
    "std": 1.1446493413087206
  },
  "l_siox": {
    "best": 18.35199623033597,
    "index": 1,
    "integer": false,
    "label": "l_siox",
    "mean": 16.42684605322244,
    "median": 16.748966152481774,
    "p68": [
      14.526969423832146,
      18.161251136630014
    ],
    "p68_range": [
      14.526969423832146,
      18.161251136630014
    ],
    "p95": [
      12.795236481305984,
      19.067991836082456
    ],
    "p95_range": [
      12.795236481305984,
      19.067991836082456
    ],
    "std": 1.7428744097427042
  },
  "l_submembrane": {
    "best": 1.2067727875360144,
    "index": 3,
    "integer": false,
    "label": "l_submembrane",
    "mean": 3.576870720114806,
    "median": 3.4448903672931697,
    "p68": [
      1.8948717723651343,
      5.347444699409913
    ],
    "p68_range": [
      1.8948717723651343,
      5.347444699409913
    ],
    "p95": [
      1.1978651727457945,
      6.959292260862676
    ],
    "p95_range": [
      1.1978651727457945,
      6.959292260862676
    ],
    "std": 1.570771156805735
  },
  "rho_siox": {
    "best": 3.767872963634264,
    "index": 2,
    "integer": false,
    "label": "rho_siox",
    "mean": 3.612519890983603,
    "median": 3.626387347375588,
    "p68": [
      3.511590831771969,
      3.714277331199805
    ],
    "p68_range": [
      3.511590831771969,
      3.714277331199805
    ],
    "p95": [
      3.3375840027952797,
      3.777416183754961
    ],
    "p95_range": [
      3.3375840027952797,
      3.777416183754961
    ],
    "std": 0.10527273606102504
  },
  "rho_solv_0": {
    "best": 4.999908923860213,
    "index": 7,
    "integer": false,
    "label": "rho_solv_0",
    "mean": 5.000395376773739,
    "median": 5.000357769431751,
    "p68": [
      4.998374027190114,
      5.002449476560568
    ],
    "p68_range": [
      4.998374027190114,
      5.002449476560568
    ],
    "p95": [
      4.996541329873783,
      5.00424264270773
    ],
    "p95_range": [
      4.996541329873783,
      5.00424264270773
    ],
    "std": 0.001982326839013304
  },
  "sigma": {
    "best": 3.799625883767276,
    "index": 9,
    "integer": false,
    "label": "sigma",
    "mean": 3.622743637376135,
    "median": 3.697092309381979,
    "p68": [
      2.794321333952997,
      4.482674361993453
    ],
    "p68_range": [
      2.794321333952997,
      4.482674361993453
    ],
    "p95": [
      2.120354864572183,
      4.8793769628759724
    ],
    "p95_range": [
      2.120354864572183,
      4.8793769628759724
    ],
    "std": 0.7510417791420101
  },
  "vf_bilayer": {
    "best": 0.9901209778319634,
    "index": 6,
    "integer": false,
    "label": "vf_bilayer",
    "mean": 0.9745123456851655,
    "median": 0.9755314443529584,
    "p68": [
      0.9549703935309677,
      0.9943210497570156
    ],
    "p68_range": [
      0.9549703935309677,
      0.9943210497570156
    ],
    "p95": [
      0.9430232613358099,
      0.9992501637600414
    ],
    "p95_range": [
      0.9430232613358099,
      0.9992501637600414
    ],
    "std": 0.017271870438489437
  }
}