{
  "background_0": {
    "best": -6.883600825454462,
    "index": 10,
    "integer": false,
    "label": "background_0",
    "mean": -7.583679853939145,
    "median": -7.490690398542028,
    "p68": [
      -8.492730214196062,
      -6.718209628429353
    ],
    "p68_range": [
      -8.492730214196062,
      -6.718209628429353
    ],
    "p95": [
      -8.916456314310059,
      -6.482369257535513
    ],
    "p95_range": [
      -8.916456314310059,
      -6.482369257535513
    ],
    "std": 0.7516658817134726
  },
  "global_rough": {
    "best": 2.8600217257237244,
    "index": 8,
    "integer": false,
    "label": "global_rough",
    "mean": 3.0883770117025007,
    "median": 3.0405940593294507,
    "p68": [
      2.2788308952436633,
      3.8275835181672324
    ],
    "p68_range": [
      2.2788308952436633,
      3.8275835181672324
    ],
    "p95": [
      2.03706268338733,
      4.573124248824865
    ],
    "p95_range": [
      2.03706268338733,
      4.573124248824865
    ],
    "std": 0.7053431628960694
  },
  "l_lipid1": {
    "best": 11.715352497011478,
    "index": 4,
    "integer": false,
    "label": "l_lipid1",
    "mean": 12.037230165130817,
    "median": 11.8658931373003,
    "p68": [
      10.411476384246633,
      13.749149000659843
    ],
    "p68_range": [
      10.411476384246633,
      13.749149000659843
    ],
    "p95": [
      10.06224688337695,
      14.83240527047061
    ],
    "p95_range": [
      10.06224688337695,
      14.83240527047061
    ],
    "std": 1.4250328702184867
  },
  "l_lipid2": {
    "best": 12.79949204015587,
    "index": 5,
    "integer": false,
    "label": "l_lipid2",
    "mean": 13.095175023045933,
    "median": 13.095756062341792,
    "p68": [
      12.187650113469612,
      14.062305320881052
    ],
    "p68_range": [
      12.187650113469612,
      14.062305320881052
    ],
    "p95": [
      11.294909072780177,
      14.724240166899433
    ],
    "p95_range": [
      11.294909072780177,
      14.724240166899433
    ],
    "std": 0.8935095816342914
  },
  "l_siox": {
    "best": 18.783413522346876,
    "index": 1,
    "integer": false,
    "label": "l_siox",
    "mean": 17.496483678080182,
    "median": 17.380980624319175,
    "p68": [
      15.934938476023444,
      19.041843066978196
    ],
    "p68_range": [
      15.934938476023444,
      19.041843066978196
    ],
    "p95": [
      14.87226061301543,
      20.972365648779192
    ],
    "p95_range": [
      14.87226061301543,
      20.972365648779192
    ],
    "std": 1.539526792302216
  },
  "l_submembrane": {
    "best": 2.324252365960644,
    "index": 3,
    "integer": false,
    "label": "l_submembrane",
    "mean": 2.4120027923138494,
    "median": 2.4261339289490933,
    "p68": [
      1.6394762061726158,
      3.1578919144641984
    ],
    "p68_range": [
      1.6394762061726158,
      3.1578919144641984
    ],
    "p95": [
      1.157279474344481,
      3.7137291758536204
    ],
    "p95_range": [
      1.157279474344481,
      3.7137291758536204
    ],
    "std": 0.6911967835725492
  },
  "rho_siox": {
    "best": 3.4280352732707304,
    "index": 2,
    "integer": false,
    "label": "rho_siox",
    "mean": 3.5709749858725934,
    "median": 3.568441142582608,
    "p68": [
      3.4280986108792595,
      3.7335672769966197
    ],
    "p68_range": [
      3.4280986108792595,
      3.7335672769966197
    ],
    "p95": [
      3.286804359258361,
      3.791421089571408
    ],
    "p95_range": [
      3.286804359258361,
      3.791421089571408
    ],
    "std": 0.14024495446171495
  },
  "rho_solv_0": {
    "best": 0.5048551743433921,
    "index": 7,
    "integer": false,
    "label": "rho_solv_0",
    "mean": 0.5094051840538043,
    "median": 0.5092356904860462,
    "p68": [
      0.4987229036956764,
      0.5201718116881401
    ],
    "p68_range": [
      0.4987229036956764,
      0.5201718116881401
    ],
    "p95": [
      0.4883486239927701,
      0.5299027410940224
    ],
    "p95_range": [
      0.4883486239927701,
      0.5299027410940224
    ],
    "std": 0.010729715265770823
  },
  "sigma": {
    "best": 2.254622660938497,
    "index": 9,
    "integer": false,
    "label": "sigma",
    "mean": 2.7718172871249895,
    "median": 2.6619148745198244,
    "p68": [
      2.193775353696525,
      3.32651503380117
    ],
    "p68_range": [
      2.193775353696525,
      3.32651503380117
    ],
    "p95": [
      2.0295010329175787,
      4.110676361344146
    ],
    "p95_range": [
      2.0295010329175787,
      4.110676361344146
    ],
    "std": 0.5599977368929421
  },
  "vf_bilayer": {
    "best": 0.9982096538845848,
    "index": 6,
    "integer": false,
    "label": "vf_bilayer",
    "mean": 0.9633133696907522,
    "median": 0.9691620158895007,
    "p68": [
      0.9314315321482384,
      0.9911985680278409
    ],
    "p68_range": [
      0.9314315321482384,
      0.9911985680278409
    ],
    "p95": [
      0.9073483941382641,
      0.9987598844037509
    ],
    "p95_range": [
      0.9073483941382641,
      0.9987598844037509
    ],
    "std": 0.026745148544189003
  }
}