{
  "background_0": {
    "best": -8.84393256316738,
    "index": 10,
    "integer": false,
    "label": "background_0",
    "mean": -8.234281708272567,
    "median": -8.307083079692804,
    "p68": [
      -8.782082932397397,
      -7.674978497613772
    ],
    "p68_range": [
      -8.782082932397397,
      -7.674978497613772
    ],
    "p95": [
      -8.9729603619351,
      -7.3390727264290145
    ],
    "p95_range": [
      -8.9729603619351,
      -7.3390727264290145
    ],
    "std": 0.48468687435534713
  },
  "global_rough": {
    "best": 4.7523899207925195,
    "index": 8,
    "integer": false,
    "label": "global_rough",
    "mean": 3.775788746159465,
    "median": 3.870214455226922,
    "p68": [
      2.826608040732974,
      4.688303436025098
    ],
    "p68_range": [
      2.826608040732974,
      4.688303436025098
    ],
    "p95": [
      2.18247083369686,
      4.947870168917304
    ],
    "p95_range": [
      2.18247083369686,
      4.947870168917304
    ],
    "std": 0.8027672388252229
  },
  "l_lipid1": {
    "best": 12.691687867564694,
    "index": 4,
    "integer": false,
    "label": "l_lipid1",
    "mean": 11.708134475322328,
    "median": 11.576228123104093,
    "p68": [
      10.502132445497852,
      13.027527133347288
    ],
    "p68_range": [
      10.502132445497852,
      13.027527133347288
    ],
    "p95": [
      10.048986522947894,
      13.89259425985745
    ],
    "p95_range": [
      10.048986522947894,
      13.89259425985745
    ],
    "std": 1.118916954812111
  },
  "l_lipid2": {
    "best": 10.92712580521615,
    "index": 5,
    "integer": false,
    "label": "l_lipid2",
    "mean": 12.425200792973067,
    "median": 12.53423659259308,
    "p68": [
      11.033912932211221,
      13.698015647423052
    ],
    "p68_range": [
      11.033912932211221,
      13.698015647423052
    ],
    "p95": [
      10.133070669092353,
      14.384018034440393
    ],
    "p95_range": [
      10.133070669092353,
      14.384018034440393
    ],
    "std": 1.1906253466754806
  },
  "l_siox": {
    "best": 12.69081991719055,
    "index": 1,
    "integer": false,
    "label": "l_siox",
    "mean": 14.000791726791142,
    "median": 13.860840619347085,
    "p68": [
      10.985976325051226,
      16.937320183237087
    ],
    "p68_range": [
      10.985976325051226,
      16.937320183237087
    ],
    "p95": [
      10.119907736919652,
      18.51732241505972
    ],
    "p95_range": [
      10.119907736919652,
      18.51732241505972
    ],
    "std": 2.520341258422951
  },
  "l_submembrane": {
    "best": 6.858439086501664,
    "index": 3,
    "integer": false,
    "label": "l_submembrane",
    "mean": 5.953659118916296,
    "median": 6.289045057326719,
    "p68": [
      2.899994215052284,
      8.883441314377475
    ],
    "p68_range": [
      2.899994215052284,
      8.883441314377475
    ],
    "p95": [
      1.4424261880085996,
      9.810658736294146
    ],
    "p95_range": [
      1.4424261880085996,
      9.810658736294146
    ],
    "std": 2.5487527805412364
  },
  "rho_siox": {
    "best": 3.6835427096805904,
    "index": 2,
    "integer": false,
    "label": "rho_siox",
    "mean": 3.5445263992497407,
    "median": 3.551324884717171,
    "p68": [
      3.3964247330708055,
      3.7067930169522936
    ],
    "p68_range": [
      3.3964247330708055,
      3.7067930169522936
    ],
    "p95": [
      3.244826794478982,
      3.7778425671621645
    ],
    "p95_range": [
      3.244826794478982,
      3.7778425671621645
    ],
    "std": 0.14271407766124317
  },
  "rho_solv_0": {
    "best": 3.9977960070047693,
    "index": 7,
    "integer": false,
    "label": "rho_solv_0",
    "mean": 3.9977916994895026,
    "median": 3.9978003423628947,
    "p68": [
      3.996769734186905,
      3.998845853939848
    ],
    "p68_range": [
      3.996769734186905,
      3.998845853939848
    ],
    "p95": [
      3.9957848456903546,
      3.999782065613586
    ],
    "p95_range": [
      3.9957848456903546,
      3.999782065613586
    ],
    "std": 0.0010307982536680847
  },
  "sigma": {
    "best": 4.291125966021932,
    "index": 9,
    "integer": false,
    "label": "sigma",
    "mean": 3.4294121958226627,
    "median": 3.5048402647712495,
    "p68": [
      2.6223126944917934,
      4.089869261639205
    ],
    "p68_range": [
      2.6223126944917934,
      4.089869261639205
    ],
    "p95": [
      2.2129597388863607,
      4.443578934125455
    ],
    "p95_range": [
      2.2129597388863607,
      4.443578934125455
    ],
    "std": 0.6443220012218234
  },
  "vf_bilayer": {
    "best": 0.9986377813036089,
    "index": 6,
    "integer": false,
    "label": "vf_bilayer",
    "mean": 0.9670018759387472,
    "median": 0.9677873498049993,
    "p68": [
      0.9432939603778557,
      0.9884064801064257
    ],
    "p68_range": [
      0.9432939603778557,
      0.9884064801064257
    ],
    "p95": [
      0.9303549812103632,
      0.9980818573719729
    ],
    "p95_range": [
      0.9303549812103632,
      0.9980818573719729
    ],
    "std": 0.01961542246729457
  }
}