{
  "background data0": {
    "best": 5.0822892106626105e-08,
    "index": 1,
    "integer": false,
    "label": "background data0",
    "mean": 1.5340590185944193e-07,
    "median": 9.633468306963991e-08,
    "p68": [
      -5.0015400772865495e-08,
      3.274962510576384e-07
    ],
    "p68_range": [
      -5.0015400772865495e-08,
      3.274962510576384e-07
    ],
    "p95": [
      -9.196827992138502e-08,
      7.276957074675681e-07
    ],
    "p95_range": [
      -9.196827992138502e-08,
      7.276957074675681e-07
    ],
    "std": 2.515276131992504e-07
  },
  "background data1": {
    "best": 7.92846080098464e-07,
    "index": 10,
    "integer": false,
    "label": "background data1",
    "mean": 8.838746352805821e-07,
    "median": 8.580818646978086e-07,
    "p68": [
      4.659508539603156e-07,
      1.2789607381225528e-06
    ],
    "p68_range": [
      4.659508539603156e-07,
      1.2789607381225528e-06
    ],
    "p95": [
      8.938250484353576e-08,
      1.7683196347651972e-06
    ],
    "p95_range": [
      8.938250484353576e-08,
      1.7683196347651972e-06
    ],
    "std": 4.3895144092167373e-07
  },
  "d2o rho": {
    "best": 5.95956701954584,
    "index": 6,
    "integer": false,
    "label": "d2o rho",
    "mean": 5.97105635253121,
    "median": 5.971450628625608,
    "p68": [
      5.928163889252746,
      6.012966354235554
    ],
    "p68_range": [
      5.928163889252746,
      6.012966354235554
    ],
    "p95": [
      5.901109025728583,
      6.0528438960078645
    ],
    "p95_range": [
      5.901109025728583,
      6.0528438960078645
    ],
    "std": 0.04221869951803068
  },
  "h2o rho": {
    "best": 5.049632557584337,
    "index": 11,
    "integer": false,
    "label": "h2o rho",
    "mean": 5.031847456394621,
    "median": 5.032621355802594,
    "p68": [
      4.992220243359849,
      5.0749059336444
    ],
    "p68_range": [
      4.992220243359849,
      5.0749059336444
    ],
    "p95": [
      4.937689637258645,
      5.1172229157390055
    ],
    "p95_range": [
      4.937689637258645,
      5.1172229157390055
    ],
    "std": 0.045488949464627226
  },
  "intensity data0": {
    "best": 1.0151969404661312,
    "index": 2,
    "integer": false,
    "label": "intensity data0",
    "mean": 1.0198951094582058,
    "median": 1.0259297453514091,
    "p68": [
      0.994559053307203,
      1.0448367571664863
    ],
    "p68_range": [
      0.994559053307203,
      1.0448367571664863
    ],
    "p95": [
      0.9526886661614444,
      1.0487367459258081
    ],
    "p95_range": [
      0.9526886661614444,
      1.0487367459258081
    ],
    "std": 0.026945479506760548
  },
  "siox interface": {
    "best": 2.2603118084338325,
    "index": 3,
    "integer": false,
    "label": "siox interface",
    "mean": 2.5886474716806105,
    "median": 2.6085575441829176,
    "p68": [
      2.2646135050094727,
      2.8926766983408787
    ],
    "p68_range": [
      2.2646135050094727,
      2.8926766983408787
    ],
    "p95": [
      2.071812245002437,
      2.974342629601356
    ],
    "p95_range": [
      2.071812245002437,
      2.974342629601356
    ],
    "std": 0.268646537042008
  },
  "siox rho": {
    "best": 3.4881833814359418,
    "index": 4,
    "integer": false,
    "label": "siox rho",
    "mean": 3.524545795829281,
    "median": 3.5300728617724686,
    "p68": [
      3.458570488893734,
      3.59473695986618
    ],
    "p68_range": [
      3.458570488893734,
      3.59473695986618
    ],
    "p95": [
      3.343565735932058,
      3.6662589460928396
    ],
    "p95_range": [
      3.343565735932058,
      3.6662589460928396
    ],
    "std": 0.0765081006800734
  },
  "siox thickness": {
    "best": 61.378165208099865,
    "index": 5,
    "integer": false,
    "label": "siox thickness",
    "mean": 61.09906696034567,
    "median": 61.090869190362355,
    "p68": [
      59.74696740145857,
      62.372467287811496
    ],
    "p68_range": [
      59.74696740145857,
      62.372467287811496
    ],
    "p95": [
      58.579530669429694,
      63.79735695179723
    ],
    "p95_range": [
      58.579530669429694,
      63.79735695179723
    ],
    "std": 1.3669705688796703
  },
  "surfasil roughness": {
    "best": 6.945444644786649,
    "index": 8,
    "integer": false,
    "label": "surfasil roughness",
    "mean": 6.93502844631717,
    "median": 6.923274993799826,
    "p68": [
      6.387589666046923,
      7.481760026782741
    ],
    "p68_range": [
      6.387589666046923,
      7.481760026782741
    ],
    "p95": [
      5.654426150210736,
      7.990324914088576
    ],
    "p95_range": [
      5.654426150210736,
      7.990324914088576
    ],
    "std": 0.546304282253106
  },
  "surfasil thickness": {
    "best": 60.66931702943489,
    "index": 7,
    "integer": false,
    "label": "surfasil thickness",
    "mean": 60.72156451700734,
    "median": 60.713500148910626,
    "p68": [
      60.322925581126874,
      61.106849187190704
    ],
    "p68_range": [
      60.322925581126874,
      61.106849187190704
    ],
    "p95": [
      59.690766568959525,
      61.67124748319606
    ],
    "p95_range": [
      59.690766568959525,
      61.67124748319606
    ],
    "std": 0.4652489870226413
  },
  "surfasil volfrac": {
    "best": 0.9997964267035471,
    "index": 9,
    "integer": false,
    "label": "surfasil volfrac",
    "mean": 0.9903696847636638,
    "median": 0.9942007490046114,
    "p68": [
      0.9832753259225984,
      0.9983130668625251
    ],
    "p68_range": [
      0.9832753259225984,
      0.9983130668625251
    ],
    "p95": [
      0.9524047921520135,
      0.9998231881573605
    ],
    "p95_range": [
      0.9524047921520135,
      0.9998231881573605
    ],
    "std": 0.011166978629447526
  }
}