{
  "background data0": {
    "best": 7.76024045172936e-08,
    "index": 1,
    "integer": false,
    "label": "background data0",
    "mean": 1.409166258272074e-07,
    "median": 4.961144437016713e-08,
    "p68": [
      -5.683250862795335e-08,
      3.383414101678258e-07
    ],
    "p68_range": [
      -5.683250862795335e-08,
      3.383414101678258e-07
    ],
    "p95": [
      -9.340164140012948e-08,
      7.361871725024061e-07
    ],
    "p95_range": [
      -9.340164140012948e-08,
      7.361871725024061e-07
    ],
    "std": 2.514741468260265e-07
  },
  "background data1": {
    "best": 6.907854318853484e-07,
    "index": 10,
    "integer": false,
    "label": "background data1",
    "mean": 8.566433685090957e-07,
    "median": 7.975544064876956e-07,
    "p68": [
      4.767509684027364e-07,
      1.1810176682909411e-06
    ],
    "p68_range": [
      4.767509684027364e-07,
      1.1810176682909411e-06
    ],
    "p95": [
      1.0967111645493487e-07,
      2.013778675765269e-06
    ],
    "p95_range": [
      1.0967111645493487e-07,
      2.013778675765269e-06
    ],
    "std": 4.467313960079913e-07
  },
  "d2o rho": {
    "best": 5.949906029314725,
    "index": 6,
    "integer": false,
    "label": "d2o rho",
    "mean": 5.972901604790539,
    "median": 5.976129359801132,
    "p68": [
      5.927307583202187,
      6.015813343633656
    ],
    "p68_range": [
      5.927307583202187,
      6.015813343633656
    ],
    "p95": [
      5.87551741203744,
      6.049319311262452
    ],
    "p95_range": [
      5.87551741203744,
      6.049319311262452
    ],
    "std": 0.04620042558993149
  },
  "h2o rho": {
    "best": 4.995126446031719,
    "index": 11,
    "integer": false,
    "label": "h2o rho",
    "mean": 5.03533710282949,
    "median": 5.032495085696874,
    "p68": [
      4.996188848240481,
      5.076112936547041
    ],
    "p68_range": [
      4.996188848240481,
      5.076112936547041
    ],
    "p95": [
      4.96327122724004,
      5.118381384045678
    ],
    "p95_range": [
      4.96327122724004,
      5.118381384045678
    ],
    "std": 0.03939276086642105
  },
  "intensity data0": {
    "best": 1.0432872346549062,
    "index": 2,
    "integer": false,
    "label": "intensity data0",
    "mean": 1.020459615564757,
    "median": 1.0250131972317145,
    "p68": [
      0.9960452658628787,
      1.0432872346549062
    ],
    "p68_range": [
      0.9960452658628787,
      1.0432872346549062
    ],
    "p95": [
      0.9711659085760805,
      1.0495317794059384
    ],
    "p95_range": [
      0.9711659085760805,
      1.0495317794059384
    ],
    "std": 0.021825481061534018
  },
  "siox interface": {
    "best": 2.12679680776068,
    "index": 3,
    "integer": false,
    "label": "siox interface",
    "mean": 2.5405203248975337,
    "median": 2.572101613565772,
    "p68": [
      2.1923683968455676,
      2.8552408981918407
    ],
    "p68_range": [
      2.1923683968455676,
      2.8552408981918407
    ],
    "p95": [
      2.0333703724945527,
      2.9640126364794215
    ],
    "p95_range": [
      2.0333703724945527,
      2.9640126364794215
    ],
    "std": 0.2839041675410004
  },
  "siox rho": {
    "best": 3.4852698993873092,
    "index": 4,
    "integer": false,
    "label": "siox rho",
    "mean": 3.5297028053490216,
    "median": 3.535468642701307,
    "p68": [
      3.458633898546202,
      3.599419378187923
    ],
    "p68_range": [
      3.458633898546202,
      3.599419378187923
    ],
    "p95": [
      3.3791543440260483,
      3.6583310935259847
    ],
    "p95_range": [
      3.3791543440260483,
      3.6583310935259847
    ],
    "std": 0.07141122772465772
  },
  "siox thickness": {
    "best": 61.355308067330505,
    "index": 5,
    "integer": false,
    "label": "siox thickness",
    "mean": 61.199237757721114,
    "median": 61.15146288519695,
    "p68": [
      60.16737748648719,
      62.24096576037478
    ],
    "p68_range": [
      60.16737748648719,
      62.24096576037478
    ],
    "p95": [
      59.11778241370107,
      63.818216260920416
    ],
    "p95_range": [
      59.11778241370107,
      63.818216260920416
    ],
    "std": 1.3257835376280371
  },
  "surfasil roughness": {
    "best": 7.291449294674923,
    "index": 8,
    "integer": false,
    "label": "surfasil roughness",
    "mean": 6.931015755077,
    "median": 6.921881982391293,
    "p68": [
      6.434302147197441,
      7.489272940557666
    ],
    "p68_range": [
      6.434302147197441,
      7.489272940557666
    ],
    "p95": [
      5.607948776066398,
      8.236767252670345
    ],
    "p95_range": [
      5.607948776066398,
      8.236767252670345
    ],
    "std": 0.5702818777408519
  },
  "surfasil thickness": {
    "best": 60.57545241754734,
    "index": 7,
    "integer": false,
    "label": "surfasil thickness",
    "mean": 60.73781804353315,
    "median": 60.72342284456211,
    "p68": [
      60.38279573715529,
      61.15051520314336
    ],
    "p68_range": [
      60.38279573715529,
      61.15051520314336
    ],
    "p95": [
      59.79113655184121,
      61.55702527978798
    ],
    "p95_range": [
      59.79113655184121,
      61.55702527978798
    ],
    "std": 0.4481672956472545
  },
  "surfasil volfrac": {
    "best": 0.9993534130652503,
    "index": 9,
    "integer": false,
    "label": "surfasil volfrac",
    "mean": 0.9890849879202138,
    "median": 0.9928437954033714,
    "p68": [
      0.9792978413413141,
      0.9984786016264874
    ],
    "p68_range": [
      0.9792978413413141,
      0.9984786016264874
    ],
    "p95": [
      0.9569315452479488,
      0.9998354407208772
    ],
    "p95_range": [
      0.9569315452479488,
      0.9998354407208772
    ],
    "std": 0.011831812616825648
  }
}