{
  "background ch060": {
    "best": 5.2825327710533565e-06,
    "index": 13,
    "integer": false,
    "label": "background ch060",
    "mean": 4.499408253217899e-06,
    "median": 4.514808860230914e-06,
    "p68": [
      3.5395237689318315e-06,
      5.402405384327171e-06
    ],
    "p68_range": [
      3.5395237689318315e-06,
      5.402405384327171e-06
    ],
    "p95": [
      2.3704933275796382e-06,
      6.519497975103049e-06
    ],
    "p95_range": [
      2.3704933275796382e-06,
      6.519497975103049e-06
    ],
    "std": 1.0135841245985714e-06
  },
  "background ch061": {
    "best": 2.098842145364038e-06,
    "index": 1,
    "integer": false,
    "label": "background ch061",
    "mean": 2.0990794947050748e-06,
    "median": 2.1012263102635202e-06,
    "p68": [
      1.7330287836703735e-06,
      2.47117705439906e-06
    ],
    "p68_range": [
      1.7330287836703735e-06,
      2.47117705439906e-06
    ],
    "p95": [
      1.2455003693582468e-06,
      2.983987133817447e-06
    ],
    "p95_range": [
      1.2455003693582468e-06,
      2.983987133817447e-06
    ],
    "std": 4.139401861644646e-07
  },
  "d2o rho": {
    "best": 6.294268779180797,
    "index": 8,
    "integer": false,
    "label": "d2o rho",
    "mean": 6.102904514498467,
    "median": 6.144067898914936,
    "p68": [
      5.946537208580625,
      6.240168090626694
    ],
    "p68_range": [
      5.946537208580625,
      6.240168090626694
    ],
    "p95": [
      5.7544886491563245,
      6.3089642235009435
    ],
    "p95_range": [
      5.7544886491563245,
      6.3089642235009435
    ],
    "std": 0.1466669670175111
  },
  "global roughness": {
    "best": 2.1886533296714914,
    "index": 9,
    "integer": false,
    "label": "global roughness",
    "mean": 2.3060635075783416,
    "median": 2.2819236822171356,
    "p68": [
      2.082880446001636,
      2.5382880196115174
    ],
    "p68_range": [
      2.082880446001636,
      2.5382880196115174
    ],
    "p95": [
      2.012915123505189,
      2.8460940754538466
    ],
    "p95_range": [
      2.012915123505189,
      2.8460940754538466
    ],
    "std": 0.2189702668038691
  },
  "h2o rho": {
    "best": 0.5853883385228973,
    "index": 14,
    "integer": false,
    "label": "h2o rho",
    "mean": 0.25722354922552526,
    "median": 0.25806214510454517,
    "p68": [
      0.05244954917218324,
      0.5012687565818167
    ],
    "p68_range": [
      0.05244954917218324,
      0.5012687565818167
    ],
    "p95": [
      -0.16911990040024263,
      0.5900399388772183
    ],
    "p95_range": [
      -0.16911990040024263,
      0.5900399388772183
    ],
    "std": 0.21237368325644743
  },
  "intensity ch061": {
    "best": 1.0042632072648727,
    "index": 2,
    "integer": false,
    "label": "intensity ch061",
    "mean": 1.0069635366117071,
    "median": 1.0124518606530082,
    "p68": [
      0.9762811976054314,
      1.0395545546505125
    ],
    "p68_range": [
      0.9762811976054314,
      1.0395545546505125
    ],
    "p95": [
      0.9349997131996322,
      1.0484345249962925
    ],
    "p95_range": [
      0.9349997131996322,
      1.0484345249962925
    ],
    "std": 0.031086746482172956
  },
  "sample_broadening ch061": {
    "best": 0.00038451308595278,
    "index": 3,
    "integer": false,
    "label": "sample_broadening ch061",
    "mean": 0.002361335644692396,
    "median": 0.0011391008836376796,
    "p68": [
      -0.003101802677000414,
      0.008751617038194943
    ],
    "p68_range": [
      -0.003101802677000414,
      0.008751617038194943
    ],
    "p95": [
      -0.004700925538964128,
      0.015189153306437643
    ],
    "p95_range": [
      -0.004700925538964128,
      0.015189153306437643
    ],
    "std": 0.0056705752089838335
  },
  "siox interface": {
    "best": 2.4545785006301677,
    "index": 5,
    "integer": false,
    "label": "siox interface",
    "mean": 2.4428569623712235,
    "median": 2.4130794427005706,
    "p68": [
      2.0915555251028946,
      2.777752536352789
    ],
    "p68_range": [
      2.0915555251028946,
      2.777752536352789
    ],
    "p95": [
      2.0080603265526533,
      2.9636593723366382
    ],
    "p95_range": [
      2.0080603265526533,
      2.9636593723366382
    ],
    "std": 0.29665193388428474
  },
  "siox rho": {
    "best": 3.1048503373438194,
    "index": 6,
    "integer": false,
    "label": "siox rho",
    "mean": 3.1224665567877077,
    "median": 3.1097242019863236,
    "p68": [
      3.102807493563631,
      3.131130389307321
    ],
    "p68_range": [
      3.102807493563631,
      3.131130389307321
    ],
    "p95": [
      3.1002950893264556,
      3.2297488692937852
    ],
    "p95_range": [
      3.1002950893264556,
      3.2297488692937852
    ],
    "std": 0.039323711267973335
  },
  "siox thickness": {
    "best": 65.25786481324342,
    "index": 7,
    "integer": false,
    "label": "siox thickness",
    "mean": 38.3612461207694,
    "median": 33.37601885904847,
    "p68": [
      27.564812360663826,
      57.10469688740162
    ],
    "p68_range": [
      27.564812360663826,
      57.10469688740162
    ],
    "p95": [
      23.59031785193177,
      68.09316298953405
    ],
    "p95_range": [
      23.59031785193177,
      68.09316298953405
    ],
    "std": 13.251694892393878
  },
  "surfasil numfrac": {
    "best": 5.507101099127442,
    "index": 11,
    "integer": false,
    "label": "surfasil numfrac",
    "mean": 7.306313626270391,
    "median": 7.254258200547014,
    "p68": [
      6.438774333100813,
      8.181809836605803
    ],
    "p68_range": [
      6.438774333100813,
      8.181809836605803
    ],
    "p95": [
      5.473441266168663,
      8.980409149391008
    ],
    "p95_range": [
      5.473441266168663,
      8.980409149391008
    ],
    "std": 0.8798900898301427
  },
  "surfasil roughness": {
    "best": 2.2071737479978184,
    "index": 12,
    "integer": false,
    "label": "surfasil roughness",
    "mean": 2.643330067684502,
    "median": 2.7046270932465317,
    "p68": [
      2.3089256173308774,
      2.9127674885000547
    ],
    "p68_range": [
      2.3089256173308774,
      2.9127674885000547
    ],
    "p95": [
      2.104485088539664,
      2.986870702371613
    ],
    "p95_range": [
      2.104485088539664,
      2.986870702371613
    ],
    "std": 0.2657407598131882
  },
  "surfasil thickness": {
    "best": 69.93150386777268,
    "index": 10,
    "integer": false,
    "label": "surfasil thickness",
    "mean": 66.57953674118848,
    "median": 67.74919248910646,
    "p68": [
      63.26993095468955,
      69.55863772848616
    ],
    "p68_range": [
      63.26993095468955,
      69.55863772848616
    ],
    "p95": [
      58.799617380414425,
      69.95225371322076
    ],
    "p95_range": [
      58.799617380414425,
      69.95225371322076
    ],
    "std": 3.3639142326074922
  },
  "theta_offset ch061": {
    "best": 0.004784684265509906,
    "index": 4,
    "integer": false,
    "label": "theta_offset ch061",
    "mean": 0.0008705418781696415,
    "median": 0.0032016891126517622,
    "p68": [
      -0.004173612854415795,
      0.004448194308355503
    ],
    "p68_range": [
      -0.004173612854415795,
      0.004448194308355503
    ],
    "p95": [
      -0.012790419299323244,
      0.0048919246979788455
    ],
    "p95_range": [
      -0.012790419299323244,
      0.0048919246979788455
    ],
    "std": 0.004838280031975484
  }
}