{
  "background data0": {
    "best": -9.67691776837997e-08,
    "index": 1,
    "integer": false,
    "label": "background data0",
    "mean": 2.0092766366518604e-07,
    "median": 1.2802587978985573e-07,
    "p68": [
      -2.6098032928030403e-08,
      4.185347799959918e-07
    ],
    "p68_range": [
      -2.6098032928030403e-08,
      4.185347799959918e-07
    ],
    "p95": [
      -8.547569850231208e-08,
      8.894628593037961e-07
    ],
    "p95_range": [
      -8.547569850231208e-08,
      8.894628593037961e-07
    ],
    "std": 2.5936184827714865e-07
  },
  "background data1": {
    "best": 8.703626944669053e-07,
    "index": 10,
    "integer": false,
    "label": "background data1",
    "mean": 9.51850405853419e-07,
    "median": 8.729276304666849e-07,
    "p68": [
      5.217767422728386e-07,
      1.3811080805831257e-06
    ],
    "p68_range": [
      5.217767422728386e-07,
      1.3811080805831257e-06
    ],
    "p95": [
      2.2267976872150948e-07,
      2.0089975239684337e-06
    ],
    "p95_range": [
      2.2267976872150948e-07,
      2.0089975239684337e-06
    ],
    "std": 4.5626049603358463e-07
  },
  "d2o rho": {
    "best": 5.956707770534158,
    "index": 6,
    "integer": false,
    "label": "d2o rho",
    "mean": 5.970405553415167,
    "median": 5.968428989162696,
    "p68": [
      5.922875295861304,
      6.017265626458081
    ],
    "p68_range": [
      5.922875295861304,
      6.017265626458081
    ],
    "p95": [
      5.874494204846668,
      6.083503434964518
    ],
    "p95_range": [
      5.874494204846668,
      6.083503434964518
    ],
    "std": 0.053486101092283474
  },
  "h2o rho": {
    "best": 5.038767542956934,
    "index": 11,
    "integer": false,
    "label": "h2o rho",
    "mean": 5.027564420451952,
    "median": 5.027576337290836,
    "p68": [
      4.984587322383916,
      5.079805369849792
    ],
    "p68_range": [
      4.984587322383916,
      5.079805369849792
    ],
    "p95": [
      4.914411680333182,
      5.1118756163862935
    ],
    "p95_range": [
      4.914411680333182,
      5.1118756163862935
    ],
    "std": 0.04981043472066007
  },
  "intensity data0": {
    "best": 1.0325265877601446,
    "index": 2,
    "integer": false,
    "label": "intensity data0",
    "mean": 1.015818246965249,
    "median": 1.0235560835024606,
    "p68": [
      0.9856794064334954,
      1.0430831099897138
    ],
    "p68_range": [
      0.9856794064334954,
      1.0430831099897138
    ],
    "p95": [
      0.9406213499539334,
      1.04889066290276
    ],
    "p95_range": [
      0.9406213499539334,
      1.04889066290276
    ],
    "std": 0.028166124987685
  },
  "siox interface": {
    "best": 2.064442454392558,
    "index": 3,
    "integer": false,
    "label": "siox interface",
    "mean": 2.574914071326359,
    "median": 2.5855315896126507,
    "p68": [
      2.271466100630366,
      2.8841686606699373
    ],
    "p68_range": [
      2.271466100630366,
      2.8841686606699373
    ],
    "p95": [
      2.05957080700258,
      2.9843545114359875
    ],
    "p95_range": [
      2.05957080700258,
      2.9843545114359875
    ],
    "std": 0.27687673777301935
  },
  "siox rho": {
    "best": 3.4762715388827954,
    "index": 4,
    "integer": false,
    "label": "siox rho",
    "mean": 3.5158436761234255,
    "median": 3.5163072910982116,
    "p68": [
      3.4433256848272946,
      3.6082044243305
    ],
    "p68_range": [
      3.4433256848272946,
      3.6082044243305
    ],
    "p95": [
      3.3223126630257225,
      3.6633741196518783
    ],
    "p95_range": [
      3.3223126630257225,
      3.6633741196518783
    ],
    "std": 0.08681266883815744
  },
  "siox thickness": {
    "best": 61.086243958989805,
    "index": 5,
    "integer": false,
    "label": "siox thickness",
    "mean": 61.20089742530978,
    "median": 61.283256915558646,
    "p68": [
      59.834552759109236,
      62.686845936613416
    ],
    "p68_range": [
      59.834552759109236,
      62.686845936613416
    ],
    "p95": [
      58.21923993092801,
      64.01883857508315
    ],
    "p95_range": [
      58.21923993092801,
      64.01883857508315
    ],
    "std": 1.5382275387848325
  },
  "surfasil roughness": {
    "best": 7.270681182047021,
    "index": 8,
    "integer": false,
    "label": "surfasil roughness",
    "mean": 6.943507734645286,
    "median": 6.941248307276694,
    "p68": [
      6.33684862440765,
      7.553864470061184
    ],
    "p68_range": [
      6.33684862440765,
      7.553864470061184
    ],
    "p95": [
      5.570110312292093,
      8.280934208735339
    ],
    "p95_range": [
      5.570110312292093,
      8.280934208735339
    ],
    "std": 0.6450633547374731
  },
  "surfasil thickness": {
    "best": 60.45496236205608,
    "index": 7,
    "integer": false,
    "label": "surfasil thickness",
    "mean": 60.68367851461018,
    "median": 60.6469500910075,
    "p68": [
      60.20023694928266,
      61.15600133032966
    ],
    "p68_range": [
      60.20023694928266,
      61.15600133032966
    ],
    "p95": [
      59.52127681415919,
      61.973251916093524
    ],
    "p95_range": [
      59.52127681415919,
      61.973251916093524
    ],
    "std": 0.5601346496299957
  },
  "surfasil volfrac": {
    "best": 0.9971003474028405,
    "index": 9,
    "integer": false,
    "label": "surfasil volfrac",
    "mean": 0.9910301339927655,
    "median": 0.9935379132229122,
    "p68": [
      0.984506398176343,
      0.9980110610309342
    ],
    "p68_range": [
      0.984506398176343,
      0.9980110610309342
    ],
    "p95": [
      0.965699535461097,
      0.999595394992076
    ],
    "p95_range": [
      0.965699535461097,
      0.999595394992076
    ],
    "std": 0.008619476282800619
  }
}