{
  "background0": {
    "best": 0.07242257916554162,
    "index": 3,
    "integer": false,
    "label": "background0",
    "mean": 0.07240087715012639,
    "median": 0.07237641118135499,
    "p68": [
      0.07224222222740027,
      0.07258727634667385
    ],
    "p68_range": [
      0.07224222222740027,
      0.07258727634667385
    ],
    "p95": [
      0.07208413776322724,
      0.0727687426953212
    ],
    "p95_range": [
      0.07208413776322724,
      0.0727687426953212
    ],
    "std": 0.00017214843653893554
  },
  "l_lipid": {
    "best": 13.353631962562918,
    "index": 1,
    "integer": false,
    "label": "l_lipid",
    "mean": 13.206168335391718,
    "median": 13.201529870838279,
    "p68": [
      12.953958500819555,
      13.42240467027091
    ],
    "p68_range": [
      12.953958500819555,
      13.42240467027091
    ],
    "p95": [
      12.76548209168573,
      13.537560405395313
    ],
    "p95_range": [
      12.76548209168573,
      13.537560405395313
    ],
    "std": 0.2108026329551219
  },
  "radius_pd": {
    "best": 0.33180954591244616,
    "index": 4,
    "integer": false,
    "label": "radius_pd",
    "mean": 0.26880330749407216,
    "median": 0.26138660728267193,
    "p68": [
      0.1514210505130596,
      0.3782023476959022
    ],
    "p68_range": [
      0.1514210505130596,
      0.3782023476959022
    ],
    "p95": [
      0.12977410190170557,
      0.49141614333337447
    ],
    "p95_range": [
      0.12977410190170557,
      0.49141614333337447
    ],
    "std": 0.10525450885770112
  },
  "scale": {
    "best": 0.0737897989537934,
    "index": 5,
    "integer": false,
    "label": "scale",
    "mean": 0.20633246141889577,
    "median": 0.15480919655716394,
    "p68": [
      0.05449721682429451,
      0.3886801405349439
    ],
    "p68_range": [
      0.05449721682429451,
      0.3886801405349439
    ],
    "p95": [
      0.04335023318377022,
      0.48276498560362535
    ],
    "p95_range": [
      0.04335023318377022,
      0.48276498560362535
    ],
    "std": 0.14643270016008228
  },
  "sigma": {
    "best": 2.1215078754744,
    "index": 2,
    "integer": false,
    "label": "sigma",
    "mean": 2.665283297244241,
    "median": 2.62214821507529,
    "p68": [
      2.0540793154944956,
      3.3661011366854616
    ],
    "p68_range": [
      2.0540793154944956,
      3.3661011366854616
    ],
    "p95": [
      2.0053439733044374,
      3.468407789569654
    ],
    "p95_range": [
      2.0053439733044374,
      3.468407789569654
    ],
    "std": 0.5369228935252784
  },
  "sld_solvent0": {
    "best": 5.451978463022813,
    "index": 6,
    "integer": false,
    "label": "sld_solvent0",
    "mean": 5.721074996579799,
    "median": 5.754136186335536,
    "p68": [
      5.272405000081617,
      6.207244371716278
    ],
    "p68_range": [
      5.272405000081617,
      6.207244371716278
    ],
    "p95": [
      5.033128552649741,
      6.383963740612559
    ],
    "p95_range": [
      5.033128552649741,
      6.383963740612559
    ],
    "std": 0.4190678085539938
  },
  "volfraction": {
    "best": 0.5426318750893409,
    "index": 7,
    "integer": false,
    "label": "volfraction",
    "mean": 0.31503861779144954,
    "median": 0.2409419015879387,
    "p68": [
      0.09791699767624737,
      0.623834177476171
    ],
    "p68_range": [
      0.09791699767624737,
      0.623834177476171
    ],
    "p95": [
      0.06208532511426259,
      0.7033949254977497
    ],
    "p95_range": [
      0.06208532511426259,
      0.7033949254977497
    ],
    "std": 0.21955485113561649
  }
}