{
  "background0": {
    "best": 0.07240257136147099,
    "index": 3,
    "integer": false,
    "label": "background0",
    "mean": 0.07239494277512201,
    "median": 0.07239347837608912,
    "p68": [
      0.07220782933562393,
      0.07258820806149091
    ],
    "p68_range": [
      0.07220782933562393,
      0.07258820806149091
    ],
    "p95": [
      0.0719882905111761,
      0.07287260559164122
    ],
    "p95_range": [
      0.0719882905111761,
      0.07287260559164122
    ],
    "std": 0.00020866936848403103
  },
  "l_lipid": {
    "best": 13.281978913411624,
    "index": 1,
    "integer": false,
    "label": "l_lipid",
    "mean": 13.208284076082654,
    "median": 13.232660309944762,
    "p68": [
      12.936055256242541,
      13.462961926682457
    ],
    "p68_range": [
      12.936055256242541,
      13.462961926682457
    ],
    "p95": [
      12.665824155122099,
      13.659945917624704
    ],
    "p95_range": [
      12.665824155122099,
      13.659945917624704
    ],
    "std": 0.2547195323143289
  },
  "radius_pd": {
    "best": 0.4751462661197253,
    "index": 4,
    "integer": false,
    "label": "radius_pd",
    "mean": 0.285951118528427,
    "median": 0.29117187316356813,
    "p68": [
      0.1490494198454051,
      0.4424715285784946
    ],
    "p68_range": [
      0.1490494198454051,
      0.4424715285784946
    ],
    "p95": [
      0.11548262763261581,
      0.4931360598039648
    ],
    "p95_range": [
      0.11548262763261581,
      0.4931360598039648
    ],
    "std": 0.11916422908155914
  },
  "scale": {
    "best": 0.15094832047303997,
    "index": 5,
    "integer": false,
    "label": "scale",
    "mean": 0.19001088710094638,
    "median": 0.12192089683403323,
    "p68": [
      0.06328935971040824,
      0.3866405660889379
    ],
    "p68_range": [
      0.06328935971040824,
      0.3866405660889379
    ],
    "p95": [
      0.040632770696249036,
      0.4917983899821461
    ],
    "p95_range": [
      0.040632770696249036,
      0.4917983899821461
    ],
    "std": 0.14622876998885245
  },
  "sigma": {
    "best": 2.466773297001043,
    "index": 2,
    "integer": false,
    "label": "sigma",
    "mean": 2.703651871930138,
    "median": 2.6604428517604624,
    "p68": [
      2.100019193900066,
      3.425038332102931
    ],
    "p68_range": [
      2.100019193900066,
      3.425038332102931
    ],
    "p95": [
      2.00388654684582,
      3.4851654723069796
    ],
    "p95_range": [
      2.00388654684582,
      3.4851654723069796
    ],
    "std": 0.5418401415100458
  },
  "sld_solvent0": {
    "best": 6.107560765307441,
    "index": 6,
    "integer": false,
    "label": "sld_solvent0",
    "mean": 5.668303895338701,
    "median": 5.661805904030039,
    "p68": [
      5.231359281896655,
      6.117844252801745
    ],
    "p68_range": [
      5.231359281896655,
      6.117844252801745
    ],
    "p95": [
      5.090203463776403,
      6.376944277699435
    ],
    "p95_range": [
      5.090203463776403,
      6.376944277699435
    ],
    "std": 0.39674370746372806
  },
  "volfraction": {
    "best": 0.23360443098328287,
    "index": 7,
    "integer": false,
    "label": "volfraction",
    "mean": 0.3399866386168748,
    "median": 0.34835562345531534,
    "p68": [
      0.09136342557060888,
      0.5566455578630645
    ],
    "p68_range": [
      0.09136342557060888,
      0.5566455578630645
    ],
    "p95": [
      0.07602290596921066,
      0.7126611474793163
    ],
    "p95_range": [
      0.07602290596921066,
      0.7126611474793163
    ],
    "std": 0.2068417081496351
  }
}