{
  "background0": {
    "best": 0.07250217159274157,
    "index": 3,
    "integer": false,
    "label": "background0",
    "mean": 0.07241754044679871,
    "median": 0.07240645873049435,
    "p68": [
      0.0722731298864993,
      0.07258276399312572
    ],
    "p68_range": [
      0.0722731298864993,
      0.07258276399312572
    ],
    "p95": [
      0.07211568126923897,
      0.07272023372859052
    ],
    "p95_range": [
      0.07211568126923897,
      0.07272023372859052
    ],
    "std": 0.00015281687321237435
  },
  "l_lipid": {
    "best": 13.184902442729005,
    "index": 1,
    "integer": false,
    "label": "l_lipid",
    "mean": 13.246788292133848,
    "median": 13.236566505571766,
    "p68": [
      13.06189568786826,
      13.435271986717236
    ],
    "p68_range": [
      13.06189568786826,
      13.435271986717236
    ],
    "p95": [
      12.763127173457207,
      13.611888559475208
    ],
    "p95_range": [
      12.763127173457207,
      13.611888559475208
    ],
    "std": 0.193814240797284
  },
  "radius_pd": {
    "best": 0.2928466764848691,
    "index": 4,
    "integer": false,
    "label": "radius_pd",
    "mean": 0.265961342242413,
    "median": 0.2649271205507716,
    "p68": [
      0.1494975943888678,
      0.37920878220791127
    ],
    "p68_range": [
      0.1494975943888678,
      0.37920878220791127
    ],
    "p95": [
      0.12635949671154276,
      0.4835684706963418
    ],
    "p95_range": [
      0.12635949671154276,
      0.4835684706963418
    ],
    "std": 0.10491497769409013
  },
  "scale": {
    "best": 0.0652853861333093,
    "index": 5,
    "integer": false,
    "label": "scale",
    "mean": 0.21620743567022022,
    "median": 0.22023001416776944,
    "p68": [
      0.06877128649083661,
      0.3597940869790759
    ],
    "p68_range": [
      0.06877128649083661,
      0.3597940869790759
    ],
    "p95": [
      0.05222515626790554,
      0.4538734903401896
    ],
    "p95_range": [
      0.05222515626790554,
      0.4538734903401896
    ],
    "std": 0.12037079640098654
  },
  "sigma": {
    "best": 2.3731630527183003,
    "index": 2,
    "integer": false,
    "label": "sigma",
    "mean": 2.59908919967584,
    "median": 2.521344433136205,
    "p68": [
      2.055090507110477,
      3.257604741493382
    ],
    "p68_range": [
      2.055090507110477,
      3.257604741493382
    ],
    "p95": [
      2.003778794218371,
      3.4949519367904647
    ],
    "p95_range": [
      2.003778794218371,
      3.4949519367904647
    ],
    "std": 0.4953910295297595
  },
  "sld_solvent0": {
    "best": 6.091318997579804,
    "index": 6,
    "integer": false,
    "label": "sld_solvent0",
    "mean": 5.6748485134608755,
    "median": 5.7143188263260765,
    "p68": [
      5.178087880370131,
      6.158078749505679
    ],
    "p68_range": [
      5.178087880370131,
      6.158078749505679
    ],
    "p95": [
      5.037006122568692,
      6.31250513185887
    ],
    "p95_range": [
      5.037006122568692,
      6.31250513185887
    ],
    "std": 0.4054023564993258
  },
  "volfraction": {
    "best": 0.4896666706175854,
    "index": 7,
    "integer": false,
    "label": "volfraction",
    "mean": 0.2648067855248725,
    "median": 0.17207493985985034,
    "p68": [
      0.10793383484447756,
      0.5812798621830163
    ],
    "p68_range": [
      0.10793383484447756,
      0.5812798621830163
    ],
    "p95": [
      0.07733908824826165,
      0.6513110367401047
    ],
    "p95_range": [
      0.07733908824826165,
      0.6513110367401047
    ],
    "std": 0.19277773311166152
  }
}