{
  "background_0": {
    "best": -8.90354352031031,
    "index": 10,
    "integer": false,
    "label": "background_0",
    "mean": -8.096468953314428,
    "median": -8.101836936779202,
    "p68": [
      -8.69755163446693,
      -7.510340780332152
    ],
    "p68_range": [
      -8.69755163446693,
      -7.510340780332152
    ],
    "p95": [
      -8.948157338135141,
      -7.030888262010151
    ],
    "p95_range": [
      -8.948157338135141,
      -7.030888262010151
    ],
    "std": 0.5319053302077735
  },
  "global_rough": {
    "best": 2.3156870370127667,
    "index": 8,
    "integer": false,
    "label": "global_rough",
    "mean": 3.3086683365409,
    "median": 3.357587380010008,
    "p68": [
      2.4660591701242094,
      4.104376068227135
    ],
    "p68_range": [
      2.4660591701242094,
      4.104376068227135
    ],
    "p95": [
      2.068126514886789,
      4.582604951505902
    ],
    "p95_range": [
      2.068126514886789,
      4.582604951505902
    ],
    "std": 0.728277981926061
  },
  "l_lipid1": {
    "best": 12.608350675681764,
    "index": 4,
    "integer": false,
    "label": "l_lipid1",
    "mean": 11.612553333544236,
    "median": 11.475590468442094,
    "p68": [
      10.347898850817897,
      12.826536875191247
    ],
    "p68_range": [
      10.347898850817897,
      12.826536875191247
    ],
    "p95": [
      10.053215419656853,
      13.932749636903463
    ],
    "p95_range": [
      10.053215419656853,
      13.932749636903463
    ],
    "std": 1.101750419456459
  },
  "l_lipid2": {
    "best": 10.335613784358662,
    "index": 5,
    "integer": false,
    "label": "l_lipid2",
    "mean": 11.384480278615737,
    "median": 11.1977719247192,
    "p68": [
      10.27755746952869,
      12.532904711136293
    ],
    "p68_range": [
      10.27755746952869,
      12.532904711136293
    ],
    "p95": [
      10.03001136283437,
      13.696051561386106
    ],
    "p95_range": [
      10.03001136283437,
      13.696051561386106
    ],
    "std": 1.0351626484012886
  },
  "l_siox": {
    "best": 19.976449434849854,
    "index": 1,
    "integer": false,
    "label": "l_siox",
    "mean": 18.740479708691954,
    "median": 18.68994702772655,
    "p68": [
      17.49508793640666,
      20.041042411693688
    ],
    "p68_range": [
      17.49508793640666,
      20.041042411693688
    ],
    "p95": [
      16.312660306126247,
      21.316163771031615
    ],
    "p95_range": [
      16.312660306126247,
      21.316163771031615
    ],
    "std": 1.286404292603106
  },
  "l_submembrane": {
    "best": 2.323431174032286,
    "index": 3,
    "integer": false,
    "label": "l_submembrane",
    "mean": 2.808488989290716,
    "median": 2.853791049444754,
    "p68": [
      2.1963180765154497,
      3.3960130563388082
    ],
    "p68_range": [
      2.1963180765154497,
      3.3960130563388082
    ],
    "p95": [
      1.557825611741908,
      3.8613500223309902
    ],
    "p95_range": [
      1.557825611741908,
      3.8613500223309902
    ],
    "std": 0.5941784699224675
  },
  "rho_siox": {
    "best": 3.46860981265637,
    "index": 2,
    "integer": false,
    "label": "rho_siox",
    "mean": 3.616370669489261,
    "median": 3.6112340591174026,
    "p68": [
      3.5019499565598666,
      3.7467370576010732
    ],
    "p68_range": [
      3.5019499565598666,
      3.7467370576010732
    ],
    "p95": [
      3.4281942319106498,
      3.795251915060384
    ],
    "p95_range": [
      3.4281942319106498,
      3.795251915060384
    ],
    "std": 0.10688462272663658
  },
  "rho_solv_0": {
    "best": 1.4733451573156957,
    "index": 7,
    "integer": false,
    "label": "rho_solv_0",
    "mean": 1.471857620802359,
    "median": 1.4710052757689298,
    "p68": [
      1.4568217292951344,
      1.4865430663853654
    ],
    "p68_range": [
      1.4568217292951344,
      1.4865430663853654
    ],
    "p95": [
      1.4432735910618735,
      1.501546009253981
    ],
    "p95_range": [
      1.4432735910618735,
      1.501546009253981
    ],
    "std": 0.01477348259213619
  },
  "sigma": {
    "best": 2.1279720701233176,
    "index": 9,
    "integer": false,
    "label": "sigma",
    "mean": 2.6735772635635326,
    "median": 2.569729860882071,
    "p68": [
      2.1400212864184276,
      3.2216947697515375
    ],
    "p68_range": [
      2.1400212864184276,
      3.2216947697515375
    ],
    "p95": [
      2.0145027513978335,
      3.877374142822257
    ],
    "p95_range": [
      2.0145027513978335,
      3.877374142822257
    ],
    "std": 0.5205687946126867
  },
  "vf_bilayer": {
    "best": 0.9598304246072586,
    "index": 6,
    "integer": false,
    "label": "vf_bilayer",
    "mean": 0.9593300606954154,
    "median": 0.9625270864420041,
    "p68": [
      0.92545509374256,
      0.990553602580094
    ],
    "p68_range": [
      0.92545509374256,
      0.990553602580094
    ],
    "p95": [
      0.9038561563756997,
      0.9985925009925173
    ],
    "p95_range": [
      0.9038561563756997,
      0.9985925009925173
    ],
    "std": 0.028452380785693534
  }
}