{
  "background_0": {
    "best": 1.042475195093065e-06,
    "index": 1,
    "integer": false,
    "label": "background_0",
    "mean": 1.0236141302270189e-06,
    "median": 1.0214236497804384e-06,
    "p68": [
      9.858116784088687e-07,
      1.063611365169595e-06
    ],
    "p68_range": [
      9.858116784088687e-07,
      1.063611365169595e-06
    ],
    "p95": [
      9.487183714925559e-07,
      1.0989069481945867e-06
    ],
    "p95_range": [
      9.487183714925559e-07,
      1.0989069481945867e-06
    ],
    "std": 3.839275473779894e-08
  },
  "background_1": {
    "best": 3.931436889467343e-06,
    "index": 17,
    "integer": false,
    "label": "background_1",
    "mean": 3.9039750530365624e-06,
    "median": 3.902165929390711e-06,
    "p68": [
      3.821955560098135e-06,
      3.991308946570031e-06
    ],
    "p68_range": [
      3.821955560098135e-06,
      3.991308946570031e-06
    ],
    "p95": [
      3.7292522703382354e-06,
      4.0576281113198455e-06
    ],
    "p95_range": [
      3.7292522703382354e-06,
      4.0576281113198455e-06
    ],
    "std": 8.280723564207288e-08
  },
  "bilayer_roughness": {
    "best": 4.984328769727033,
    "index": 15,
    "integer": false,
    "label": "bilayer_roughness",
    "mean": 4.864895854888519,
    "median": 4.847374716302462,
    "p68": [
      4.652013497573007,
      5.103804075138091
    ],
    "p68_range": [
      4.652013497573007,
      5.103804075138091
    ],
    "p95": [
      4.445326678775462,
      5.340348776740353
    ],
    "p95_range": [
      4.445326678775462,
      5.340348776740353
    ],
    "std": 0.22295953410752212
  },
  "inner_acyl_chain_thickness": {
    "best": 10.8844088118764,
    "index": 12,
    "integer": false,
    "label": "inner_acyl_chain_thickness",
    "mean": 10.844417426092177,
    "median": 10.83893600979753,
    "p68": [
      10.44859586113323,
      11.246040399822446
    ],
    "p68_range": [
      10.44859586113323,
      11.246040399822446
    ],
    "p95": [
      10.149049868387577,
      11.532411023793273
    ],
    "p95_range": [
      10.149049868387577,
      11.532411023793273
    ],
    "std": 0.3685553971041065
  },
  "intensity": {
    "best": 1.0003064032372566,
    "index": 2,
    "integer": false,
    "label": "intensity",
    "mean": 0.9992467833168738,
    "median": 0.9992457611014083,
    "p68": [
      0.9984164662408043,
      1.0000714589798376
    ],
    "p68_range": [
      0.9984164662408043,
      1.0000714589798376
    ],
    "p95": [
      0.9975463599097393,
      1.00057674466766
    ],
    "p95_range": [
      0.9975463599097393,
      1.00057674466766
    ],
    "std": 0.000796787905696368
  },
  "outer_acyl_chain_thickness": {
    "best": 13.919793116233539,
    "index": 13,
    "integer": false,
    "label": "outer_acyl_chain_thickness",
    "mean": 13.973629212002091,
    "median": 14.012320858740583,
    "p68": [
      13.557147305498,
      14.393505921741697
    ],
    "p68_range": [
      13.557147305498,
      14.393505921741697
    ],
    "p95": [
      13.05839067632711,
      14.690098157893898
    ],
    "p95_range": [
      13.05839067632711,
      14.690098157893898
    ],
    "std": 0.40547565199040614
  },
  "rho_siox": {
    "best": 3.4623832206521112,
    "index": 6,
    "integer": false,
    "label": "rho_siox",
    "mean": 3.5431161138605014,
    "median": 3.5361486234783337,
    "p68": [
      3.400669657481618,
      3.700525828992463
    ],
    "p68_range": [
      3.400669657481618,
      3.700525828992463
    ],
    "p95": [
      3.3139156471527675,
      3.8458960584075066
    ],
    "p95_range": [
      3.3139156471527675,
      3.8458960584075066
    ],
    "std": 0.14366568113742617
  },
  "rho_solv_0": {
    "best": 6.17453732929182,
    "index": 10,
    "integer": false,
    "label": "rho_solv_0",
    "mean": 6.198673908055356,
    "median": 6.202568861469344,
    "p68": [
      6.164221078367025,
      6.233710288635216
    ],
    "p68_range": [
      6.164221078367025,
      6.233710288635216
    ],
    "p95": [
      6.1204114469050905,
      6.263653951155166
    ],
    "p95_range": [
      6.1204114469050905,
      6.263653951155166
    ],
    "std": 0.0370484070788653
  },
  "rho_solv_1": {
    "best": -0.5317986947697817,
    "index": 18,
    "integer": false,
    "label": "rho_solv_1",
    "mean": -0.540292420990163,
    "median": -0.5396751840831445,
    "p68": [
      -0.5592908743894104,
      -0.5226141031909366
    ],
    "p68_range": [
      -0.5592908743894104,
      -0.5226141031909366
    ],
    "p95": [
      -0.574430734712603,
      -0.5077945850999919
    ],
    "p95_range": [
      -0.574430734712603,
      -0.5077945850999919
    ],
    "std": 0.01800035984272663
  },
  "rho_tiox": {
    "best": 3.985202623507956,
    "index": 8,
    "integer": false,
    "label": "rho_tiox",
    "mean": 3.9952719439949895,
    "median": 3.997610354270461,
    "p68": [
      3.9786260950892576,
      4.011032691260541
    ],
    "p68_range": [
      3.9786260950892576,
      4.011032691260541
    ],
    "p95": [
      3.9585923285846674,
      4.026870017425039
    ],
    "p95_range": [
      3.9585923285846674,
      4.026870017425039
    ],
    "std": 0.016977622567732827
  },
  "sample_broadening": {
    "best": -0.00034961010803343185,
    "index": 3,
    "integer": false,
    "label": "sample_broadening",
    "mean": -0.0002551487183151268,
    "median": -0.0002686841815301107,
    "p68": [
      -0.0004904026990875142,
      -1.1799802096733613e-05
    ],
    "p68_range": [
      -0.0004904026990875142,
      -1.1799802096733613e-05
    ],
    "p95": [
      -0.0007261844093419588,
      0.00022718140440536346
    ],
    "p95_range": [
      -0.0007261844093419588,
      0.00022718140440536346
    ],
    "std": 0.00024651277555617505
  },
  "siox_interface": {
    "best": 6.766916380381228,
    "index": 5,
    "integer": false,
    "label": "siox_interface",
    "mean": 7.220746821710359,
    "median": 7.2560732477124334,
    "p68": [
      6.330479722294502,
      8.195652871019258
    ],
    "p68_range": [
      6.330479722294502,
      8.195652871019258
    ],
    "p95": [
      5.305180479387543,
      8.73378373028241
    ],
    "p95_range": [
      5.305180479387543,
      8.73378373028241
    ],
    "std": 0.9186861568347081
  },
  "siox_thickness": {
    "best": 15.753746892370346,
    "index": 7,
    "integer": false,
    "label": "siox_thickness",
    "mean": 15.915255751447503,
    "median": 15.879144139429787,
    "p68": [
      14.432138701416935,
      17.249702783849468
    ],
    "p68_range": [
      14.432138701416935,
      17.249702783849468
    ],
    "p95": [
      11.703034127830522,
      20.546854388733774
    ],
    "p95_range": [
      11.703034127830522,
      20.546854388733774
    ],
    "std": 1.853755122157091
  },
  "submembrane_thickness": {
    "best": 13.94811372538316,
    "index": 14,
    "integer": false,
    "label": "submembrane_thickness",
    "mean": 13.82825403045623,
    "median": 13.808989609242921,
    "p68": [
      13.585411240716615,
      14.105887352998783
    ],
    "p68_range": [
      13.585411240716615,
      14.105887352998783
    ],
    "p95": [
      13.363399860718502,
      14.393674344383765
    ],
    "p95_range": [
      13.363399860718502,
      14.393674344383765
    ],
    "std": 0.2527047115278898
  },
  "theta_offset": {
    "best": -0.001647060998452635,
    "index": 4,
    "integer": false,
    "label": "theta_offset",
    "mean": -0.0006905084896890724,
    "median": -0.0005367622143222423,
    "p68": [
      -0.0021055124019675672,
      0.0007082348955480833
    ],
    "p68_range": [
      -0.0021055124019675672,
      0.0007082348955480833
    ],
    "p95": [
      -0.0038252791511329013,
      0.0019353057594098918
    ],
    "p95_range": [
      -0.0038252791511329013,
      0.0019353057594098918
    ],
    "std": 0.0014758858066191284
  },
  "tiox_roughness": {
    "best": 6.765142470113897,