{
  "background_0": {
    "best": 9.771110059319026e-07,
    "index": 1,
    "integer": false,
    "label": "background_0",
    "mean": 1.0156838834704666e-06,
    "median": 1.0196915035161867e-06,
    "p68": [
      9.579269267184282e-07,
      1.0687896726095199e-06
    ],
    "p68_range": [
      9.579269267184282e-07,
      1.0687896726095199e-06
    ],
    "p95": [
      9.124092361767425e-07,
      1.1126900464023953e-06
    ],
    "p95_range": [
      9.124092361767425e-07,
      1.1126900464023953e-06
    ],
    "std": 5.248045065298711e-08
  },
  "background_1": {
    "best": 3.9075003849370615e-06,
    "index": 17,
    "integer": false,
    "label": "background_1",
    "mean": 3.866789718747807e-06,
    "median": 3.865421933464882e-06,
    "p68": [
      3.803960199891339e-06,
      3.931749479885806e-06
    ],
    "p68_range": [
      3.803960199891339e-06,
      3.931749479885806e-06
    ],
    "p95": [
      3.7603452569425114e-06,
      3.969867487319743e-06
    ],
    "p95_range": [
      3.7603452569425114e-06,
      3.969867487319743e-06
    ],
    "std": 6.054810415973457e-08
  },
  "bilayer_roughness": {
    "best": 4.539662367655003,
    "index": 15,
    "integer": false,
    "label": "bilayer_roughness",
    "mean": 4.665360861411305,
    "median": 4.666161224551968,
    "p68": [
      4.352173457600281,
      4.9463068138626
    ],
    "p68_range": [
      4.352173457600281,
      4.9463068138626
    ],
    "p95": [
      4.137582317174846,
      5.375869288259049
    ],
    "p95_range": [
      4.137582317174846,
      5.375869288259049
    ],
    "std": 0.29532884016216726
  },
  "inner_acyl_chain_thickness": {
    "best": 10.87003309852357,
    "index": 12,
    "integer": false,
    "label": "inner_acyl_chain_thickness",
    "mean": 11.173140183487899,
    "median": 11.199165763666814,
    "p68": [
      10.865238951460961,
      11.51214040370709
    ],
    "p68_range": [
      10.865238951460961,
      11.51214040370709
    ],
    "p95": [
      10.45002890452166,
      11.850429744695605
    ],
    "p95_range": [
      10.45002890452166,
      11.850429744695605
    ],
    "std": 0.3446205540384013
  },
  "intensity": {
    "best": 0.9992636450580304,
    "index": 2,
    "integer": false,
    "label": "intensity",
    "mean": 0.9992002993783103,
    "median": 0.999202659271841,
    "p68": [
      0.9985530798554033,
      0.9999803274045396
    ],
    "p68_range": [
      0.9985530798554033,
      0.9999803274045396
    ],
    "p95": [
      0.9976010207406905,
      1.0006272137155132
    ],
    "p95_range": [
      0.9976010207406905,
      1.0006272137155132
    ],
    "std": 0.000759340321811626
  },
  "outer_acyl_chain_thickness": {
    "best": 14.062578634554855,
    "index": 13,
    "integer": false,
    "label": "outer_acyl_chain_thickness",
    "mean": 13.693096144731205,
    "median": 13.704117960844789,
    "p68": [
      13.30038882829689,
      14.04721565832614
    ],
    "p68_range": [
      13.30038882829689,
      14.04721565832614
    ],
    "p95": [
      13.01932886990079,
      14.458502626573733
    ],
    "p95_range": [
      13.01932886990079,
      14.458502626573733
    ],
    "std": 0.38007066404572226
  },
  "rho_siox": {
    "best": 4.110678146209194,
    "index": 6,
    "integer": false,
    "label": "rho_siox",
    "mean": 3.8518938765182704,
    "median": 3.7793350880193928,
    "p68": [
      3.3293575662446253,
      4.425526481670132
    ],
    "p68_range": [
      3.3293575662446253,
      4.425526481670132
    ],
    "p95": [
      3.143193796081961,
      4.908519738471836
    ],
    "p95_range": [
      3.143193796081961,
      4.908519738471836
    ],
    "std": 0.48782816977468524
  },
  "rho_solv_0": {
    "best": 6.196548937874702,
    "index": 10,
    "integer": false,
    "label": "rho_solv_0",
    "mean": 6.206852015260918,
    "median": 6.205978637372806,
    "p68": [
      6.186551590881652,
      6.228661288786493
    ],
    "p68_range": [
      6.186551590881652,
      6.228661288786493
    ],
    "p95": [
      6.16652918411249,
      6.248240924165791
    ],
    "p95_range": [
      6.16652918411249,
      6.248240924165791
    ],
    "std": 0.022075691703725902
  },
  "rho_solv_1": {
    "best": -0.5395620134747893,
    "index": 18,
    "integer": false,
    "label": "rho_solv_1",
    "mean": -0.5431708183367482,
    "median": -0.5439881046883507,
    "p68": [
      -0.5587478877400961,
      -0.5259278522264662
    ],
    "p68_range": [
      -0.5587478877400961,
      -0.5259278522264662
    ],
    "p95": [
      -0.5710641483920068,
      -0.5150981424516508
    ],
    "p95_range": [
      -0.5710641483920068,
      -0.5150981424516508
    ],
    "std": 0.015011305139007959
  },
  "rho_tiox": {
    "best": 1.0051379315646085,
    "index": 8,
    "integer": false,
    "label": "rho_tiox",
    "mean": 1.0061449523492325,
    "median": 1.006179255602448,
    "p68": [
      0.9992248465505252,
      1.0126669278784677
    ],
    "p68_range": [
      0.9992248465505252,
      1.0126669278784677
    ],
    "p95": [
      0.9933151499344378,
      1.0182458945673547
    ],
    "p95_range": [
      0.9933151499344378,
      1.0182458945673547
    ],
    "std": 0.006560025774714766
  },
  "sample_broadening": {
    "best": 0.0005254787833768592,
    "index": 3,
    "integer": false,
    "label": "sample_broadening",
    "mean": 0.0006275540675186208,
    "median": 0.000617905687781898,
    "p68": [
      0.0002329098472074819,
      0.0010117572838299477
    ],
    "p68_range": [
      0.0002329098472074819,
      0.0010117572838299477
    ],
    "p95": [
      -8.983730803096662e-05,
      0.001319463973939784
    ],
    "p95_range": [
      -8.983730803096662e-05,
      0.001319463973939784
    ],
    "std": 0.0003707796855060682
  },
  "siox_interface": {
    "best": 7.450648534383845,
    "index": 5,
    "integer": false,
    "label": "siox_interface",
    "mean": 7.101388686966635,
    "median": 7.179453292180131,
    "p68": [
      6.60403794418221,
      7.491632667617089
    ],
    "p68_range": [
      6.60403794418221,
      7.491632667617089
    ],
    "p95": [
      6.20579691766215,
      7.7438412801321554
    ],
    "p95_range": [
      6.20579691766215,
      7.7438412801321554
    ],
    "std": 0.41977548409271737
  },
  "siox_thickness": {
    "best": 10.621311042197114,
    "index": 7,
    "integer": false,
    "label": "siox_thickness",
    "mean": 12.46347616353486,
    "median": 12.318783076428577,
    "p68": [
      9.422312267337489,
      15.6488827316831
    ],
    "p68_range": [
      9.422312267337489,
      15.6488827316831
    ],
    "p95": [
      8.11218258059213,
      17.470424923997548
    ],
    "p95_range": [
      8.11218258059213,
      17.470424923997548
    ],
    "std": 2.6783506344902173
  },
  "submembrane_thickness": {
    "best": 13.697309785613454,
    "index": 14,
    "integer": false,
    "label": "submembrane_thickness",
    "mean": 13.831076018784294,
    "median": 13.802583781332235,
    "p68": [
      13.664029874761829,
      14.042646332829559
    ],
    "p68_range": [
      13.664029874761829,
      14.042646332829559
    ],
    "p95": [
      13.491139399792328,
      14.247018161823464
    ],
    "p95_range": [
      13.491139399792328,
      14.247018161823464
    ],
    "std": 0.18868685809148025
  },
  "theta_offset": {
    "best": -0.000804589676629508,
    "index": 4,
    "integer": false,
    "label": "theta_offset",
    "mean": -0.0003968273593048321,
    "median": -0.00043238175309672346,
    "p68": [
      -0.0012254710934834381,
      0.0004518783070566943
    ],
    "p68_range": [
      -0.0012254710934834381,
      0.0004518783070566943
    ],
    "p95": [
      -0.0019891950230753997,
      0.0012770143936016666
    ],
    "p95_range": [
      -0.0019891950230753997,
      0.0012770143936016666
    ],
    "std": 0.0008726353854683742
  },
  "tiox_roughness": {
    "best": 6.9398405859445775,