{
  "background ch060": {
    "best": 4.108717874771278e-06,
    "index": 16,
    "integer": false,
    "label": "background ch060",
    "mean": 4.060924910003019e-06,
    "median": 4.06448358952662e-06,
    "p68": [
      3.91469815755337e-06,
      4.207063199568045e-06
    ],
    "p68_range": [
      3.91469815755337e-06,
      4.207063199568045e-06
    ],
    "p95": [
      3.772200276097473e-06,
      4.3310824750987115e-06
    ],
    "p95_range": [
      3.772200276097473e-06,
      4.3310824750987115e-06
    ],
    "std": 1.4470943902059072e-07
  },
  "background ch061": {
    "best": 3.509822318980592e-07,
    "index": 1,
    "integer": false,
    "label": "background ch061",
    "mean": 3.640003880507898e-07,
    "median": 3.687419638413819e-07,
    "p68": [
      2.4771988806377773e-07,
      4.807342389807861e-07
    ],
    "p68_range": [
      2.4771988806377773e-07,
      4.807342389807861e-07
    ],
    "p95": [
      1.2796543940929527e-07,
      5.779862640067708e-07
    ],
    "p95_range": [
      1.2796543940929527e-07,
      5.779862640067708e-07
    ],
    "std": 1.1389791420207022e-07
  },
  "bilayer roughness": {
    "best": 5.269184419163567,
    "index": 14,
    "integer": false,
    "label": "bilayer roughness",
    "mean": 5.230516275123821,
    "median": 5.227219003488223,
    "p68": [
      4.820666224830581,
      5.649106864991599
    ],
    "p68_range": [
      4.820666224830581,
      5.649106864991599
    ],
    "p95": [
      4.38179791709182,
      6.0046083355590145
    ],
    "p95_range": [
      4.38179791709182,
      6.0046083355590145
    ],
    "std": 0.41297966325008895
  },
  "d2o rho": {
    "best": 5.892147303477657,
    "index": 9,
    "integer": false,
    "label": "d2o rho",
    "mean": 5.910178986231125,
    "median": 5.9064218584525925,
    "p68": [
      5.868937977674057,
      5.95686286038018
    ],
    "p68_range": [
      5.868937977674057,
      5.95686286038018
    ],
    "p95": [
      5.825654278901284,
      5.996926189001381
    ],
    "p95_range": [
      5.825654278901284,
      5.996926189001381
    ],
    "std": 0.043836598961171876
  },
  "h2o rho": {
    "best": -0.27090887785361867,
    "index": 17,
    "integer": false,
    "label": "h2o rho",
    "mean": -0.3028504352244194,
    "median": -0.30328224097230816,
    "p68": [
      -0.3375522570872386,
      -0.2662856418411201
    ],
    "p68_range": [
      -0.3375522570872386,
      -0.2662856418411201
    ],
    "p95": [
      -0.3744209386837516,
      -0.23383469568695764
    ],
    "p95_range": [
      -0.3744209386837516,
      -0.23383469568695764
    ],
    "std": 0.03553539484655757
  },
  "inner acyl chain thickness": {
    "best": 14.386821195116077,
    "index": 11,
    "integer": false,
    "label": "inner acyl chain thickness",
    "mean": 14.43741918562028,
    "median": 14.457104212983658,
    "p68": [
      13.992208328033028,
      14.88637061826517
    ],
    "p68_range": [
      13.992208328033028,
      14.88637061826517
    ],
    "p95": [
      13.524355020738788,
      15.247581890945648
    ],
    "p95_range": [
      13.524355020738788,
      15.247581890945648
    ],
    "std": 0.4422681800929916
  },
  "intensity ch061": {
    "best": 0.988272179475929,
    "index": 2,
    "integer": false,
    "label": "intensity ch061",
    "mean": 0.9876713933282577,
    "median": 0.987560719144363,
    "p68": [
      0.9823620626168288,
      0.9929053343897115
    ],
    "p68_range": [
      0.9823620626168288,
      0.9929053343897115
    ],
    "p95": [
      0.9772153146003422,
      0.9983340887182766
    ],
    "p95_range": [
      0.9772153146003422,
      0.9983340887182766
    ],
    "std": 0.005388807585229799
  },
  "outer acyl chain thickness": {
    "best": 11.612030417242556,
    "index": 12,
    "integer": false,
    "label": "outer acyl chain thickness",
    "mean": 11.528936092582745,
    "median": 11.497222312775177,
    "p68": [
      11.038729545012878,
      12.0739921115842
    ],
    "p68_range": [
      11.038729545012878,
      12.0739921115842
    ],
    "p95": [
      10.54925053052477,
      12.549237947930063
    ],
    "p95_range": [
      10.54925053052477,
      12.549237947930063
    ],
    "std": 0.5139274155641939
  },
  "sample_broadening ch061": {
    "best": 0.0013169859498266968,
    "index": 3,
    "integer": false,
    "label": "sample_broadening ch061",
    "mean": 0.0012157791761157664,
    "median": 0.001330338034201007,
    "p68": [
      -0.0005822059382015349,
      0.003011250886729457
    ],
    "p68_range": [
      -0.0005822059382015349,
      0.003011250886729457
    ],
    "p95": [
      -0.0028985891543991203,
      0.004661593889842089
    ],
    "p95_range": [
      -0.0028985891543991203,
      0.004661593889842089
    ],
    "std": 0.0018721616795283904
  },
  "siox interface": {
    "best": 3.3578122706065225,
    "index": 5,
    "integer": false,
    "label": "siox interface",
    "mean": 3.172638480329211,
    "median": 3.1573013478087777,
    "p68": [
      2.487470403656233,
      3.8084001310981335
    ],
    "p68_range": [
      2.487470403656233,
      3.8084001310981335
    ],
    "p95": [
      2.099996501356865,
      4.413882486258789
    ],
    "p95_range": [
      2.099996501356865,
      4.413882486258789
    ],
    "std": 0.6206055458202367
  },
  "siox rho": {
    "best": 3.2788603092436888,
    "index": 6,
    "integer": false,
    "label": "siox rho",
    "mean": 3.3428883001738874,
    "median": 3.2904295253222893,
    "p68": [
      3.1437456558038415,
      3.552366997034029
    ],
    "p68_range": [
      3.1437456558038415,
      3.552366997034029
    ],
    "p95": [
      3.1038537989324464,
      3.837215063861797
    ],
    "p95_range": [
      3.1038537989324464,
      3.837215063861797
    ],
    "std": 0.20791739848352053
  },
  "siox thickness": {
    "best": 10.340945483229737,
    "index": 7,
    "integer": false,
    "label": "siox thickness",
    "mean": 9.976907709663742,
    "median": 10.147742001572873,
    "p68": [
      8.154218524376768,
      11.786829037247745
    ],
    "p68_range": [
      8.154218524376768,
      11.786829037247745
    ],
    "p95": [
      6.65889937731827,
      12.479697045786098
    ],
    "p95_range": [
      6.65889937731827,
      12.479697045786098
    ],
    "std": 1.647963116667235
  },
  "submembrane thickness": {
    "best": 13.945305543270615,
    "index": 13,
    "integer": false,
    "label": "submembrane thickness",
    "mean": 13.904573007726277,
    "median": 13.901063067708428,
    "p68": [
      13.58854981180683,
      14.21303137412473
    ],
    "p68_range": [
      13.58854981180683,
      14.21303137412473
    ],
    "p95": [
      13.299785561725024,
      14.55748398621262
    ],
    "p95_range": [
      13.299785561725024,
      14.55748398621262
    ],
    "std": 0.3217192248962875
  },
  "theta_offset ch061": {
    "best": -0.008543002754152464,
    "index": 4,
    "integer": false,
    "label": "theta_offset ch061",
    "mean": -0.007755816975125803,
    "median": -0.007862700014616338,
    "p68": [
      -0.009587567681788405,
      -0.005890555100046355
    ],
    "p68_range": [
      -0.009587567681788405,
      -0.005890555100046355
    ],
    "p95": [
      -0.011309486262299684,
      -0.0039946399456900076
    ],
    "p95_range": [
      -0.011309486262299684,
      -0.0039946399456900076
    ],
    "std": 0.0018452997691548356
  },
  "tiox rho": {
    "best": 2.2700679490739253,
    "index": 8,
    "integer": false,
    "label": "tiox rho",
    "mean": 2.268881889940044,
    "median": 2.268692808236754,
    "p68": [
      2.2582145899615274,
      2.2789537545520577
    ],
    "p68_range": [
      2.2582145899615274,
      2.2789537545520577
    ],
    "p95": [
      2.248813498898006,
      2.2916874624751684
    ],
    "p95_range": [
      2.248813498898006,
      2.2916874624751684
    ],
    "std": 0.010589959878774695
  },