{
  "background_0": {
    "best": -8.44482488465517,
    "index": 10,
    "integer": false,
    "label": "background_0",
    "mean": -8.139969210161428,
    "median": -8.180218251963083,
    "p68": [
      -8.70427856337673,
      -7.582593413680327
    ],
    "p68_range": [
      -8.70427856337673,
      -7.582593413680327
    ],
    "p95": [
      -8.952500821650125,
      -7.188550165009458
    ],
    "p95_range": [
      -8.952500821650125,
      -7.188550165009458
    ],
    "std": 0.5045760537826695
  },
  "global_rough": {
    "best": 3.3376536996734734,
    "index": 8,
    "integer": false,
    "label": "global_rough",
    "mean": 3.7713206579550542,
    "median": 3.9632584773645534,
    "p68": [
      2.8033199385414855,
      4.597510965015702
    ],
    "p68_range": [
      2.8033199385414855,
      4.597510965015702
    ],
    "p95": [
      2.16830828126481,
      4.899210780162401
    ],
    "p95_range": [
      2.16830828126481,
      4.899210780162401
    ],
    "std": 0.8025719607037781
  },
  "l_lipid1": {
    "best": 12.483796049858158,
    "index": 4,
    "integer": false,
    "label": "l_lipid1",
    "mean": 11.76777062372209,
    "median": 11.625479863243541,
    "p68": [
      10.32936785557883,
      13.144912631093893
    ],
    "p68_range": [
      10.32936785557883,
      13.144912631093893
    ],
    "p95": [
      10.048444303652305,
      14.209407395487297
    ],
    "p95_range": [
      10.048444303652305,
      14.209407395487297
    ],
    "std": 1.2435457751391275
  },
  "l_lipid2": {
    "best": 11.698735163061906,
    "index": 5,
    "integer": false,
    "label": "l_lipid2",
    "mean": 12.522233076336702,
    "median": 12.602508884813608,
    "p68": [
      11.095875611930188,
      13.89294532377685
    ],
    "p68_range": [
      11.095875611930188,
      13.89294532377685
    ],
    "p95": [
      10.090984488545793,
      14.769665102662103
    ],
    "p95_range": [
      10.090984488545793,
      14.769665102662103
    ],
    "std": 1.2981376359450525
  },
  "l_siox": {
    "best": 19.168052968212713,
    "index": 1,
    "integer": false,
    "label": "l_siox",
    "mean": 17.420485671344125,
    "median": 17.366360177257814,
    "p68": [
      16.020269960090143,
      18.77044002742641
    ],
    "p68_range": [
      16.020269960090143,
      18.77044002742641
    ],
    "p95": [
      15.161562331736478,
      20.10105396787445
    ],
    "p95_range": [
      15.161562331736478,
      20.10105396787445
    ],
    "std": 1.3039477787913871
  },
  "l_submembrane": {
    "best": 1.6614130413104788,
    "index": 3,
    "integer": false,
    "label": "l_submembrane",
    "mean": 2.232590636994148,
    "median": 2.0312220175738265,
    "p68": [
      1.2584209336384866,
      3.3164428022593677
    ],
    "p68_range": [
      1.2584209336384866,
      3.3164428022593677
    ],
    "p95": [
      1.0334035571385136,
      4.4121472102837895
    ],
    "p95_range": [
      1.0334035571385136,
      4.4121472102837895
    ],
    "std": 0.9538514120497696
  },
  "rho_siox": {
    "best": 3.4826978108183604,
    "index": 2,
    "integer": false,
    "label": "rho_siox",
    "mean": 3.645950755037593,
    "median": 3.6632839953267475,
    "p68": [
      3.520895863429053,
      3.765501912494676
    ],
    "p68_range": [
      3.520895863429053,
      3.765501912494676
    ],
    "p95": [
      3.435183877085498,
      3.7936096222390714
    ],
    "p95_range": [
      3.435183877085498,
      3.7936096222390714
    ],
    "std": 0.10724822799363785
  },
  "rho_solv_0": {
    "best": 2.4847131345569373,
    "index": 7,
    "integer": false,
    "label": "rho_solv_0",
    "mean": 2.4849781697436617,
    "median": 2.4850707256713798,
    "p68": [
      2.4762916905832824,
      2.494151440463282
    ],
    "p68_range": [
      2.4762916905832824,
      2.494151440463282
    ],
    "p95": [
      2.4677194121483654,
      2.5008563025948445
    ],
    "p95_range": [
      2.4677194121483654,
      2.5008563025948445
    ],
    "std": 0.00878371939646569
  },
  "sigma": {
    "best": 2.321769057016903,
    "index": 9,
    "integer": false,
    "label": "sigma",
    "mean": 2.9514200233708436,
    "median": 2.801516086036544,
    "p68": [
      2.247461057818731,
      3.6975128923011282
    ],
    "p68_range": [
      2.247461057818731,
      3.6975128923011282
    ],
    "p95": [
      2.0432689112110705,
      4.371451362371734
    ],
    "p95_range": [
      2.0432689112110705,
      4.371451362371734
    ],
    "std": 0.6608592671629163
  },
  "vf_bilayer": {
    "best": 0.9583567104240555,
    "index": 6,
    "integer": false,
    "label": "vf_bilayer",
    "mean": 0.9627891492471016,
    "median": 0.9642238786726771,
    "p68": [
      0.9377150645247853,
      0.9894779518192308
    ],
    "p68_range": [
      0.9377150645247853,
      0.9894779518192308
    ],
    "p95": [
      0.9128147581996371,
      0.9986992156394202
    ],
    "p95_range": [
      0.9128147581996371,
      0.9986992156394202
    ],
    "std": 0.02341977744264284
  }
}