{
  "bulksld": {
    "best": 9.387429271584425e-06,
    "index": 1,
    "integer": false,
    "label": "bulksld",
    "mean": 9.409958299928615e-06,
    "median": 9.41113375996036e-06,
    "p68": [
      9.408260588295019e-06,
      9.411453588610355e-06
    ],
    "p68_range": [
      9.408260588295019e-06,
      9.411453588610355e-06
    ],
    "p95": [
      9.401554786172414e-06,
      9.413429279100737e-06
    ],
    "p95_range": [
      9.401554786172414e-06,
      9.413429279100737e-06
    ],
    "std": 3.512544885128257e-09
  },
  "hg1_thickness": {
    "best": 9.645723288317473,
    "index": 2,
    "integer": false,
    "label": "hg1_thickness",
    "mean": 9.650547098132842,
    "median": 9.650053202724726,
    "p68": [
      9.649047324203737,
      9.65265694911962
    ],
    "p68_range": [
      9.649047324203737,
      9.65265694911962
    ],
    "p95": [
      9.642230339341783,
      9.661248731353568
    ],
    "p95_range": [
      9.642230339341783,
      9.661248731353568
    ],
    "std": 0.004785460200716432
  },
  "l_cg": {
    "best": 4.251801009983635,
    "index": 3,
    "integer": false,
    "label": "l_cg",
    "mean": 4.20993445703614,
    "median": 4.210021125683138,
    "p68": [
      4.208406253064013,
      4.21094990508679
    ],
    "p68_range": [
      4.208406253064013,
      4.21094990508679
    ],
    "p95": [
      4.2028148868135515,
      4.218635949644381
    ],
    "p95_range": [
      4.2028148868135515,
      4.218635949644381
    ],
    "std": 0.004332394138834313
  },
  "l_choline": {
    "best": 6.3429087080096025,
    "index": 4,
    "integer": false,
    "label": "l_choline",
    "mean": 6.340015883359333,
    "median": 6.33999827272323,
    "p68": [
      6.3395724906787825,
      6.340585426496659
    ],
    "p68_range": [
      6.3395724906787825,
      6.340585426496659
    ],
    "p95": [
      6.3372352352056875,
      6.343011854046112
    ],
    "p95_range": [
      6.3372352352056875,
      6.343011854046112
    ],
    "std": 0.0015161328146333333
  },
  "l_lipid": {
    "best": 11.090599450493196,
    "index": 5,
    "integer": false,
    "label": "l_lipid",
    "mean": 11.004058650676543,
    "median": 11.001527163759787,
    "p68": [
      11.000093876530666,
      11.007613469714807
    ],
    "p68_range": [
      11.000093876530666,
      11.007613469714807
    ],
    "p95": [
      10.999372346847974,
      11.023031937118931
    ],
    "p95_range": [
      10.999372346847974,
      11.023031937118931
    ],
    "std": 0.007403020545476752
  },
  "l_phosphate": {
    "best": 3.8867225239107825,
    "index": 6,
    "integer": false,
    "label": "l_phosphate",
    "mean": 3.8599427849779904,
    "median": 3.8600385753873048,
    "p68": [
      3.8589308905212527,
      3.8608700211944584
    ],
    "p68_range": [
      3.8589308905212527,
      3.8608700211944584
    ],
    "p95": [
      3.8549312180653303,
      3.864916558597721
    ],
    "p95_range": [
      3.8549312180653303,
      3.864916558597721
    ],
    "std": 0.002535378274994905
  },
  "methyl_sigma": {
    "best": 0.12172986301206651,
    "index": 7,
    "integer": false,
    "label": "methyl_sigma",
    "mean": 0.10061957484605888,
    "median": 0.10003926423492027,
    "p68": [
      0.0994222148856404,
      0.10179489307127611
    ],
    "p68_range": [
      0.0994222148856404,
      0.10179489307127611
    ],
    "p95": [
      0.09548622165747495,
      0.10855943821158548
    ],
    "p95_range": [
      0.09548622165747495,
      0.10855943821158548
    ],
    "std": 0.0037431103234553073
  },
  "rel_pos": {
    "best": 0.5134726581099942,
    "index": 8,
    "integer": false,
    "label": "rel_pos",
    "mean": 0.49992228099962677,
    "median": 0.4999983381696521,
    "p68": [
      0.49965209271573424,
      0.5002183089489252
    ],
    "p68_range": [
      0.49965209271573424,
      0.5002183089489252
    ],
    "p95": [
      0.49773998352825166,
      0.5019536407255205
    ],
    "p95_range": [
      0.49773998352825166,
      0.5019536407255205
    ],
    "std": 0.0010312071129860937
  },
  "sigma": {
    "best": 1.8799450894896712,
    "index": 9,
    "integer": false,
    "label": "sigma",
    "mean": 1.9994560507177597,
    "median": 1.9999695088877125,
    "p68": [
      1.9981055072703557,
      2.0012267699863466
    ],
    "p68_range": [
      1.9981055072703557,
      2.0012267699863466
    ],
    "p95": [
      1.9840310060162132,
      2.0086732571668406
    ],
    "p95_range": [
      1.9840310060162132,
      2.0086732571668406
    ],
    "std": 0.006036294148396738
  },
  "v_cg": {
    "best": 146.70845159420804,
    "index": 10,
    "integer": false,
    "label": "v_cg",
    "mean": 146.99972819239989,
    "median": 146.99943781081447,
    "p68": [
      146.99107315660348,
      147.00757840768085
    ],
    "p68_range": [
      146.99107315660348,
      147.00757840768085
    ],
    "p95": [
      146.95782533906586,
      147.04569104474336
    ],
    "p95_range": [
      146.95782533906586,
      147.04569104474336
    ],
    "std": 0.0227100074955293
  },
  "v_choline": {
    "best": 119.80999103333586,
    "index": 11,
    "integer": false,
    "label": "v_choline",
    "mean": 120.00358934741354,
    "median": 120.00045117475706,
    "p68": [
      119.98983225999599,
      120.01629593341083
    ],
    "p68_range": [
      119.98983225999599,
      120.01629593341083
    ],
    "p95": [
      119.95857781069729,
      120.0672142547589
    ],
    "p95_range": [
      119.95857781069729,
      120.0672142547589
    ],
    "std": 0.027975542656340568
  },
  "v_phosphate": {
    "best": 54.16609636544363,
    "index": 12,
    "integer": false,
    "label": "v_phosphate",
    "mean": 53.999061566505596,
    "median": 53.99976846843883,
    "p68": [
      53.981528650183485,
      54.013754071122584
    ],
    "p68_range": [
      53.981528650183485,
      54.013754071122584
    ],
    "p95": [
      53.923854406705765,
      54.07856416763751
    ],
    "p95_range": [
      53.923854406705765,
      54.07856416763751
    ],
    "std": 0.037966015172381046
  },
  "va1": {
    "best": 985.3226174136588,
    "index": 13,
    "integer": false,
    "label": "va1",
    "mean": 985.5991679316247,
    "median": 985.5991048550761,
    "p68": [
      985.5405758915464,
      985.6532869551455
    ],
    "p68_range": [
      985.5405758915464,
      985.6532869551455
    ],
    "p95": [
      985.3361144110772,
      985.911613014801
    ],
    "p95_range": [
      985.3361144110772,
      985.911613014801
    ],
    "std": 0.135436786303137
  },
  "vm1": {
    "best": 100.45305699614596,
    "index": 14,
    "integer": false,
    "label": "vm1",
    "mean": 100.40096184230505,
    "median": 100.39975394377613,
    "p68": [
      100.3895448393235,
      100.41334409917158
    ],
    "p68_range": [
      100.3895448393235,
      100.41334409917158
    ],
    "p95": [
      100.35162591995999,
      100.46340556800558
    ],
    "p95_range": [
      100.35162591995999,
      100.46340556800558
    ],
    "std": 0.02911598873649882
  }
}