{
  "bulksld": {
    "best": 9.366172494519497e-06,
    "index": 1,
    "integer": false,
    "label": "bulksld",
    "mean": 9.366005030889953e-06,
    "median": 9.36602849071315e-06,
    "p68": [
      9.36527579723938e-06,
      9.36674459272707e-06
    ],
    "p68_range": [
      9.36527579723938e-06,
      9.36674459272707e-06
    ],
    "p95": [
      9.364521976033482e-06,
      9.367459347492533e-06
    ],
    "p95_range": [
      9.364521976033482e-06,
      9.367459347492533e-06
    ],
    "std": 7.424557289157824e-10
  },
  "hg1_thickness": {
    "best": 10.076081615317435,
    "index": 2,
    "integer": false,
    "label": "hg1_thickness",
    "mean": 10.63524405403902,
    "median": 10.511828171565638,
    "p68": [
      10.23893709649447,
      11.056437652683487
    ],
    "p68_range": [
      10.23893709649447,
      11.056437652683487
    ],
    "p95": [
      9.993212132984947,
      11.779699941483138
    ],
    "p95_range": [
      9.993212132984947,
      11.779699941483138
    ],
    "std": 0.46434945200233196
  },
  "l_cg": {
    "best": 2.2170827701536515,
    "index": 3,
    "integer": false,
    "label": "l_cg",
    "mean": 3.3711825754292515,
    "median": 3.1689827651644826,
    "p68": [
      2.4046226229004697,
      4.496068042365751
    ],
    "p68_range": [
      2.4046226229004697,
      4.496068042365751
    ],
    "p95": [
      1.5529745831788904,
      6.528425671315636
    ],
    "p95_range": [
      1.5529745831788904,
      6.528425671315636
    ],
    "std": 1.1727584204676855
  },
  "l_choline": {
    "best": 5.8964385685128695,
    "index": 4,
    "integer": false,
    "label": "l_choline",
    "mean": 6.063722925916267,
    "median": 6.117248330117286,
    "p68": [
      5.285260088725094,
      6.8648694184593175
    ],
    "p68_range": [
      5.285260088725094,
      6.8648694184593175
    ],
    "p95": [
      4.387882900928261,
      7.171747167944786
    ],
    "p95_range": [
      4.387882900928261,
      7.171747167944786
    ],
    "std": 0.7483205859503683
  },
  "l_lipid": {
    "best": 12.030727864645245,
    "index": 5,
    "integer": false,
    "label": "l_lipid",
    "mean": 11.856470769838444,
    "median": 11.852733797092823,
    "p68": [
      11.605567624821104,
      12.093874818423473
    ],
    "p68_range": [
      11.605567624821104,
      12.093874818423473
    ],
    "p95": [
      11.420077502648036,
      12.422441778151997
    ],
    "p95_range": [
      11.420077502648036,
      12.422441778151997
    ],
    "std": 0.240465052199091
  },
  "l_phosphate": {
    "best": 1.5115893837861263,
    "index": 6,
    "integer": false,
    "label": "l_phosphate",
    "mean": 2.505602692036982,
    "median": 2.518276902151019,
    "p68": [
      1.302790516015735,
      3.75227246335219
    ],
    "p68_range": [
      1.302790516015735,
      3.75227246335219
    ],
    "p95": [
      0.33958421434575964,
      4.638980428687307
    ],
    "p95_range": [
      0.33958421434575964,
      4.638980428687307
    ],
    "std": 1.144349977368553
  },
  "methyl_sigma": {
    "best": 2.9077629283865045,
    "index": 7,
    "integer": false,
    "label": "methyl_sigma",
    "mean": 2.7408405138283483,
    "median": 2.734817342675111,
    "p68": [
      2.623167885173466,
      2.8854812789327715
    ],
    "p68_range": [
      2.623167885173466,
      2.8854812789327715
    ],
    "p95": [
      2.407679884835431,
      2.976232481575877
    ],
    "p95_range": [
      2.407679884835431,
      2.976232481575877
    ],
    "std": 0.1362490266549296
  },
  "methyl_sigma2": {
    "best": 3.5912008359432424,
    "index": 8,
    "integer": false,
    "label": "methyl_sigma2",
    "mean": 3.7542513210883133,
    "median": 3.4834117814923475,
    "p68": [
      2.8018690660943144,
      4.4913735430734425
    ],
    "p68_range": [
      2.8018690660943144,
      4.4913735430734425
    ],
    "p95": [
      2.467014755300792,
      8.457582883572972
    ],
    "p95_range": [
      2.467014755300792,
      8.457582883572972
    ],
    "std": 1.262346104949215
  },
  "nf_methyl2": {
    "best": 0.1673881203822695,
    "index": 9,
    "integer": false,
    "label": "nf_methyl2",
    "mean": 0.1887464760428081,
    "median": 0.18165070910143286,
    "p68": [
      0.12633894180825647,
      0.259788126312715
    ],
    "p68_range": [
      0.12633894180825647,
      0.259788126312715
    ],
    "p95": [
      0.1029440289289634,
      0.2936635028322313
    ],
    "p95_range": [
      0.1029440289289634,
      0.2936635028322313
    ],
    "std": 0.056677179566802224
  },
  "rel_pos": {
    "best": 0.46610984148925927,
    "index": 10,
    "integer": false,
    "label": "rel_pos",
    "mean": 0.47807478580169793,
    "median": 0.4795907613367769,
    "p68": [
      0.4617259293195485,
      0.4933492776395432
    ],
    "p68_range": [
      0.4617259293195485,
      0.4933492776395432
    ],
    "p95": [
      0.4423393387308545,
      0.504751182248989
    ],
    "p95_range": [
      0.4423393387308545,
      0.504751182248989
    ],
    "std": 0.01566442894890092
  },
  "sigma": {
    "best": 1.3478816300683034,
    "index": 11,
    "integer": false,
    "label": "sigma",
    "mean": 1.457691973674048,
    "median": 1.462230531627519,
    "p68": [
      1.3207458804644776,
      1.5792586040399474
    ],
    "p68_range": [
      1.3207458804644776,
      1.5792586040399474
    ],
    "p95": [
      1.1801162915917516,
      1.750007425096346
    ],
    "p95_range": [
      1.1801162915917516,
      1.750007425096346
    ],
    "std": 0.13647971261990743
  },
  "v_cg": {
    "best": 140.6286871781016,
    "index": 12,
    "integer": false,
    "label": "v_cg",
    "mean": 138.3335580090362,
    "median": 137.38055616156015,
    "p68": [
      133.34764894942356,
      142.84598680842313
    ],
    "p68_range": [
      133.34764894942356,
      142.84598680842313
    ],
    "p95": [
      130.49711965853305,
      150.1482914806206
    ],
    "p95_range": [
      130.49711965853305,
      150.1482914806206
    ],
    "std": 5.001996367510973
  },
  "v_choline": {
    "best": 101.27251934862274,
    "index": 13,
    "integer": false,
    "label": "v_choline",
    "mean": 112.28980755530748,
    "median": 110.87837094633424,
    "p68": [
      105.63766718178019,
      119.71255973242106
    ],
    "p68_range": [
      105.63766718178019,
      119.71255973242106
    ],
    "p95": [
      101.7961688711704,
      128.2497972660649
    ],
    "p95_range": [
      101.7961688711704,
      128.2497972660649
    ],
    "std": 6.830821583325984
  },
  "v_phosphate": {
    "best": 75.31106265744761,
    "index": 14,
    "integer": false,
    "label": "v_phosphate",
    "mean": 64.15375217658452,
    "median": 65.33174415683459,
    "p68": [
      55.46556879537279,
      72.37972160257662
    ],
    "p68_range": [
      55.46556879537279,
      72.37972160257662
    ],
    "p95": [
      46.270039538818054,
      76.21929350355653
    ],
    "p95_range": [
      46.270039538818054,
      76.21929350355653
    ],
    "std": 7.915227327601162
  },
  "va1": {
    "best": 974.4290342273791,
    "index": 15,
    "integer": false,
    "label": "va1",
    "mean": 976.6131625380722,
    "median": 976.3552743364952,
    "p68": [
      975.4134819234482,
      977.8937139056469
    ],
    "p68_range": [
      975.4134819234482,
      977.8937139056469
    ],
    "p95": [
      974.6508303364122,
      979.4929708435307
    ],
    "p95_range": [
      974.6508303364122,
      979.4929708435307
    ],
    "std": 1.2100327666672461
  },
  "vm1": {
    "best": 105.82719247544367,
    "index": 16,
    "integer": false,
    "label": "vm1",
    "mean": 105.27886468073686,
    "median": 105.16056185969659,
    "p68": [
      103.80189197014147,
      106.85000377049876
    ],
    "p68_range": [
      103.80189197014147,
      106.85000377049876
    ],
    "p95": [
      102.28048781418993,
      108.48777733731269
    ],