{
  "bulksld": {
    "best": 9.39455712935319e-06,
    "index": 1,
    "integer": false,
    "label": "bulksld",
    "mean": 9.411194648766076e-06,
    "median": 9.411369325033176e-06,
    "p68": [
      9.411127213269792e-06,
      9.41140004490046e-06
    ],
    "p68_range": [
      9.411127213269792e-06,
      9.41140004490046e-06
    ],
    "p95": [
      9.410136599891978e-06,
      9.411529541779331e-06
    ],
    "p95_range": [
      9.410136599891978e-06,
      9.411529541779331e-06
    ],
    "std": 8.00264883029831e-10
  },
  "hg1_thickness": {
    "best": 9.65057580292456,
    "index": 2,
    "integer": false,
    "label": "hg1_thickness",
    "mean": 9.650023946715521,
    "median": 9.650003670579252,
    "p68": [
      9.649952790253332,
      9.650091577963966
    ],
    "p68_range": [
      9.649952790253332,
      9.650091577963966
    ],
    "p95": [
      9.649344309433236,
      9.650645667296562
    ],
    "p95_range": [
      9.649344309433236,
      9.650645667296562
    ],
    "std": 0.000412766064305681
  },
  "l_cg": {
    "best": 4.191752156691706,
    "index": 3,
    "integer": false,
    "label": "l_cg",
    "mean": 4.209962148455241,
    "median": 4.210001154476635,
    "p68": [
      4.209939139867948,
      4.2100562821152865
    ],
    "p68_range": [
      4.209939139867948,
      4.2100562821152865
    ],
    "p95": [
      4.209072381991106,
      4.210758345761445
    ],
    "p95_range": [
      4.209072381991106,
      4.210758345761445
    ],
    "std": 0.0008262447760737597
  },
  "l_choline": {
    "best": 6.341598870667571,
    "index": 4,
    "integer": false,
    "label": "l_choline",
    "mean": 6.340024106862906,
    "median": 6.340001067657645,
    "p68": [
      6.339944608134038,
      6.340104113528954
    ],
    "p68_range": [
      6.339944608134038,
      6.340104113528954
    ],
    "p95": [
      6.339447776795828,
      6.340767799645729
    ],
    "p95_range": [
      6.339447776795828,
      6.340767799645729
    ],
    "std": 0.00035677972632823155
  },
  "l_lipid": {
    "best": 11.00122421031965,
    "index": 5,
    "integer": false,
    "label": "l_lipid",
    "mean": 11.000182799159445,
    "median": 11.000030188138933,
    "p68": [
      10.99999295409765,
      11.000341638405589
    ],
    "p68_range": [
      10.99999295409765,
      11.000341638405589
    ],
    "p95": [
      10.99973840811199,
      11.001767563549457
    ],
    "p95_range": [
      10.99973840811199,
      11.001767563549457
    ],
    "std": 0.0005405091545712259
  },
  "l_phosphate": {
    "best": 3.854194484265945,
    "index": 6,
    "integer": false,
    "label": "l_phosphate",
    "mean": 3.8600096391090424,
    "median": 3.86000086935339,
    "p68": [
      3.8599181376303897,
      3.8600798951936417
    ],
    "p68_range": [
      3.8599181376303897,
      3.8600798951936417
    ],
    "p95": [
      3.859306908193027,
      3.8608835837939997
    ],
    "p95_range": [
      3.859306908193027,
      3.8608835837939997
    ],
    "std": 0.0006273468012247429
  },
  "methyl_sigma": {
    "best": 0.10163426565799043,
    "index": 7,
    "integer": false,
    "label": "methyl_sigma",
    "mean": 0.10003177908049674,
    "median": 0.10000149028168513,
    "p68": [
      0.09998496385378344,
      0.10006721348016381
    ],
    "p68_range": [
      0.09998496385378344,
      0.10006721348016381
    ],
    "p95": [
      0.09973127287144322,
      0.10051655493187121
    ],
    "p95_range": [
      0.09973127287144322,
      0.10051655493187121
    ],
    "std": 0.00019627594947274174
  },
  "methyl_sigma2": {
    "best": 5.000109571431155,
    "index": 8,
    "integer": false,
    "label": "methyl_sigma2",
    "mean": 5.000035810386755,
    "median": 5.000011308439911,
    "p68": [
      5.000002873635342,
      5.000063770758003
    ],
    "p68_range": [
      5.000002873635342,
      5.000063770758003
    ],
    "p95": [
      5.000000464059412,
      5.0002063586030125
    ],
    "p95_range": [
      5.000000464059412,
      5.0002063586030125
    ],
    "std": 7.434676770577384e-05
  },
  "nf_methyl2": {
    "best": 0.49996032390953954,
    "index": 9,
    "integer": false,
    "label": "nf_methyl2",
    "mean": 0.499991389258408,
    "median": 0.4999980922487583,
    "p68": [
      0.4999857162160517,
      0.49999968611773904
    ],
    "p68_range": [
      0.4999857162160517,
      0.49999968611773904
    ],
    "p95": [
      0.49993817261706186,
      0.4999999276937791
    ],
    "p95_range": [
      0.49993817261706186,
      0.4999999276937791
    ],
    "std": 1.9497751312740316e-05
  },
  "rel_pos": {
    "best": 0.50008118278602,
    "index": 10,
    "integer": false,
    "label": "rel_pos",
    "mean": 0.5000034946331372,
    "median": 0.5000004821774517,
    "p68": [
      0.4999952977551477,
      0.5000113833950206
    ],
    "p68_range": [
      0.4999952977551477,
      0.5000113833950206
    ],
    "p95": [
      0.49995810860242446,
      0.5000804020169645
    ],
    "p95_range": [
      0.49995810860242446,
      0.5000804020169645
    ],
    "std": 3.391624747468121e-05
  },
  "sigma": {
    "best": 2.000215328214314,
    "index": 11,
    "integer": false,
    "label": "sigma",
    "mean": 2.0000349807010442,
    "median": 2.0000015704217944,
    "p68": [
      1.999980321252994,
      2.000062169574254
    ],
    "p68_range": [
      1.999980321252994,
      2.000062169574254
    ],
    "p95": [
      1.999687632449754,
      2.000588840926217
    ],
    "p95_range": [
      1.999687632449754,
      2.000588840926217
    ],
    "std": 0.0002587307861705861
  },
  "v_cg": {
    "best": 146.97226712698406,
    "index": 12,
    "integer": false,
    "label": "v_cg",
    "mean": 146.99974336865753,
    "median": 146.99997675129896,
    "p68": [
      146.99844790041996,
      147.0009587610521
    ],
    "p68_range": [
      146.99844790041996,
      147.0009587610521
    ],
    "p95": [
      146.98080912119798,
      147.01484993571805
    ],
    "p95_range": [
      146.98080912119798,
      147.01484993571805
    ],
    "std": 0.0087264197127009
  },
  "v_choline": {
    "best": 119.99567273913705,
    "index": 13,
    "integer": false,
    "label": "v_choline",
    "mean": 119.99939049949282,
    "median": 119.99997758863657,
    "p68": [
      119.99843060176795,
      120.00068976672077
    ],
    "p68_range": [
      119.99843060176795,
      120.00068976672077
    ],
    "p95": [
      119.98944273140498,
      120.00415487970656
    ],
    "p95_range": [
      119.98944273140498,
      120.00415487970656
    ],
    "std": 0.004126987892133989
  },
  "v_phosphate": {
    "best": 53.97046028012158,
    "index": 14,
    "integer": false,
    "label": "v_phosphate",
    "mean": 53.999438961584765,
    "median": 53.99997266089517,
    "p68": [
      53.99870431368519,
      54.00031350903406
    ],
    "p68_range": [
      53.99870431368519,
      54.00031350903406
    ],
    "p95": [
      53.99295919673826,
      54.00334207481215
    ],
    "p95_range": [
      53.99295919673826,
      54.00334207481215
    ],
    "std": 0.0027354369383983806
  },
  "va1": {
    "best": 985.757742463025,
    "index": 15,
    "integer": false,
    "label": "va1",
    "mean": 985.601383663724,
    "median": 985.6000034273019,
    "p68": [
      985.5938291266089,
      985.608659533254
    ],
    "p68_range": [
      985.5938291266089,
      985.608659533254
    ],
    "p95": [
      985.5429871504206,
      985.658281626506
    ],
    "p95_range": [
      985.5429871504206,
      985.658281626506
    ],
    "std": 0.02701494490657735
  },
  "vm1": {
    "best": 100.38927914111731,
    "index": 16,
    "integer": false,
    "label": "vm1",
    "mean": 100.40013543562173,
    "median": 100.4000133023853,
    "p68": [
      100.39903224280563,
      100.40103325969864
    ],
    "p68_range": [
      100.39903224280563,
      100.40103325969864
    ],