{
  "bulksld": {
    "best": 9.366746641078979e-06,
    "index": 1,
    "integer": false,
    "label": "bulksld",
    "mean": 9.367596474478086e-06,
    "median": 9.367699549595897e-06,
    "p68": [
      9.36648004164836e-06,
      9.368568614741542e-06
    ],
    "p68_range": [
      9.36648004164836e-06,
      9.368568614741542e-06
    ],
    "p95": [
      9.365084906844303e-06,
      9.369605900656724e-06
    ],
    "p95_range": [
      9.365084906844303e-06,
      9.369605900656724e-06
    ],
    "std": 1.0938544468238935e-09
  },
  "hg1_thickness": {
    "best": 10.536900968729984,
    "index": 2,
    "integer": false,
    "label": "hg1_thickness",
    "mean": 10.252116991153136,
    "median": 10.57517106714932,
    "p68": [
      8.869934572158686,
      11.201646461561985
    ],
    "p68_range": [
      8.869934572158686,
      11.201646461561985
    ],
    "p95": [
      7.332102134838633,
      11.81284216617458
    ],
    "p95_range": [
      7.332102134838633,
      11.81284216617458
    ],
    "std": 1.1445551746106377
  },
  "l_cg": {
    "best": 5.32673414251624,
    "index": 3,
    "integer": false,
    "label": "l_cg",
    "mean": 4.90067268368778,
    "median": 5.0410508857954,
    "p68": [
      3.78451505292575,
      6.029657451433761
    ],
    "p68_range": [
      3.78451505292575,
      6.029657451433761
    ],
    "p95": [
      2.3848767671471096,
      6.777562111944221
    ],
    "p95_range": [
      2.3848767671471096,
      6.777562111944221
    ],
    "std": 1.1323926706579837
  },
  "l_choline": {
    "best": 2.8420401110296893,
    "index": 4,
    "integer": false,
    "label": "l_choline",
    "mean": 5.6291010478608925,
    "median": 6.048944030001665,
    "p68": [
      3.991119474181429,
      7.126683805733325
    ],
    "p68_range": [
      3.991119474181429,
      7.126683805733325
    ],
    "p95": [
      2.443789868066668,
      7.374267106598171
    ],
    "p95_range": [
      2.443789868066668,
      7.374267106598171
    ],
    "std": 1.4533145209675813
  },
  "l_lipid": {
    "best": 11.922496427498738,
    "index": 5,
    "integer": false,
    "label": "l_lipid",
    "mean": 12.134851214363996,
    "median": 12.125495589776877,
    "p68": [
      11.889562178234321,
      12.350864783611751
    ],
    "p68_range": [
      11.889562178234321,
      12.350864783611751
    ],
    "p95": [
      11.725552403371294,
      12.724011790163617
    ],
    "p95_range": [
      11.725552403371294,
      12.724011790163617
    ],
    "std": 0.2409904819744814
  },
  "l_phosphate": {
    "best": 2.4100841440426306,
    "index": 6,
    "integer": false,
    "label": "l_phosphate",
    "mean": 2.1187842309319413,
    "median": 2.1721668580853075,
    "p68": [
      1.0485529765763306,
      3.1993122972839907
    ],
    "p68_range": [
      1.0485529765763306,
      3.1993122972839907
    ],
    "p95": [
      0.1629508917144769,
      4.611336499057093
    ],
    "p95_range": [
      0.1629508917144769,
      4.611336499057093
    ],
    "std": 1.1085945799549821
  },
  "methyl_sigma": {
    "best": 2.735148717963086,
    "index": 7,
    "integer": false,
    "label": "methyl_sigma",
    "mean": 2.139326089555427,
    "median": 2.2289082760105914,
    "p68": [
      1.7425164296500701,
      2.434363174586928
    ],
    "p68_range": [
      1.7425164296500701,
      2.434363174586928
    ],
    "p95": [
      1.2700971316581502,
      2.582401249762766
    ],
    "p95_range": [
      1.2700971316581502,
      2.582401249762766
    ],
    "std": 0.3478209792831429
  },
  "methyl_sigma2": {
    "best": 5.888625287290472,
    "index": 8,
    "integer": false,
    "label": "methyl_sigma2",
    "mean": 3.418296527472249,
    "median": 2.831090926702124,
    "p68": [
      2.309507209898415,
      4.775726908362695
    ],
    "p68_range": [
      2.309507209898415,
      4.775726908362695
    ],
    "p95": [
      2.044190308617138,
      8.32361543043011
    ],
    "p95_range": [
      2.044190308617138,
      8.32361543043011
    ],
    "std": 1.4688161183787067
  },
  "nf_methyl2": {
    "best": 0.22194012972470534,
    "index": 9,
    "integer": false,
    "label": "nf_methyl2",
    "mean": 0.21301611174745144,
    "median": 0.21674032753231243,
    "p68": [
      0.1435150518803249,
      0.2728107264952127
    ],
    "p68_range": [
      0.1435150518803249,
      0.2728107264952127
    ],
    "p95": [
      0.10327258816016122,
      0.2958947419459237
    ],
    "p95_range": [
      0.10327258816016122,
      0.2958947419459237
    ],
    "std": 0.0552699585475195
  },
  "rel_pos": {
    "best": 0.5275020984682081,
    "index": 10,
    "integer": false,
    "label": "rel_pos",
    "mean": 0.5092567779929406,
    "median": 0.4970456135406944,
    "p68": [
      0.47244767071226706,
      0.5322082363786916
    ],
    "p68_range": [
      0.47244767071226706,
      0.5322082363786916
    ],
    "p95": [
      0.43503177111268776,
      0.6801645521461048
    ],
    "p95_range": [
      0.43503177111268776,
      0.6801645521461048
    ],
    "std": 0.06352276077408625
  },
  "sigma": {
    "best": 1.443342000581922,
    "index": 11,
    "integer": false,
    "label": "sigma",
    "mean": 1.9353755761800058,
    "median": 1.883709133360219,
    "p68": [
      1.7208670475700973,
      2.202961110826622
    ],
    "p68_range": [
      1.7208670475700973,
      2.202961110826622
    ],
    "p95": [
      1.5871147865010253,
      2.462121637358207
    ],
    "p95_range": [
      1.5871147865010253,
      2.462121637358207
    ],
    "std": 0.23208043633345068
  },
  "v_cg": {
    "best": 140.97466209083677,
    "index": 12,
    "integer": false,
    "label": "v_cg",
    "mean": 150.526546403614,
    "median": 151.1856604436456,
    "p68": [
      140.6142100814726,
      160.55075891834406
    ],
    "p68_range": [
      140.6142100814726,
      160.55075891834406
    ],
    "p95": [
      130.69196079077477,
      168.00893227371665
    ],
    "p95_range": [
      130.69196079077477,
      168.00893227371665
    ],
    "std": 9.677644229533433
  },
  "v_choline": {
    "best": 132.51913483985462,
    "index": 13,
    "integer": false,
    "label": "v_choline",
    "mean": 126.30083880796259,
    "median": 128.34258473122586,
    "p68": [
      117.81346777391583,
      133.5865892690988
    ],
    "p68_range": [
      117.81346777391583,
      133.5865892690988
    ],
    "p95": [
      106.76233753842556,
      138.433741335901
    ],
    "p95_range": [
      106.76233753842556,
      138.433741335901
    ],
    "std": 8.092885889680261
  },
  "v_phosphate": {
    "best": 71.95312976283653,
    "index": 14,
    "integer": false,
    "label": "v_phosphate",
    "mean": 64.23870190937281,
    "median": 64.92005949040428,
    "p68": [
      54.69446127349699,
      74.12951899893895
    ],
    "p68_range": [
      54.69446127349699,
      74.12951899893895
    ],
    "p95": [
      45.3002321897612,
      79.17975545122356
    ],
    "p95_range": [
      45.3002321897612,
      79.17975545122356
    ],
    "std": 9.041232893790728
  },
  "va1": {
    "best": 975.1872877385539,
    "index": 15,
    "integer": false,
    "label": "va1",
    "mean": 978.840080413315,
    "median": 978.6912599642792,
    "p68": [
      977.141292165542,
      980.1181063940325
    ],
    "p68_range": [
      977.141292165542,
      980.1181063940325
    ],
    "p95": [
      975.5282163950728,
      982.0059109999748
    ],
    "p95_range": [
      975.5282163950728,
      982.0059109999748
    ],
    "std": 2.397383278582884
  },
  "vm1": {
    "best": 109.38998503943107,
    "index": 16,
    "integer": false,
    "label": "vm1",
    "mean": 102.05447945962602,
    "median": 101.41928709512845,
    "p68": [
      99.98637388551417,
      104.42766129863992
    ],
    "p68_range": [
      99.98637388551417,
      104.42766129863992
    ],
    "p95": [
      98.18821639421992,
      108.537522435861
    ],