{
  "bME to tether ratio": {
    "best": 0.5787299582442211,
    "index": 16,
    "integer": false,
    "label": "bME to tether ratio",
    "mean": 1.0995318707738047,
    "median": 0.9175322220110036,
    "p68": [
      0.3217565737013398,
      1.9501353399193126
    ],
    "p68_range": [
      0.3217565737013398,
      1.9501353399193126
    ],
    "p95": [
      0.1215788983400966,
      2.8350138219892678
    ],
    "p95_range": [
      0.1215788983400966,
      2.8350138219892678
    ],
    "std": 0.7604889487408723
  },
  "background os046_4column": {
    "best": 9.938179507221857e-08,
    "index": 1,
    "integer": false,
    "label": "background os046_4column",
    "mean": 3.1773367035797756e-07,
    "median": 3.0797446582208933e-07,
    "p68": [
      7.731139340411025e-08,
      5.429500857717697e-07
    ],
    "p68_range": [
      7.731139340411025e-08,
      5.429500857717697e-07
    ],
    "p95": [
      -7.588201733921807e-08,
      8.129253982411781e-07
    ],
    "p95_range": [
      -7.588201733921807e-08,
      8.129253982411781e-07
    ],
    "std": 2.315719716158115e-07
  },
  "background os047_4column": {
    "best": 3.976304913565075e-06,
    "index": 20,
    "integer": false,
    "label": "background os047_4column",
    "mean": 4.046967007887233e-06,
    "median": 4.025285759738475e-06,
    "p68": [
      3.4585216946913273e-06,
      4.635417507035092e-06
    ],
    "p68_range": [
      3.4585216946913273e-06,
      4.635417507035092e-06
    ],
    "p95": [
      2.6435250245732273e-06,
      5.2589428835373395e-06
    ],
    "p95_range": [
      2.6435250245732273e-06,
      5.2589428835373395e-06
    ],
    "std": 6.713922649318428e-07
  },
  "bilayer roughness": {
    "best": 4.1482267393101955,
    "index": 18,
    "integer": false,
    "label": "bilayer roughness",
    "mean": 3.3393625531517954,
    "median": 3.244425576389309,
    "p68": [
      2.4472757443752635,
      4.334636740415664
    ],
    "p68_range": [
      2.4472757443752635,
      4.334636740415664
    ],
    "p95": [
      2.081390736650258,
      5.158158556100212
    ],
    "p95_range": [
      2.081390736650258,
      5.158158556100212
    ],
    "std": 0.8684557318554121
  },
  "chromium layer thickness": {
    "best": 20.241102286602082,
    "index": 10,
    "integer": false,
    "label": "chromium layer thickness",
    "mean": 28.289211913346744,
    "median": 28.38322314126627,
    "p68": [
      20.22070917168222,
      36.123368203484354
    ],
    "p68_range": [
      20.22070917168222,
      36.123368203484354
    ],
    "p95": [
      14.652190585748144,
      43.29403586136543
    ],
    "p95_range": [
      14.652190585748144,
      43.29403586136543
    ],
    "std": 7.528085121196619
  },
  "chromium rho": {
    "best": 3.131019983293516,
    "index": 9,
    "integer": false,
    "label": "chromium rho",
    "mean": 3.338879231093852,
    "median": 3.374099217047716,
    "p68": [
      3.0314445793958744,
      3.5868410550248577
    ],
    "p68_range": [
      3.0314445793958744,
      3.5868410550248577
    ],
    "p95": [
      2.7939086535855098,
      3.762788021947672
    ],
    "p95_range": [
      2.7939086535855098,
      3.762788021947672
    ],
    "std": 0.2602407537253245
  },
  "d2o rho": {
    "best": 6.194689503236711,
    "index": 12,
    "integer": false,
    "label": "d2o rho",
    "mean": 6.150495562575984,
    "median": 6.177829873731775,
    "p68": [
      5.957452018506827,
      6.334622639860899
    ],
    "p68_range": [
      5.957452018506827,
      6.334622639860899
    ],
    "p95": [
      5.799263733208055,
      6.433613326019806
    ],
    "p95_range": [
      5.799263733208055,
      6.433613326019806
    ],
    "std": 0.17598202057408857
  },
  "gold chromium roughness": {
    "best": 16.59045013391261,
    "index": 8,
    "integer": false,
    "label": "gold chromium roughness",
    "mean": 14.324747556607855,
    "median": 13.876407722774557,
    "p68": [
      10.09591023660351,
      19.132085545842948
    ],
    "p68_range": [
      10.09591023660351,
      19.132085545842948
    ],
    "p95": [
      5.7889081387042,
      22.60830087618297
    ],
    "p95_range": [
      5.7889081387042,
      22.60830087618297
    ],
    "std": 4.412809523065056
  },
  "gold layer thickness": {
    "best": 179.30283798123702,
    "index": 22,
    "integer": false,
    "label": "gold layer thickness",
    "mean": 175.12453563033722,
    "median": 174.84554663715164,
    "p68": [
      168.99665308854645,
      181.67387939189115
    ],
    "p68_range": [
      168.99665308854645,
      181.67387939189115
    ],
    "p95": [
      163.923032541008,
      185.85396818699553
    ],
    "p95_range": [
      163.923032541008,
      185.85396818699553
    ],
    "std": 5.973739515908308
  },
  "gold rho": {
    "best": 4.5068884147525425,
    "index": 11,
    "integer": false,
    "label": "gold rho",
    "mean": 4.529780761194894,
    "median": 4.539165704663661,
    "p68": [
      4.386761415260375,
      4.655570924164754
    ],
    "p68_range": [
      4.386761415260375,
      4.655570924164754
    ],
    "p95": [
      4.286762006614899,
      4.739064727249879
    ],
    "p95_range": [
      4.286762006614899,
      4.739064727249879
    ],
    "std": 0.11881490795984442
  },
  "h2o rho": {
    "best": -0.4478725142683336,
    "index": 21,
    "integer": false,
    "label": "h2o rho",
    "mean": -0.3102163811539105,
    "median": -0.3117016237655125,
    "p68": [
      -0.4767472997205275,
      -0.1533345662497574
    ],
    "p68_range": [
      -0.4767472997205275,
      -0.1533345662497574
    ],
    "p95": [
      -0.5600392191690104,
      0.06664366469919791
    ],
    "p95_range": [
      -0.5600392191690104,
      0.06664366469919791
    ],
    "std": 0.15562941551513626
  },
  "inner acyl chain thickness": {
    "best": 12.811222922714428,
    "index": 13,
    "integer": false,
    "label": "inner acyl chain thickness",
    "mean": 11.192228773447816,
    "median": 11.012891931084615,
    "p68": [
      9.172898310092547,
      13.294014018346076
    ],
    "p68_range": [
      9.172898310092547,
      13.294014018346076
    ],
    "p95": [
      8.242730759793071,
      15.109353230078804
    ],
    "p95_range": [
      8.242730759793071,
      15.109353230078804
    ],
    "std": 1.9235892528715983
  },
  "intensity os046_4column": {
    "best": 0.9931627708754466,
    "index": 2,
    "integer": false,
    "label": "intensity os046_4column",
    "mean": 0.994287795896364,
    "median": 0.9959085126485181,
    "p68": [
      0.9744025716633545,
      1.0141285949353545
    ],
    "p68_range": [
      0.9744025716633545,
      1.0141285949353545
    ],
    "p95": [
      0.9522499654450259,
      1.0287133092724892
    ],
    "p95_range": [
      0.9522499654450259,
      1.0287133092724892
    ],
    "std": 0.01965680642198212
  },
  "number fraction tether": {
    "best": 0.552924379490544,
    "index": 17,
    "integer": false,
    "label": "number fraction tether",
    "mean": 0.4154238537129375,
    "median": 0.3674113642761978,
    "p68": [
      0.24877072586052087,
      0.6172390031303856
    ],
    "p68_range": [
      0.24877072586052087,
      0.6172390031303856
    ],
    "p95": [
      0.2065470586031506,
      0.8920898550010644
    ],
    "p95_range": [
      0.2065470586031506,
      0.8920898550010644
    ],
    "std": 0.18166655217688796
  },
  "outer acyl chain thickness": {
    "best": 9.759313385424806,
    "index": 14,
    "integer": false,
    "label": "outer acyl chain thickness",
    "mean": 12.325358429126643,
    "median": 12.396089234367059,
    "p68": [
      10.176596558285217,
      14.349761771105301
    ],
    "p68_range": [
      10.176596558285217,
      14.349761771105301
    ],
    "p95": [
      8.292042054672368,
      15.51369457335792
    ],
    "p95_range": [
      8.292042054672368,
      15.51369457335792
    ],
    "std": 1.9099275972438632
  },