{
  "background_0": {
    "best": 1.0521135892687863e-06,
    "index": 1,
    "integer": false,
    "label": "background_0",
    "mean": 1.0455327503666482e-06,
    "median": 1.0446173078613007e-06,
    "p68": [
      1.021765930542144e-06,
      1.0705213035816207e-06
    ],
    "p68_range": [
      1.021765930542144e-06,
      1.0705213035816207e-06
    ],
    "p95": [
      1.000168132418891e-06,
      1.091004923123554e-06
    ],
    "p95_range": [
      1.000168132418891e-06,
      1.091004923123554e-06
    ],
    "std": 2.461455757427072e-08
  },
  "background_1": {
    "best": 4.078195438173138e-06,
    "index": 17,
    "integer": false,
    "label": "background_1",
    "mean": 4.0410162736796076e-06,
    "median": 4.042386187554217e-06,
    "p68": [
      3.960095923171264e-06,
      4.12494220298024e-06
    ],
    "p68_range": [
      3.960095923171264e-06,
      4.12494220298024e-06
    ],
    "p95": [
      3.86366286275986e-06,
      4.1989030508293685e-06
    ],
    "p95_range": [
      3.86366286275986e-06,
      4.1989030508293685e-06
    ],
    "std": 8.23128004717396e-08
  },
  "bilayer_roughness": {
    "best": 5.133870557760255,
    "index": 15,
    "integer": false,
    "label": "bilayer_roughness",
    "mean": 5.120822963885743,
    "median": 5.122566983012612,
    "p68": [
      4.978371087386166,
      5.250759493699912
    ],
    "p68_range": [
      4.978371087386166,
      5.250759493699912
    ],
    "p95": [
      4.846817357710276,
      5.4490815176616305
    ],
    "p95_range": [
      4.846817357710276,
      5.4490815176616305
    ],
    "std": 0.1418840413073821
  },
  "inner_acyl_chain_thickness": {
    "best": 10.804456449802426,
    "index": 12,
    "integer": false,
    "label": "inner_acyl_chain_thickness",
    "mean": 10.960163986007984,
    "median": 10.954049784819905,
    "p68": [
      10.729045977552422,
      11.180457883702285
    ],
    "p68_range": [
      10.729045977552422,
      11.180457883702285
    ],
    "p95": [
      10.524214218433352,
      11.403991023642655
    ],
    "p95_range": [
      10.524214218433352,
      11.403991023642655
    ],
    "std": 0.2250557027128035
  },
  "intensity": {
    "best": 1.000185253657052,
    "index": 2,
    "integer": false,
    "label": "intensity",
    "mean": 0.9998191662598146,
    "median": 0.9997687357756959,
    "p68": [
      0.999028946196307,
      1.0006981275103775
    ],
    "p68_range": [
      0.999028946196307,
      1.0006981275103775
    ],
    "p95": [
      0.9983188220262631,
      1.0013381243920598
    ],
    "p95_range": [
      0.9983188220262631,
      1.0013381243920598
    ],
    "std": 0.0008076178369260538
  },
  "outer_acyl_chain_thickness": {
    "best": 13.818983067388835,
    "index": 13,
    "integer": false,
    "label": "outer_acyl_chain_thickness",
    "mean": 13.65507801448818,
    "median": 13.638790658181664,
    "p68": [
      13.452106712734627,
      13.883896518340103
    ],
    "p68_range": [
      13.452106712734627,
      13.883896518340103
    ],
    "p95": [
      13.219263053458928,
      14.11228534586234
    ],
    "p95_range": [
      13.219263053458928,
      14.11228534586234
    ],
    "std": 0.22103876395927177
  },
  "rho_siox": {
    "best": 3.5139665914476113,
    "index": 6,
    "integer": false,
    "label": "rho_siox",
    "mean": 3.51108731121775,
    "median": 3.519798707303957,
    "p68": [
      3.3898702939326135,
      3.631867586956896
    ],
    "p68_range": [
      3.3898702939326135,
      3.631867586956896
    ],
    "p95": [
      3.2396529049078966,
      3.729203889981039
    ],
    "p95_range": [
      3.2396529049078966,
      3.729203889981039
    ],
    "std": 0.12558350773419438
  },
  "rho_solv_0": {
    "best": 6.1688903509794795,
    "index": 10,
    "integer": false,
    "label": "rho_solv_0",
    "mean": 6.175709718621218,
    "median": 6.176054285598684,
    "p68": [
      6.146363042450211,
      6.2040440865334565
    ],
    "p68_range": [
      6.146363042450211,
      6.2040440865334565
    ],
    "p95": [
      6.127612944989562,
      6.2285097397273885
    ],
    "p95_range": [
      6.127612944989562,
      6.2285097397273885
    ],
    "std": 0.02695395955641206
  },
  "rho_solv_1": {
    "best": -0.5498717512103553,
    "index": 18,
    "integer": false,
    "label": "rho_solv_1",
    "mean": -0.5547334343294723,
    "median": -0.5540696646790899,
    "p68": [
      -0.5699633029794802,
      -0.5391624365648007
    ],
    "p68_range": [
      -0.5699633029794802,
      -0.5391624365648007
    ],
    "p95": [
      -0.5871306055016833,
      -0.5297019443227527
    ],
    "p95_range": [
      -0.5871306055016833,
      -0.5297019443227527
    ],
    "std": 0.014832480492539782
  },
  "rho_tiox": {
    "best": 6.9629023507821595,
    "index": 8,
    "integer": false,
    "label": "rho_tiox",
    "mean": 6.969007258396798,
    "median": 6.9688470340234225,
    "p68": [
      6.944585319161213,
      6.990557093306537
    ],
    "p68_range": [
      6.944585319161213,
      6.990557093306537
    ],
    "p95": [
      6.931321432364003,
      7.011438630657381
    ],
    "p95_range": [
      6.931321432364003,
      7.011438630657381
    ],
    "std": 0.02151771549969238
  },
  "sample_broadening": {
    "best": 6.493658022445337e-06,
    "index": 3,
    "integer": false,
    "label": "sample_broadening",
    "mean": -5.090591889055432e-05,
    "median": -2.934514746055192e-05,
    "p68": [
      -0.0002322147965044213,
      0.00010754438628141048
    ],
    "p68_range": [
      -0.0002322147965044213,
      0.00010754438628141048
    ],
    "p95": [
      -0.0004363546149020895,
      0.00032315702024792944
    ],
    "p95_range": [
      -0.0004363546149020895,
      0.00032315702024792944
    ],
    "std": 0.00019262794510489786
  },
  "siox_interface": {
    "best": 6.219659059524082,
    "index": 5,
    "integer": false,
    "label": "siox_interface",
    "mean": 6.429202434821681,
    "median": 6.433476425603501,
    "p68": [
      5.9467815942372475,
      6.904855304467626
    ],
    "p68_range": [
      5.9467815942372475,
      6.904855304467626
    ],
    "p95": [
      5.633973748061298,
      7.235428556520755
    ],
    "p95_range": [
      5.633973748061298,
      7.235428556520755
    ],
    "std": 0.44715554789086115
  },
  "siox_thickness": {
    "best": 15.306316539387963,
    "index": 7,
    "integer": false,
    "label": "siox_thickness",
    "mean": 15.049146712309044,
    "median": 15.096376803066057,
    "p68": [
      14.56670962213771,
      15.473364445731267
    ],
    "p68_range": [
      14.56670962213771,
      15.473364445731267
    ],
    "p95": [
      14.154175960303657,
      15.865550367107458
    ],
    "p95_range": [
      14.154175960303657,
      15.865550367107458
    ],
    "std": 0.4545877394553398
  },
  "submembrane_thickness": {
    "best": 14.002248261063396,
    "index": 14,
    "integer": false,
    "label": "submembrane_thickness",
    "mean": 14.0145957917349,
    "median": 14.00999068829233,
    "p68": [
      13.913537756933353,
      14.122030750586935
    ],
    "p68_range": [
      13.913537756933353,
      14.122030750586935
    ],
    "p95": [
      13.803765951255105,
      14.227293089599709
    ],
    "p95_range": [
      13.803765951255105,
      14.227293089599709
    ],
    "std": 0.10471344704861373
  },
  "theta_offset": {
    "best": -0.0018764842718308617,
    "index": 4,
    "integer": false,
    "label": "theta_offset",
    "mean": -0.0016000364114405567,
    "median": -0.0015963823445487321,
    "p68": [
      -0.0027625718923572347,
      -0.0005166398404055627
    ],
    "p68_range": [
      -0.0027625718923572347,
      -0.0005166398404055627
    ],
    "p95": [
      -0.003544010061197378,
      0.0005264992362066099
    ],
    "p95_range": [
      -0.003544010061197378,
      0.0005264992362066099
    ],
    "std": 0.0010740035908268742
  },