{
  "background_0": {
    "best": 1.0025207657884237e-06,
    "index": 1,
    "integer": false,
    "label": "background_0",
    "mean": 9.99155425227392e-07,
    "median": 9.984583862028814e-07,
    "p68": [
      9.750084957942177e-07,
      1.0252367639388827e-06
    ],
    "p68_range": [
      9.750084957942177e-07,
      1.0252367639388827e-06
    ],
    "p95": [
      9.542149672869505e-07,
      1.0451812591130531e-06
    ],
    "p95_range": [
      9.542149672869505e-07,
      1.0451812591130531e-06
    ],
    "std": 2.442448100523069e-08
  },
  "background_1": {
    "best": 4.046334880794942e-06,
    "index": 17,
    "integer": false,
    "label": "background_1",
    "mean": 4.066367340141779e-06,
    "median": 4.06088374921397e-06,
    "p68": [
      4.0018223714217965e-06,
      4.140766595920707e-06
    ],
    "p68_range": [
      4.0018223714217965e-06,
      4.140766595920707e-06
    ],
    "p95": [
      3.933560146445096e-06,
      4.219370190033099e-06
    ],
    "p95_range": [
      3.933560146445096e-06,
      4.219370190033099e-06
    ],
    "std": 7.232337699824811e-08
  },
  "bilayer_roughness": {
    "best": 4.8994919928966105,
    "index": 15,
    "integer": false,
    "label": "bilayer_roughness",
    "mean": 4.950084456875693,
    "median": 4.950606170676839,
    "p68": [
      4.841177220052997,
      5.062290881815599
    ],
    "p68_range": [
      4.841177220052997,
      5.062290881815599
    ],
    "p95": [
      4.724841783430612,
      5.1638795531913075
    ],
    "p95_range": [
      4.724841783430612,
      5.1638795531913075
    ],
    "std": 0.11457350687643097
  },
  "inner_acyl_chain_thickness": {
    "best": 11.073793650091043,
    "index": 12,
    "integer": false,
    "label": "inner_acyl_chain_thickness",
    "mean": 11.042314291654419,
    "median": 11.03654041599844,
    "p68": [
      10.843693161257246,
      11.243846897445357
    ],
    "p68_range": [
      10.843693161257246,
      11.243846897445357
    ],
    "p95": [
      10.689919919245776,
      11.46572808444137
    ],
    "p95_range": [
      10.689919919245776,
      11.46572808444137
    ],
    "std": 0.20120486208993407
  },
  "intensity": {
    "best": 1.000162554272111,
    "index": 2,
    "integer": false,
    "label": "intensity",
    "mean": 1.0003638212457502,
    "median": 1.0003825826477584,
    "p68": [
      0.9996396080540035,
      1.0010416416585668
    ],
    "p68_range": [
      0.9996396080540035,
      1.0010416416585668
    ],
    "p95": [
      0.9990091348534332,
      1.0016716950580211
    ],
    "p95_range": [
      0.9990091348534332,
      1.0016716950580211
    ],
    "std": 0.0006868950474202818
  },
  "outer_acyl_chain_thickness": {
    "best": 13.729774072561002,
    "index": 13,
    "integer": false,
    "label": "outer_acyl_chain_thickness",
    "mean": 13.711739804421642,
    "median": 13.724712283907744,
    "p68": [
      13.519190423522504,
      13.899780588591046
    ],
    "p68_range": [
      13.519190423522504,
      13.899780588591046
    ],
    "p95": [
      13.341206761419338,
      14.088115142637747
    ],
    "p95_range": [
      13.341206761419338,
      14.088115142637747
    ],
    "std": 0.1932402715287783
  },
  "rho_siox": {
    "best": 3.3989398582982533,
    "index": 6,
    "integer": false,
    "label": "rho_siox",
    "mean": 3.389899386819603,
    "median": 3.385845749406666,
    "p68": [
      3.2201458431485905,
      3.557797939871183
    ],
    "p68_range": [
      3.2201458431485905,
      3.557797939871183
    ],
    "p95": [
      3.1220102311981575,
      3.688179177649759
    ],
    "p95_range": [
      3.1220102311981575,
      3.688179177649759
    ],
    "std": 0.15543985990024523
  },
  "rho_solv_0": {
    "best": 6.243994110597368,
    "index": 10,
    "integer": false,
    "label": "rho_solv_0",
    "mean": 6.241996732396633,
    "median": 6.24332932379457,
    "p68": [
      6.218646559253666,
      6.264385331561618
    ],
    "p68_range": [
      6.218646559253666,
      6.264385331561618
    ],
    "p95": [
      6.196443826638964,
      6.285984022485034
    ],
    "p95_range": [
      6.196443826638964,
      6.285984022485034
    ],
    "std": 0.022947500361469433
  },
  "rho_solv_1": {
    "best": -0.5455819130633283,
    "index": 18,
    "integer": false,
    "label": "rho_solv_1",
    "mean": -0.5350330223362333,
    "median": -0.5342352574927053,
    "p68": [
      -0.5470015758256037,
      -0.5221620085412633
    ],
    "p68_range": [
      -0.5470015758256037,
      -0.5221620085412633
    ],
    "p95": [
      -0.5585942356315945,
      -0.5129722403973584
    ],
    "p95_range": [
      -0.5585942356315945,
      -0.5129722403973584
    ],
    "std": 0.01217397797044882
  },
  "rho_tiox": {
    "best": 8.021417828610655,
    "index": 8,
    "integer": false,
    "label": "rho_tiox",
    "mean": 8.021220710763817,
    "median": 8.023209083323914,
    "p68": [
      8.000812739228524,
      8.041232619149579
    ],
    "p68_range": [
      8.000812739228524,
      8.041232619149579
    ],
    "p95": [
      7.980641417880993,
      8.05813016482637
    ],
    "p95_range": [
      7.980641417880993,
      8.05813016482637
    ],
    "std": 0.020504182182984887
  },
  "sample_broadening": {
    "best": 0.0004588485041431018,
    "index": 3,
    "integer": false,
    "label": "sample_broadening",
    "mean": 0.0005176232682299041,
    "median": 0.0005150618557996284,
    "p68": [
      0.0002854476726584163,
      0.0007394893661964269
    ],
    "p68_range": [
      0.0002854476726584163,
      0.0007394893661964269
    ],
    "p95": [
      3.369393625726304e-05,
      0.0009930768082633185
    ],
    "p95_range": [
      3.369393625726304e-05,
      0.0009930768082633185
    ],
    "std": 0.00023775896569203355
  },
  "siox_interface": {
    "best": 6.9542277684731,
    "index": 5,
    "integer": false,
    "label": "siox_interface",
    "mean": 6.959048839326321,
    "median": 6.985905023935902,
    "p68": [
      6.662869377976215,
      7.249663702373881
    ],
    "p68_range": [
      6.662869377976215,
      7.249663702373881
    ],
    "p95": [
      6.452057895168263,
      7.430411202225213
    ],
    "p95_range": [
      6.452057895168263,
      7.430411202225213
    ],
    "std": 0.2705705740872764
  },
  "siox_thickness": {
    "best": 14.496182851485637,
    "index": 7,
    "integer": false,
    "label": "siox_thickness",
    "mean": 14.569482196804032,
    "median": 14.561491658856777,
    "p68": [
      14.172594057331027,
      14.991619986264636
    ],
    "p68_range": [
      14.172594057331027,
      14.991619986264636
    ],
    "p95": [
      13.735664949049374,
      15.519307123815084
    ],
    "p95_range": [
      13.735664949049374,
      15.519307123815084
    ],
    "std": 0.4440559046586324
  },
  "submembrane_thickness": {
    "best": 13.796028557392674,
    "index": 14,
    "integer": false,
    "label": "submembrane_thickness",
    "mean": 13.868255785130906,
    "median": 13.870204302671745,
    "p68": [
      13.78144328713077,
      13.948281704342602
    ],
    "p68_range": [
      13.78144328713077,
      13.948281704342602
    ],
    "p95": [
      13.71053789181852,
      14.022937082474403
    ],
    "p95_range": [
      13.71053789181852,
      14.022937082474403
    ],
    "std": 0.07975400917499276
  },
  "theta_offset": {
    "best": 0.0011027091398589952,
    "index": 4,
    "integer": false,
    "label": "theta_offset",
    "mean": 0.0010347892678979468,
    "median": 0.0011135758440606245,
    "p68": [
      9.604515833545775e-05,
      0.0018866820934122209
    ],
    "p68_range": [
      9.604515833545775e-05,
      0.0018866820934122209
    ],
    "p95": [
      -0.0007854090944150742,
      0.0027662996158449773
    ],
    "p95_range": [
      -0.0007854090944150742,
      0.0027662996158449773
    ],
    "std": 0.0009056050473076243
  },
  "tiox_roughness": {
    "best": 6.952595929498079,