{
  "radius_equatorial": {
    "best": 13.112378546700958,
    "index": 1,
    "integer": false,
    "label": "radius_equatorial",
    "mean": 13.136159473153889,
    "median": 13.099174168715177,
    "p68": [
      12.926670375797663,
      13.390042625745853
    ],
    "p68_range": [
      12.926670375797663,
      13.390042625745853
    ],
    "p95": [
      12.69559635318695,
      13.6057284934354
    ],
    "p95_range": [
      12.69559635318695,
      13.6057284934354
    ],
    "std": 0.2365434137070771
  },
  "radius_polar": {
    "best": 25.32443991635762,
    "index": 2,
    "integer": false,
    "label": "radius_polar",
    "mean": 25.23792851446365,
    "median": 25.29089590394241,
    "p68": [
      24.415266887718808,
      25.9389171458853
    ],
    "p68_range": [
      24.415266887718808,
      25.9389171458853
    ],
    "p95": [
      23.713555465801523,
      26.71132978531466
    ],
    "p95_range": [
      23.713555465801523,
      26.71132978531466
    ],
    "std": 0.7650135351679322
  },
  "volfraction": {
    "best": 0.0021351298179516343,
    "index": 3,
    "integer": false,
    "label": "volfraction",
    "mean": 0.0021330831251107573,
    "median": 0.0021315212091672126,
    "p68": [
      0.0020909979667926987,
      0.0021736897311198057
    ],
    "p68_range": [
      0.0020909979667926987,
      0.0021736897311198057
    ],
    "p95": [
      0.0020579545285232745,
      0.002219345254103926
    ],
    "p95_range": [
      0.0020579545285232745,
      0.002219345254103926
    ],
    "std": 4.197015086242304e-05
  }
}