{
  "radius_equatorial": {
    "best": 13.095076857082196,
    "index": 1,
    "integer": false,
    "label": "radius_equatorial",
    "mean": 13.096414961022987,
    "median": 13.085902085628257,
    "p68": [
      12.869537447937416,
      13.336012943755518
    ],
    "p68_range": [
      12.869537447937416,
      13.336012943755518
    ],
    "p95": [
      12.641845725758637,
      13.616956963722306
    ],
    "p95_range": [
      12.641845725758637,
      13.616956963722306
    ],
    "std": 0.24441437660625473
  },
  "radius_polar": {
    "best": 25.301999910209428,
    "index": 2,
    "integer": false,
    "label": "radius_polar",
    "mean": 25.296425455541865,
    "median": 25.310554354975217,
    "p68": [
      24.56941753015815,
      26.050355823382294
    ],
    "p68_range": [
      24.56941753015815,
      26.050355823382294
    ],
    "p95": [
      23.744837411301592,
      26.788550786567562
    ],
    "p95_range": [
      23.744837411301592,
      26.788550786567562
    ],
    "std": 0.7629537241767113
  },
  "volfraction": {
    "best": 0.00213818546927483,
    "index": 3,
    "integer": false,
    "label": "volfraction",
    "mean": 0.002142208622506034,
    "median": 0.0021431983415621933,
    "p68": [
      0.0021001783359418376,
      0.0021830201367154787
    ],
    "p68_range": [
      0.0021001783359418376,
      0.0021830201367154787
    ],
    "p95": [
      0.0020577262614402273,
      0.002218706528639754
    ],
    "p95_range": [
      0.0020577262614402273,
      0.002218706528639754
    ],
    "std": 4.0832148613716444e-05
  }
}