{
  "background_0": {
    "best": 1.0137923001810359e-06,
    "index": 1,
    "integer": false,
    "label": "background_0",
    "mean": 1.0173632751896956e-06,
    "median": 1.0180911998504945e-06,
    "p68": [
      9.921238209526592e-07,
      1.0435673017542711e-06
    ],
    "p68_range": [
      9.921238209526592e-07,
      1.0435673017542711e-06
    ],
    "p95": [
      9.55698795087163e-07,
      1.0799002698403872e-06
    ],
    "p95_range": [
      9.55698795087163e-07,
      1.0799002698403872e-06
    ],
    "std": 2.8617177906637247e-08
  },
  "background_1": {
    "best": 3.927770221601383e-06,
    "index": 17,
    "integer": false,
    "label": "background_1",
    "mean": 3.9204108825799e-06,
    "median": 3.922314142889233e-06,
    "p68": [
      3.826723109602049e-06,
      4.019657445223375e-06
    ],
    "p68_range": [
      3.826723109602049e-06,
      4.019657445223375e-06
    ],
    "p95": [
      3.703007728458885e-06,
      4.107481302994393e-06
    ],
    "p95_range": [
      3.703007728458885e-06,
      4.107481302994393e-06
    ],
    "std": 9.633348734106589e-08
  },
  "bilayer_roughness": {
    "best": 4.944413074803974,
    "index": 15,
    "integer": false,
    "label": "bilayer_roughness",
    "mean": 4.984275605981444,
    "median": 4.990894235103146,
    "p68": [
      4.7995286625465825,
      5.165604987394752
    ],
    "p68_range": [
      4.7995286625465825,
      5.165604987394752
    ],
    "p95": [
      4.558253392952326,
      5.307527294824871
    ],
    "p95_range": [
      4.558253392952326,
      5.307527294824871
    ],
    "std": 0.19323018091392807
  },
  "inner_acyl_chain_thickness": {
    "best": 11.345142376760569,
    "index": 12,
    "integer": false,
    "label": "inner_acyl_chain_thickness",
    "mean": 11.403803344337181,
    "median": 11.40424968019124,
    "p68": [
      11.062586519568036,
      11.741211673308694
    ],
    "p68_range": [
      11.062586519568036,
      11.741211673308694
    ],
    "p95": [
      10.668922618368766,
      12.156883355199122
    ],
    "p95_range": [
      10.668922618368766,
      12.156883355199122
    ],
    "std": 0.35984058663816165
  },
  "intensity": {
    "best": 0.9993447096730169,
    "index": 2,
    "integer": false,
    "label": "intensity",
    "mean": 1.0001182762991747,
    "median": 1.0002196594036812,
    "p68": [
      0.9992405434634899,
      1.001001164706313
    ],
    "p68_range": [
      0.9992405434634899,
      1.001001164706313
    ],
    "p95": [
      0.9979878073259222,
      1.0016991718465738
    ],
    "p95_range": [
      0.9979878073259222,
      1.0016991718465738
    ],
    "std": 0.0008944098231072142
  },
  "outer_acyl_chain_thickness": {
    "best": 13.368228522363571,
    "index": 13,
    "integer": false,
    "label": "outer_acyl_chain_thickness",
    "mean": 13.293888457977538,
    "median": 13.295140987034966,
    "p68": [
      12.915674962220534,
      13.67253715123591
    ],
    "p68_range": [
      12.915674962220534,
      13.67253715123591
    ],
    "p95": [
      12.460399184567123,
      14.043324092010089
    ],
    "p95_range": [
      12.460399184567123,
      14.043324092010089
    ],
    "std": 0.39020040248193905
  },
  "rho_siox": {
    "best": 3.6004393305160973,
    "index": 6,
    "integer": false,
    "label": "rho_siox",
    "mean": 3.660872445837439,
    "median": 3.5970229457998033,
    "p68": [
      3.450324650010518,
      3.8898564355626792
    ],
    "p68_range": [
      3.450324650010518,
      3.8898564355626792
    ],
    "p95": [
      3.3219131132596726,
      4.2771672982170506
    ],
    "p95_range": [
      3.3219131132596726,
      4.2771672982170506
    ],
    "std": 0.2382920399666702
  },
  "rho_solv_0": {
    "best": 6.21613043573875,
    "index": 10,
    "integer": false,
    "label": "rho_solv_0",
    "mean": 6.2015375707951055,
    "median": 6.19770523088622,
    "p68": [
      6.165101696829621,
      6.243880312396924
    ],
    "p68_range": [
      6.165101696829621,
      6.243880312396924
    ],
    "p95": [
      6.118183851281507,
      6.283759318756412
    ],
    "p95_range": [
      6.118183851281507,
      6.283759318756412
    ],
    "std": 0.041522594925157245
  },
  "rho_solv_1": {
    "best": -0.5265715427189578,
    "index": 18,
    "integer": false,
    "label": "rho_solv_1",
    "mean": -0.5342998849195059,
    "median": -0.5332061059469334,
    "p68": [
      -0.5547494986602409,
      -0.5142274755381044
    ],
    "p68_range": [
      -0.5547494986602409,
      -0.5142274755381044
    ],
    "p95": [
      -0.5765244952355667,
      -0.5008609579578873
    ],
    "p95_range": [
      -0.5765244952355667,
      -0.5008609579578873
    ],
    "std": 0.01937510109392343
  },
  "rho_tiox": {
    "best": 5.002853221624555,
    "index": 8,
    "integer": false,
    "label": "rho_tiox",
    "mean": 4.993255113509965,
    "median": 4.991919090419933,
    "p68": [
      4.971525868711092,
      5.016739787596294
    ],
    "p68_range": [
      4.971525868711092,
      5.016739787596294
    ],
    "p95": [
      4.945404432108825,
      5.039307810522469
    ],
    "p95_range": [
      4.945404432108825,
      5.039307810522469
    ],
    "std": 0.023587939605918807
  },
  "sample_broadening": {
    "best": -3.7802971690368096e-05,
    "index": 3,
    "integer": false,
    "label": "sample_broadening",
    "mean": 0.00019334904862273748,
    "median": 0.00020100986729293635,
    "p68": [
      -4.1352348851402545e-05,
      0.0004148108570059257
    ],
    "p68_range": [
      -4.1352348851402545e-05,
      0.0004148108570059257
    ],
    "p95": [
      -0.0002392604487067885,
      0.0006200842283223495
    ],
    "p95_range": [
      -0.0002392604487067885,
      0.0006200842283223495
    ],
    "std": 0.00023043139696125094
  },
  "siox_interface": {
    "best": 6.949468209280849,
    "index": 5,
    "integer": false,
    "label": "siox_interface",
    "mean": 7.466025575685981,
    "median": 7.4831944121793645,
    "p68": [
      6.5171169981763235,
      8.476935390547284
    ],
    "p68_range": [
      6.5171169981763235,
      8.476935390547284
    ],
    "p95": [
      5.84214487342626,
      8.930294591207826
    ],
    "p95_range": [
      5.84214487342626,
      8.930294591207826
    ],
    "std": 0.8791000914920295
  },
  "siox_thickness": {
    "best": 14.713494635341615,
    "index": 7,
    "integer": false,
    "label": "siox_thickness",
    "mean": 13.783745597636198,
    "median": 13.930813296731317,
    "p68": [
      12.412989631183882,
      15.182354796451493
    ],
    "p68_range": [
      12.412989631183882,
      15.182354796451493
    ],
    "p95": [
      10.822599027261685,
      15.758656710546653
    ],
    "p95_range": [
      10.822599027261685,
      15.758656710546653
    ],
    "std": 1.3354047819242627
  },
  "submembrane_thickness": {
    "best": 13.956243576548122,
    "index": 14,
    "integer": false,
    "label": "submembrane_thickness",
    "mean": 14.130148838022302,
    "median": 14.131236270077073,
    "p68": [
      13.897320014837254,
      14.357567266478297
    ],
    "p68_range": [
      13.897320014837254,
      14.357567266478297
    ],
    "p95": [
      13.684149115529667,
      14.631107769293802
    ],
    "p95_range": [
      13.684149115529667,
      14.631107769293802
    ],
    "std": 0.2329028226200895
  },
  "theta_offset": {
    "best": 7.99917037031464e-06,
    "index": 4,
    "integer": false,
    "label": "theta_offset",
    "mean": -0.0005582711728271149,
    "median": -0.0007200733416366612,
    "p68": [
      -0.0019859298841012328,
      0.0011323414987236971
    ],
    "p68_range": [
      -0.0019859298841012328,
      0.0011323414987236971
    ],
    "p95": [
      -0.00388626915010987,
      0.0026845288070017626
    ],
    "p95_range": [
      -0.00388626915010987,
      0.0026845288070017626
    ],
    "std": 0.001649472069556091
  },