{
  "bulknsld": {
    "best": 9.558974117530255e-06,
    "index": 1,
    "integer": false,
    "label": "bulknsld",
    "mean": 9.554660618035053e-06,
    "median": 9.554695975457599e-06,
    "p68": [
      9.537964253363998e-06,
      9.571102681810734e-06
    ],
    "p68_range": [
      9.537964253363998e-06,
      9.571102681810734e-06
    ],
    "p95": [
      9.523750860871755e-06,
      9.58665939801268e-06
    ],
    "p95_range": [
      9.523750860871755e-06,
      9.58665939801268e-06
    ],
    "std": 1.6270848379408535e-08
  },
  "dq": {
    "best": 0.009996494403893686,
    "index": 2,
    "integer": false,
    "label": "dq",
    "mean": 0.009955284009063401,
    "median": 0.009970618001402578,
    "p68": [
      0.009919389853758539,
      0.00999183605163743
    ],
    "p68_range": [
      0.009919389853758539,
      0.00999183605163743
    ],
    "p95": [
      0.009823579367468263,
      0.009999157344941062
    ],
    "p95_range": [
      0.009823579367468263,
      0.009999157344941062
    ],
    "std": 5.005206686246581e-05
  },
  "l_lipid": {
    "best": 11.93944536637679,
    "index": 3,
    "integer": false,
    "label": "l_lipid",
    "mean": 11.94379119992175,
    "median": 11.944000640571456,
    "p68": [
      11.933188881458266,
      11.954549968759206
    ],
    "p68_range": [
      11.933188881458266,
      11.954549968759206
    ],
    "p95": [
      11.922544600177877,
      11.963937629557126
    ],
    "p95_range": [
      11.922544600177877,
      11.963937629557126
    ],
    "std": 0.010719063157038593
  },
  "prefactor": {
    "best": 15629.71918815186,
    "index": 4,
    "integer": false,
    "label": "prefactor",
    "mean": 15756.769903169135,
    "median": 15715.575489477931,
    "p68": [
      15638.526761293271,
      15896.736246159773
    ],
    "p68_range": [
      15638.526761293271,
      15896.736246159773
    ],
    "p95": [
      15579.130057839373,
      16142.591558424438
    ],
    "p95_range": [
      15579.130057839373,
      16142.591558424438
    ],
    "std": 141.85070642040301
  },
  "sigma": {
    "best": 1.0023203006559775,
    "index": 5,
    "integer": false,
    "label": "sigma",
    "mean": 1.0192776495008415,
    "median": 1.0155972335596917,
    "p68": [
      1.0044441099134391,
      1.0343907137584718
    ],
    "p68_range": [
      1.0044441099134391,
      1.0343907137584718
    ],
    "p95": [
      1.0007226311723456,
      1.057505853165706
    ],
    "p95_range": [
      1.0007226311723456,
      1.057505853165706
    ],
    "std": 0.015529667936340882
  },
  "vf_bilayer": {
    "best": 0.9991467726496671,
    "index": 6,
    "integer": false,
    "label": "vf_bilayer",
    "mean": 0.991005140653636,
    "median": 0.9943886545746673,
    "p68": [
      0.9824509714266167,
      0.9986771474655792
    ],
    "p68_range": [
      0.9824509714266167,
      0.9986771474655792
    ],
    "p95": [
      0.9659910450343322,
      0.9998291525490535
    ],
    "p95_range": [
      0.9659910450343322,
      0.9998291525490535
    ],
    "std": 0.009007297381560572
  }
}