{
  "bulknsld": {
    "best": 9.558239274656208e-06,
    "index": 1,
    "integer": false,
    "label": "bulknsld",
    "mean": 9.554601460779165e-06,
    "median": 9.55471384478485e-06,
    "p68": [
      9.53834384496413e-06,
      9.572399432787153e-06
    ],
    "p68_range": [
      9.53834384496413e-06,
      9.572399432787153e-06
    ],
    "p95": [
      9.520751655411882e-06,
      9.59221054012597e-06
    ],
    "p95_range": [
      9.520751655411882e-06,
      9.59221054012597e-06
    ],
    "std": 1.8549365996962524e-08
  },
  "dq": {
    "best": 0.00999201536700469,
    "index": 2,
    "integer": false,
    "label": "dq",
    "mean": 0.009935306935518199,
    "median": 0.009964130333139379,
    "p68": [
      0.009899367488218092,
      0.009990757590668519
    ],
    "p68_range": [
      0.009899367488218092,
      0.009990757590668519
    ],
    "p95": [
      0.009707899362019603,
      0.009999505957163592
    ],
    "p95_range": [
      0.009707899362019603,
      0.009999505957163592
    ],
    "std": 0.0001134817984528946
  },
  "l_lipid": {
    "best": 11.944443505001123,
    "index": 3,
    "integer": false,
    "label": "l_lipid",
    "mean": 11.940951175723244,
    "median": 11.942090042698563,
    "p68": [
      11.930182621137423,
      11.953246199214595
    ],
    "p68_range": [
      11.930182621137423,
      11.953246199214595
    ],
    "p95": [
      11.909087484850456,
      11.963351118422358
    ],
    "p95_range": [
      11.909087484850456,
      11.963351118422358
    ],
    "std": 0.01349146749829727
  },
  "prefactor": {
    "best": 15644.438823977242,
    "index": 4,
    "integer": false,
    "label": "prefactor",
    "mean": 15789.366616336487,
    "median": 15728.42659950332,
    "p68": [
      15631.490067655244,
      15972.644115402496
    ],
    "p68_range": [
      15631.490067655244,
      15972.644115402496
    ],
    "p95": [
      15571.764408140867,
      16305.26586437953
    ],
    "p95_range": [
      15571.764408140867,
      16305.26586437953
    ],
    "std": 188.6666810153063
  },
  "sigma": {
    "best": 1.0007812979731263,
    "index": 5,
    "integer": false,
    "label": "sigma",
    "mean": 1.0216139251929803,
    "median": 1.017324170928186,
    "p68": [
      1.0048007063994309,
      1.0376149425549228
    ],
    "p68_range": [
      1.0048007063994309,
      1.0376149425549228
    ],
    "p95": [
      1.0005076787765799,
      1.0725361953185373
    ],
    "p95_range": [
      1.0005076787765799,
      1.0725361953185373
    ],
    "std": 0.01846270990074969
  },
  "vf_bilayer": {
    "best": 0.9979256485985734,
    "index": 6,
    "integer": false,
    "label": "vf_bilayer",
    "mean": 0.9887783908980233,
    "median": 0.9928812797893051,
    "p68": [
      0.9775169047487298,
      0.9986829712695565
    ],
    "p68_range": [
      0.9775169047487298,
      0.9986829712695565
    ],
    "p95": [
      0.9557179174247744,
      0.9998512091368021
    ],
    "p95_range": [
      0.9557179174247744,
      0.9998512091368021
    ],
    "std": 0.011588015858263663
  }
}