{
  "background_0": {
    "best": 1.0514540769054192e-06,
    "index": 1,
    "integer": false,
    "label": "background_0",
    "mean": 1.0537852313220297e-06,
    "median": 1.0542059808464084e-06,
    "p68": [
      1.0289656406492174e-06,
      1.077064861194563e-06
    ],
    "p68_range": [
      1.0289656406492174e-06,
      1.077064861194563e-06
    ],
    "p95": [
      1.0049217316882425e-06,
      1.1067750164273433e-06
    ],
    "p95_range": [
      1.0049217316882425e-06,
      1.1067750164273433e-06
    ],
    "std": 2.5042358114564106e-08
  },
  "background_1": {
    "best": 4.079600541560084e-06,
    "index": 17,
    "integer": false,
    "label": "background_1",
    "mean": 4.073286504371563e-06,
    "median": 4.072720707797979e-06,
    "p68": [
      4.001137763497291e-06,
      4.147510480451637e-06
    ],
    "p68_range": [
      4.001137763497291e-06,
      4.147510480451637e-06
    ],
    "p95": [
      3.917984691672606e-06,
      4.221118773419217e-06
    ],
    "p95_range": [
      3.917984691672606e-06,
      4.221118773419217e-06
    ],
    "std": 7.340095829015638e-08
  },
  "bilayer_roughness": {
    "best": 4.944063341725302,
    "index": 15,
    "integer": false,
    "label": "bilayer_roughness",
    "mean": 5.029677314057868,
    "median": 5.029099204583424,
    "p68": [
      4.9118345603500995,
      5.142114243589614
    ],
    "p68_range": [
      4.9118345603500995,
      5.142114243589614
    ],
    "p95": [
      4.784554348971119,
      5.287197446819734
    ],
    "p95_range": [
      4.784554348971119,
      5.287197446819734
    ],
    "std": 0.1203581473385199
  },
  "inner_acyl_chain_thickness": {
    "best": 11.073162810115498,
    "index": 12,
    "integer": false,
    "label": "inner_acyl_chain_thickness",
    "mean": 11.112000535707134,
    "median": 11.112658998725607,
    "p68": [
      10.92630390267224,
      11.305362260944017
    ],
    "p68_range": [
      10.92630390267224,
      11.305362260944017
    ],
    "p95": [
      10.696383215315475,
      11.49811828703685
    ],
    "p95_range": [
      10.696383215315475,
      11.49811828703685
    ],
    "std": 0.19469495521814728
  },
  "intensity": {
    "best": 0.9994902038617882,
    "index": 2,
    "integer": false,
    "label": "intensity",
    "mean": 0.9997042553315105,
    "median": 0.9997888794816947,
    "p68": [
      0.9990054163686989,
      1.0004061054625097
    ],
    "p68_range": [
      0.9990054163686989,
      1.0004061054625097
    ],
    "p95": [
      0.9983165710452143,
      1.0009163690789784
    ],
    "p95_range": [
      0.9983165710452143,
      1.0009163690789784
    ],
    "std": 0.0006948813580517969
  },
  "outer_acyl_chain_thickness": {
    "best": 13.715309886387336,
    "index": 13,
    "integer": false,
    "label": "outer_acyl_chain_thickness",
    "mean": 13.534393415322063,
    "median": 13.55204797883967,
    "p68": [
      13.328439083975125,
      13.722826069417366
    ],
    "p68_range": [
      13.328439083975125,
      13.722826069417366
    ],
    "p95": [
      13.144777624563003,
      13.826670616466766
    ],
    "p95_range": [
      13.144777624563003,
      13.826670616466766
    ],
    "std": 0.18569284203695988
  },
  "rho_siox": {
    "best": 3.3154959430768978,
    "index": 6,
    "integer": false,
    "label": "rho_siox",
    "mean": 3.548019998078415,
    "median": 3.5395286764792386,
    "p68": [
      3.3538538474981765,
      3.7609031691063928
    ],
    "p68_range": [
      3.3538538474981765,
      3.7609031691063928
    ],
    "p95": [
      3.1886933233594834,
      3.94332138340086
    ],
    "p95_range": [
      3.1886933233594834,
      3.94332138340086
    ],
    "std": 0.19881270826779499
  },
  "rho_solv_0": {
    "best": 6.2084473439906835,
    "index": 10,
    "integer": false,
    "label": "rho_solv_0",
    "mean": 6.20469928790543,
    "median": 6.204428008003132,
    "p68": [
      6.185372362418524,
      6.226082101501037
    ],
    "p68_range": [
      6.185372362418524,
      6.226082101501037
    ],
    "p95": [
      6.166592777722136,
      6.241094093070328
    ],
    "p95_range": [
      6.166592777722136,
      6.241094093070328
    ],
    "std": 0.019941465943934956
  },
  "rho_solv_1": {
    "best": -0.5560922783787771,
    "index": 18,
    "integer": false,
    "label": "rho_solv_1",
    "mean": -0.5547882089805942,
    "median": -0.5548969782862563,
    "p68": [
      -0.5676240602563188,
      -0.5423632995503759
    ],
    "p68_range": [
      -0.5676240602563188,
      -0.5423632995503759
    ],
    "p95": [
      -0.5839651737539059,
      -0.5238082940954646
    ],
    "p95_range": [
      -0.5839651737539059,
      -0.5238082940954646
    ],
    "std": 0.014024610570958988
  },
  "rho_tiox": {
    "best": 9.99315062686752,
    "index": 8,
    "integer": false,
    "label": "rho_tiox",
    "mean": 9.987726233353545,
    "median": 9.987657208160703,
    "p68": [
      9.968012502312874,
      10.01018488084796
    ],
    "p68_range": [
      9.968012502312874,
      10.01018488084796
    ],
    "p95": [
      9.946116010977708,
      10.028303077686129
    ],
    "p95_range": [
      9.946116010977708,
      10.028303077686129
    ],
    "std": 0.02116034882489094
  },
  "sample_broadening": {
    "best": 0.00046537271753893,
    "index": 3,
    "integer": false,
    "label": "sample_broadening",
    "mean": 0.00033103874719378484,
    "median": 0.00034302737516348874,
    "p68": [
      -3.4979234961807875e-05,
      0.0007208001439476048
    ],
    "p68_range": [
      -3.4979234961807875e-05,
      0.0007208001439476048
    ],
    "p95": [
      -0.00039220931431763683,
      0.001103484275791438
    ],
    "p95_range": [
      -0.00039220931431763683,
      0.001103484275791438
    ],
    "std": 0.00039255145209679277
  },
  "siox_interface": {
    "best": 6.869529921657554,
    "index": 5,
    "integer": false,
    "label": "siox_interface",
    "mean": 6.638403879292263,
    "median": 6.655830088021593,
    "p68": [
      6.386955695492383,
      6.873346340704312
    ],
    "p68_range": [
      6.386955695492383,
      6.873346340704312
    ],
    "p95": [
      6.119547981610221,
      7.152772213470222
    ],
    "p95_range": [
      6.119547981610221,
      7.152772213470222
    ],
    "std": 0.25025867118461725
  },
  "siox_thickness": {
    "best": 15.079218514767534,
    "index": 7,
    "integer": false,
    "label": "siox_thickness",
    "mean": 14.790103701402384,
    "median": 14.773458903582979,
    "p68": [
      14.384665425141035,
      15.245384083589975
    ],
    "p68_range": [
      14.384665425141035,
      15.245384083589975
    ],
    "p95": [
      14.022117479127774,
      15.725859244178523
    ],
    "p95_range": [
      14.022117479127774,
      15.725859244178523
    ],
    "std": 0.44229262924316076
  },
  "submembrane_thickness": {
    "best": 13.879306874316029,
    "index": 14,
    "integer": false,
    "label": "submembrane_thickness",
    "mean": 13.990589739554336,
    "median": 13.989559517306416,
    "p68": [
      13.919319797521947,
      14.061928076834644
    ],
    "p68_range": [
      13.919319797521947,
      14.061928076834644
    ],
    "p95": [
      13.845286657067208,
      14.17708841296745
    ],
    "p95_range": [
      13.845286657067208,
      14.17708841296745
    ],
    "std": 0.07788639169977081
  },
  "theta_offset": {
    "best": -0.0002761602070813641,
    "index": 4,
    "integer": false,
    "label": "theta_offset",
    "mean": -0.00041543370416039806,
    "median": -0.0004175455647689591,
    "p68": [
      -0.0011640031843702645,
      0.00043960821788324305
    ],
    "p68_range": [
      -0.0011640031843702645,
      0.00043960821788324305
    ],
    "p95": [
      -0.0019288381193658182,
      0.0010113237582383317
    ],
    "p95_range": [
      -0.0019288381193658182,
      0.0010113237582383317
    ],
    "std": 0.0007911065170982338
  },