{
  "background_0": {
    "best": 1.1203921783473071e-06,
    "index": 1,
    "integer": false,
    "label": "background_0",
    "mean": 1.1112614208419502e-06,
    "median": 1.1107790421092374e-06,
    "p68": [
      1.0488582928436627e-06,
      1.1750094600821846e-06
    ],
    "p68_range": [
      1.0488582928436627e-06,
      1.1750094600821846e-06
    ],
    "p95": [
      9.757443288600278e-07,
      1.2344355828896176e-06
    ],
    "p95_range": [
      9.757443288600278e-07,
      1.2344355828896176e-06
    ],
    "std": 6.67227130492333e-08
  },
  "background_1": {
    "best": 3.929748862727718e-06,
    "index": 17,
    "integer": false,
    "label": "background_1",
    "mean": 3.972286385183123e-06,
    "median": 3.971120014154028e-06,
    "p68": [
      3.907451065883593e-06,
      4.034864757279125e-06
    ],
    "p68_range": [
      3.907451065883593e-06,
      4.034864757279125e-06
    ],
    "p95": [
      3.858949100495165e-06,
      4.085517047389617e-06
    ],
    "p95_range": [
      3.858949100495165e-06,
      4.085517047389617e-06
    ],
    "std": 6.073354177229829e-08
  },
  "bilayer_roughness": {
    "best": 4.688561239274217,
    "index": 15,
    "integer": false,
    "label": "bilayer_roughness",
    "mean": 5.035297406241694,
    "median": 5.0545158315127985,
    "p68": [
      4.503119014688979,
      5.547542765436019
    ],
    "p68_range": [
      4.503119014688979,
      5.547542765436019
    ],
    "p95": [
      4.008860003257953,
      5.859500352596895
    ],
    "p95_range": [
      4.008860003257953,
      5.859500352596895
    ],
    "std": 0.4854750854589063
  },
  "inner_acyl_chain_thickness": {
    "best": 10.902884690352147,
    "index": 12,
    "integer": false,
    "label": "inner_acyl_chain_thickness",
    "mean": 11.111931813858233,
    "median": 11.093567509362572,
    "p68": [
      10.56893312164753,
      11.635313086120442
    ],
    "p68_range": [
      10.56893312164753,
      11.635313086120442
    ],
    "p95": [
      9.963433863473439,
      12.255929495208727
    ],
    "p95_range": [
      9.963433863473439,
      12.255929495208727
    ],
    "std": 0.5513538552418573
  },
  "intensity": {
    "best": 1.0003512469553688,
    "index": 2,
    "integer": false,
    "label": "intensity",
    "mean": 1.0000204959635632,
    "median": 0.9999720967955368,
    "p68": [
      0.9990474615264282,
      1.0010623330545358
    ],
    "p68_range": [
      0.9990474615264282,
      1.0010623330545358
    ],
    "p95": [
      0.9982175135882959,
      1.0020564460399137
    ],
    "p95_range": [
      0.9982175135882959,
      1.0020564460399137
    ],
    "std": 0.000966032452194303
  },
  "outer_acyl_chain_thickness": {
    "best": 13.775365841051395,
    "index": 13,
    "integer": false,
    "label": "outer_acyl_chain_thickness",
    "mean": 13.439188986538957,
    "median": 13.423040009959271,
    "p68": [
      12.76879361679939,
      14.138297078928247
    ],
    "p68_range": [
      12.76879361679939,
      14.138297078928247
    ],
    "p95": [
      12.198049323424112,
      14.665112583440346
    ],
    "p95_range": [
      12.198049323424112,
      14.665112583440346
    ],
    "std": 0.6603753657104912
  },
  "rho_siox": {
    "best": 3.3826155792718557,
    "index": 6,
    "integer": false,
    "label": "rho_siox",
    "mean": 3.737766188256971,
    "median": 3.654641671245634,
    "p68": [
      3.2244748685773463,
      4.3304647714263576
    ],
    "p68_range": [
      3.2244748685773463,
      4.3304647714263576
    ],
    "p95": [
      3.1274619412501266,
      4.939807808895347
    ],
    "p95_range": [
      3.1274619412501266,
      4.939807808895347
    ],
    "std": 0.4932562129852144
  },
  "rho_solv_0": {
    "best": 6.244937373873033,
    "index": 10,
    "integer": false,
    "label": "rho_solv_0",
    "mean": 6.198200971189516,
    "median": 6.202530646506954,
    "p68": [
      6.145628299729771,
      6.246786022277061
    ],
    "p68_range": [
      6.145628299729771,
      6.246786022277061
    ],
    "p95": [
      6.0914755068102195,
      6.294746030922653
    ],
    "p95_range": [
      6.0914755068102195,
      6.294746030922653
    ],
    "std": 0.05022776050751604
  },
  "rho_solv_1": {
    "best": -0.5615314499448663,
    "index": 18,
    "integer": false,
    "label": "rho_solv_1",
    "mean": -0.5315799910481821,
    "median": -0.5338141297259006,
    "p68": [
      -0.5671051699935259,
      -0.49762947039519545
    ],
    "p68_range": [
      -0.5671051699935259,
      -0.49762947039519545
    ],
    "p95": [
      -0.5922194174841462,
      -0.46251285789054136
    ],
    "p95_range": [
      -0.5922194174841462,
      -0.46251285789054136
    ],
    "std": 0.03439387238961494
  },
  "rho_tiox": {
    "best": 2.000767468061697,
    "index": 8,
    "integer": false,
    "label": "rho_tiox",
    "mean": 1.9948830808538665,
    "median": 1.995658568744157,
    "p68": [
      1.9855074522174914,
      2.004606714782449
    ],
    "p68_range": [
      1.9855074522174914,
      2.004606714782449
    ],
    "p95": [
      1.9753042430705694,
      2.0116178425311344
    ],
    "p95_range": [
      1.9753042430705694,
      2.0116178425311344
    ],
    "std": 0.009456725612250177
  },
  "sample_broadening": {
    "best": -0.0001195224638399313,
    "index": 3,
    "integer": false,
    "label": "sample_broadening",
    "mean": -4.656592359072783e-05,
    "median": -3.633874352919267e-05,
    "p68": [
      -0.00039201633379912595,
      0.0003094177938681702
    ],
    "p68_range": [
      -0.00039201633379912595,
      0.0003094177938681702
    ],
    "p95": [
      -0.000856413712883788,
      0.0007458485370684476
    ],
    "p95_range": [
      -0.000856413712883788,
      0.0007458485370684476
    ],
    "std": 0.0003609036953561132
  },
  "siox_interface": {
    "best": 6.836337692745171,
    "index": 5,
    "integer": false,
    "label": "siox_interface",
    "mean": 7.174788743518485,
    "median": 7.296559959258011,
    "p68": [
      6.428402202676695,
      7.8243902782173
    ],
    "p68_range": [
      6.428402202676695,
      7.8243902782173
    ],
    "p95": [
      5.922468550741616,
      8.086633968965005
    ],
    "p95_range": [
      5.922468550741616,
      8.086633968965005
    ],
    "std": 0.6075600018325524
  },
  "siox_thickness": {
    "best": 15.451403419557906,
    "index": 7,
    "integer": false,
    "label": "siox_thickness",
    "mean": 13.095466334626707,
    "median": 12.75869464120113,
    "p68": [
      8.981842806164435,
      17.266764966316142
    ],
    "p68_range": [
      8.981842806164435,
      17.266764966316142
    ],
    "p95": [
      7.113224176116196,
      19.137231004694183
    ],
    "p95_range": [
      7.113224176116196,
      19.137231004694183
    ],
    "std": 3.536334243462913
  },
  "submembrane_thickness": {
    "best": 13.984345453719811,
    "index": 14,
    "integer": false,
    "label": "submembrane_thickness",
    "mean": 14.168287121404902,
    "median": 14.143774650595816,
    "p68": [
      13.811017350535069,
      14.530458836929101
    ],
    "p68_range": [
      13.811017350535069,
      14.530458836929101
    ],
    "p95": [
      13.54246832692054,
      14.890206079340546
    ],
    "p95_range": [
      13.54246832692054,
      14.890206079340546
    ],
    "std": 0.3469763893219466
  },
  "theta_offset": {
    "best": 0.001092981634697025,
    "index": 4,
    "integer": false,
    "label": "theta_offset",
    "mean": -0.0007421716714979293,
    "median": -0.0006268201804877539,
    "p68": [
      -0.0028504008538322756,
      0.001212083268883452
    ],
    "p68_range": [
      -0.0028504008538322756,
      0.001212083268883452
    ],
    "p95": [
      -0.005003379093269759,
      0.0030700266520605674
    ],
    "p95_range": [
      -0.005003379093269759,
      0.0030700266520605674
    ],
    "std": 0.0020034715686305356
  },
  "tiox_roughness": {
    "best": 7.381673804180061,