{
  "background ch060": {
    "best": 4.1096121665303865e-06,
    "index": 16,
    "integer": false,
    "label": "background ch060",
    "mean": 4.056637534041803e-06,
    "median": 4.062803303145178e-06,
    "p68": [
      3.89810494735443e-06,
      4.196592285548164e-06
    ],
    "p68_range": [
      3.89810494735443e-06,
      4.196592285548164e-06
    ],
    "p95": [
      3.7692940790686498e-06,
      4.341473798485393e-06
    ],
    "p95_range": [
      3.7692940790686498e-06,
      4.341473798485393e-06
    ],
    "std": 1.4662434642522008e-07
  },
  "background ch061": {
    "best": 3.529291968631323e-07,
    "index": 1,
    "integer": false,
    "label": "background ch061",
    "mean": 3.760406180061087e-07,
    "median": 3.8143811905820854e-07,
    "p68": [
      2.6713510069873474e-07,
      4.760217681681039e-07
    ],
    "p68_range": [
      2.6713510069873474e-07,
      4.760217681681039e-07
    ],
    "p95": [
      1.4347977022830145e-07,
      5.825542899822549e-07
    ],
    "p95_range": [
      1.4347977022830145e-07,
      5.825542899822549e-07
    ],
    "std": 1.0521760980817906e-07
  },
  "bilayer roughness": {
    "best": 5.270422349987462,
    "index": 14,
    "integer": false,
    "label": "bilayer roughness",
    "mean": 5.259353595771057,
    "median": 5.250597391871136,
    "p68": [
      4.894104066525694,
      5.65194005870753
    ],
    "p68_range": [
      4.894104066525694,
      5.65194005870753
    ],
    "p95": [
      4.449193278056033,
      6.131346387353906
    ],
    "p95_range": [
      4.449193278056033,
      6.131346387353906
    ],
    "std": 0.39804331496563383
  },
  "d2o rho": {
    "best": 5.892794804878162,
    "index": 9,
    "integer": false,
    "label": "d2o rho",
    "mean": 5.9233805532283474,
    "median": 5.9229065101633545,
    "p68": [
      5.870260338435661,
      5.968114806627514
    ],
    "p68_range": [
      5.870260338435661,
      5.968114806627514
    ],
    "p95": [
      5.838807565619876,
      6.037927369379909
    ],
    "p95_range": [
      5.838807565619876,
      6.037927369379909
    ],
    "std": 0.048883110854439
  },
  "h2o rho": {
    "best": -0.27115528261867067,
    "index": 17,
    "integer": false,
    "label": "h2o rho",
    "mean": -0.308807794607409,
    "median": -0.30636708701705595,
    "p68": [
      -0.3458035749909333,
      -0.2728365669336234
    ],
    "p68_range": [
      -0.3458035749909333,
      -0.2728365669336234
    ],
    "p95": [
      -0.38175288459742324,
      -0.24101199402267123
    ],
    "p95_range": [
      -0.38175288459742324,
      -0.24101199402267123
    ],
    "std": 0.03547621500865782
  },
  "inner acyl chain thickness": {
    "best": 14.388142076231773,
    "index": 11,
    "integer": false,
    "label": "inner acyl chain thickness",
    "mean": 14.442960481383558,
    "median": 14.448261246821422,
    "p68": [
      13.980338834088968,
      14.901788003997329
    ],
    "p68_range": [
      13.980338834088968,
      14.901788003997329
    ],
    "p95": [
      13.494063527208704,
      15.393430126738894
    ],
    "p95_range": [
      13.494063527208704,
      15.393430126738894
    ],
    "std": 0.46517910225818154
  },
  "intensity ch061": {
    "best": 0.9885160320129397,
    "index": 2,
    "integer": false,
    "label": "intensity ch061",
    "mean": 0.9881045976101676,
    "median": 0.9881174359499457,
    "p68": [
      0.9835973045714838,
      0.9930091348850935
    ],
    "p68_range": [
      0.9835973045714838,
      0.9930091348850935
    ],
    "p95": [
      0.9778217646138505,
      0.9995798141495095
    ],
    "p95_range": [
      0.9778217646138505,
      0.9995798141495095
    ],
    "std": 0.005268196839802215
  },
  "outer acyl chain thickness": {
    "best": 11.611423249057818,
    "index": 12,
    "integer": false,
    "label": "outer acyl chain thickness",
    "mean": 11.50297198979463,
    "median": 11.48645449344269,
    "p68": [
      10.955001353319373,
      12.041835026837505
    ],
    "p68_range": [
      10.955001353319373,
      12.041835026837505
    ],
    "p95": [
      10.165672543723531,
      12.61178068345184
    ],
    "p95_range": [
      10.165672543723531,
      12.61178068345184
    ],
    "std": 0.5661730553404
  },
  "sample_broadening ch061": {
    "best": 0.001317080474281611,
    "index": 3,
    "integer": false,
    "label": "sample_broadening ch061",
    "mean": 0.0012149090271938408,
    "median": 0.0012590308763729496,
    "p68": [
      -0.0005114816225514973,
      0.0031120080138376327
    ],
    "p68_range": [
      -0.0005114816225514973,
      0.0031120080138376327
    ],
    "p95": [
      -0.0033739615773797456,
      0.004716750200938852
    ],
    "p95_range": [
      -0.0033739615773797456,
      0.004716750200938852
    ],
    "std": 0.001906238862883449
  },
  "siox interface": {
    "best": 3.358169869332149,
    "index": 5,
    "integer": false,
    "label": "siox interface",
    "mean": 3.064563480327966,
    "median": 3.0776081354863876,
    "p68": [
      2.4596604062510083,
      3.6167110908979767
    ],
    "p68_range": [
      2.4596604062510083,
      3.6167110908979767
    ],
    "p95": [
      2.0754180670986133,
      4.188825487430599
    ],
    "p95_range": [
      2.0754180670986133,
      4.188825487430599
    ],
    "std": 0.561564097158322
  },
  "siox rho": {
    "best": 3.278380413936192,
    "index": 6,
    "integer": false,
    "label": "siox rho",
    "mean": 3.34325578822506,
    "median": 3.2912540494744618,
    "p68": [
      3.1389987548064275,
      3.5674920079006567
    ],
    "p68_range": [
      3.1389987548064275,
      3.5674920079006567
    ],
    "p95": [
      3.104179955984555,
      3.851133460230108
    ],
    "p95_range": [
      3.104179955984555,
      3.851133460230108
    ],
    "std": 0.20727995197654656
  },
  "siox thickness": {
    "best": 10.344499034873968,
    "index": 7,
    "integer": false,
    "label": "siox thickness",
    "mean": 9.990918990351378,
    "median": 10.220347039292733,
    "p68": [
      7.987034052255117,
      11.880444553936158
    ],
    "p68_range": [
      7.987034052255117,
      11.880444553936158
    ],
    "p95": [
      6.610765793134657,
      12.522241756495845
    ],
    "p95_range": [
      6.610765793134657,
      12.522241756495845
    ],
    "std": 1.7024639792981595
  },
  "submembrane thickness": {
    "best": 13.937989387947907,
    "index": 13,
    "integer": false,
    "label": "submembrane thickness",
    "mean": 13.904861944591744,
    "median": 13.896696651208197,
    "p68": [
      13.598827298144833,
      14.212268941649668
    ],
    "p68_range": [
      13.598827298144833,
      14.212268941649668
    ],
    "p95": [
      13.273319154590153,
      14.560414449785702
    ],
    "p95_range": [
      13.273319154590153,
      14.560414449785702
    ],
    "std": 0.3231325093529869
  },
  "theta_offset ch061": {
    "best": -0.00854163903933225,
    "index": 4,
    "integer": false,
    "label": "theta_offset ch061",
    "mean": -0.007199381805829955,
    "median": -0.007250245873570805,
    "p68": [
      -0.00931402970703674,
      -0.005338445563427153
    ],
    "p68_range": [
      -0.00931402970703674,
      -0.005338445563427153
    ],
    "p95": [
      -0.010500294859880122,
      -0.0028574294977463718
    ],
    "p95_range": [
      -0.010500294859880122,
      -0.0028574294977463718
    ],
    "std": 0.0020433216209154222
  },
  "tiox rho": {
    "best": 2.2695240773780245,
    "index": 8,
    "integer": false,
    "label": "tiox rho",
    "mean": 2.2712233292570367,
    "median": 2.2713675370611246,
    "p68": [
      2.259477829249509,
      2.2829892822096967
    ],
    "p68_range": [
      2.259477829249509,
      2.2829892822096967
    ],
    "p95": [
      2.2498634899327365,
      2.2965508301180138
    ],
    "p95_range": [
      2.2498634899327365,
      2.2965508301180138
    ],
    "std": 0.01193850871524517
  },