{
  "background0": {
    "best": 0.06489181190839537,
    "index": 4,
    "integer": false,
    "label": "background0",
    "mean": 0.08550330771956192,
    "median": 0.06490263996724382,
    "p68": [
      0.06268415559540469,
      0.06922784959869924
    ],
    "p68_range": [
      0.06268415559540469,
      0.06922784959869924
    ],
    "p95": [
      0.049713085752362385,
      0.2863331968076512
    ],
    "p95_range": [
      0.049713085752362385,
      0.2863331968076512
    ],
    "std": 0.1284248578990588
  },
  "background1": {
    "best": 0.6749266661191651,
    "index": 8,
    "integer": false,
    "label": "background1",
    "mean": 0.6806316215799566,
    "median": 0.6724736892727277,
    "p68": [
      0.6630088106573161,
      0.6822200178993906
    ],
    "p68_range": [
      0.6630088106573161,
      0.6822200178993906
    ],
    "p95": [
      0.5905414958264525,
      0.8207942854864351
    ],
    "p95_range": [
      0.5905414958264525,
      0.8207942854864351
    ],
    "std": 0.10371970347486519
  },
  "frac_deut": {
    "best": 0.8876921623744607,
    "index": 1,
    "integer": false,
    "label": "frac_deut",
    "mean": 0.892012872226247,
    "median": 0.900807084363004,
    "p68": [
      0.847807612629966,
      0.9288856702162668
    ],
    "p68_range": [
      0.847807612629966,
      0.9288856702162668
    ],
    "p95": [
      0.7993057853975685,
      0.953926331669417
    ],
    "p95_range": [
      0.7993057853975685,
      0.953926331669417
    ],
    "std": 0.04105831032864237
  },
  "l_lipid": {
    "best": 11.117725909849367,
    "index": 2,
    "integer": false,
    "label": "l_lipid",
    "mean": 10.307192536770708,
    "median": 10.40062958460805,
    "p68": [
      9.348891587632936,
      11.231792762656985
    ],
    "p68_range": [
      9.348891587632936,
      11.231792762656985
    ],
    "p95": [
      8.36481680489788,
      11.900768946991503
    ],
    "p95_range": [
      8.36481680489788,
      11.900768946991503
    ],
    "std": 0.9258632352940872
  },
  "scale0": {
    "best": 1.8432572298284278,
    "index": 5,
    "integer": false,
    "label": "scale0",
    "mean": 4.444283348574793,
    "median": 2.9909712886987516,
    "p68": [
      1.919530975450738,
      8.294411952445405
    ],
    "p68_range": [
      1.919530975450738,
      8.294411952445405
    ],
    "p95": [
      1.239733237924521,
      13.369007080116772
    ],
    "p95_range": [
      1.239733237924521,
      13.369007080116772
    ],
    "std": 3.412510280474771
  },
  "sigma": {
    "best": 2.133289829690317,
    "index": 3,
    "integer": false,
    "label": "sigma",
    "mean": 2.5362803347528704,
    "median": 2.561476145390993,
    "p68": [
      2.1225863941355803,
      2.9194613036212167
    ],
    "p68_range": [
      2.1225863941355803,
      2.9194613036212167
    ],
    "p95": [
      2.012990080083729,
      2.989556244333729
    ],
    "p95_range": [
      2.012990080083729,
      2.989556244333729
    ],
    "std": 0.3252753814567503
  },
  "sld_solvent0": {
    "best": 6.226039440197633,
    "index": 6,
    "integer": false,
    "label": "sld_solvent0",
    "mean": 6.309278028013388,
    "median": 6.314623667191762,
    "p68": [
      6.234231792479739,
      6.381867352064571
    ],
    "p68_range": [
      6.234231792479739,
      6.381867352064571
    ],
    "p95": [
      6.204753418761352,
      6.398495913933102
    ],
    "p95_range": [
      6.204753418761352,
      6.398495913933102
    ],
    "std": 0.06166535583516536
  },
  "sld_solvent1": {
    "best": 2.3414951250093154,
    "index": 9,
    "integer": false,
    "label": "sld_solvent1",
    "mean": 2.193188186334478,
    "median": 2.2940349246123404,
    "p68": [
      1.5548666951084653,
      2.746933786065649
    ],
    "p68_range": [
      1.5548666951084653,
      2.746933786065649
    ],
    "p95": [
      1.134960357197431,
      2.9221646264750354
    ],
    "p95_range": [
      1.134960357197431,
      2.9221646264750354
    ],
    "std": 0.5261159642583331
  },
  "vf0": {
    "best": 0.09910318120751888,
    "index": 7,
    "integer": false,
    "label": "vf0",
    "mean": 0.06296903354582772,
    "median": 0.07157722198562584,
    "p68": [
      0.023068184836827165,
      0.09363038327175825
    ],
    "p68_range": [
      0.023068184836827165,
      0.09363038327175825
    ],
    "p95": [
      0.012277448445902775,
      0.09900765030595625
    ],
    "p95_range": [
      0.012277448445902775,
      0.09900765030595625
    ],
    "std": 0.029103018642284068
  }
}