{
  "background0": {
    "best": 0.06445770058668178,
    "index": 4,
    "integer": false,
    "label": "background0",
    "mean": 0.06458564712504629,
    "median": 0.06461665369390832,
    "p68": [
      0.06417611533736281,
      0.06497960183878347
    ],
    "p68_range": [
      0.06417611533736281,
      0.06497960183878347
    ],
    "p95": [
      0.06334345778619346,
      0.06572408874947624
    ],
    "p95_range": [
      0.06334345778619346,
      0.06572408874947624
    ],
    "std": 0.0006017011729143358
  },
  "background1": {
    "best": 0.6729856421815491,
    "index": 8,
    "integer": false,
    "label": "background1",
    "mean": 0.6728221632222678,
    "median": 0.6731681997070719,
    "p68": [
      0.67099743197636,
      0.6743358561115449
    ],
    "p68_range": [
      0.67099743197636,
      0.6743358561115449
    ],
    "p95": [
      0.6677589947185598,
      0.6769962486224321
    ],
    "p95_range": [
      0.6677589947185598,
      0.6769962486224321
    ],
    "std": 0.0022207648271080197
  },
  "frac_deut": {
    "best": 0.9108088823980953,
    "index": 1,
    "integer": false,
    "label": "frac_deut",
    "mean": 0.9048184305454572,
    "median": 0.9055283648594871,
    "p68": [
      0.8935424622949422,
      0.9160125563646103
    ],
    "p68_range": [
      0.8935424622949422,
      0.9160125563646103
    ],
    "p95": [
      0.8797954674464309,
      0.9332225805092939
    ],
    "p95_range": [
      0.8797954674464309,
      0.9332225805092939
    ],
    "std": 0.013693565358725538
  },
  "l_lipid": {
    "best": 11.128313560772678,
    "index": 2,
    "integer": false,
    "label": "l_lipid",
    "mean": 10.862740070918687,
    "median": 10.948783458393853,
    "p68": [
      10.55977179181693,
      11.134472912523993
    ],
    "p68_range": [
      10.55977179181693,
      11.134472912523993
    ],
    "p95": [
      9.857900166756012,
      11.349311058974699
    ],
    "p95_range": [
      9.857900166756012,
      11.349311058974699
    ],
    "std": 0.36085634046665577
  },
  "scale0": {
    "best": 1.6910849337541292,
    "index": 5,
    "integer": false,
    "label": "scale0",
    "mean": 2.306309722065643,
    "median": 1.9440615177957834,
    "p68": [
      1.7833697243400748,
      2.5258589719173274
    ],
    "p68_range": [
      1.7833697243400748,
      2.5258589719173274
    ],
    "p95": [
      1.6483627576471203,
      5.29266945205399
    ],
    "p95_range": [
      1.6483627576471203,
      5.29266945205399
    ],
    "std": 1.3060561368843322
  },
  "sigma": {
    "best": 2.0010132068087154,
    "index": 3,
    "integer": false,
    "label": "sigma",
    "mean": 2.5547732631055626,
    "median": 2.5828157337421493,
    "p68": [
      2.1688530849514516,
      2.9221758864986027
    ],
    "p68_range": [
      2.1688530849514516,
      2.9221758864986027
    ],
    "p95": [
      2.027173943315791,
      2.992408150990192
    ],
    "p95_range": [
      2.027173943315791,
      2.992408150990192
    ],
    "std": 0.3083099942604897
  },
  "sld_solvent0": {
    "best": 6.38939747623256,
    "index": 6,
    "integer": false,
    "label": "sld_solvent0",
    "mean": 6.302987430989737,
    "median": 6.303035620918783,
    "p68": [
      6.232843201921176,
      6.375337277330643
    ],
    "p68_range": [
      6.232843201921176,
      6.375337277330643
    ],
    "p95": [
      6.205607874234868,
      6.39718534312283
    ],
    "p95_range": [
      6.205607874234868,
      6.39718534312283
    ],
    "std": 0.05905706152339382
  },
  "sld_solvent1": {
    "best": 2.350008879111585,
    "index": 9,
    "integer": false,
    "label": "sld_solvent1",
    "mean": 2.4199246199125106,
    "median": 2.412969853434675,
    "p68": [
      2.304258920957313,
      2.557970413613581
    ],
    "p68_range": [
      2.304258920957313,
      2.557970413613581
    ],
    "p95": [
      2.0764347211219314,
      2.7910327478070114
    ],
    "p95_range": [
      2.0764347211219314,
      2.7910327478070114
    ],
    "std": 0.17931972329929094
  },
  "vf0": {
    "best": 0.09996810475181173,
    "index": 7,
    "integer": false,
    "label": "vf0",
    "mean": 0.09146436440232106,
    "median": 0.09815613458067626,
    "p68": [
      0.08408948773351647,
      0.09980074341637261
    ],
    "p68_range": [
      0.08408948773351647,
      0.09980074341637261
    ],
    "p95": [
      0.04027535379515248,
      0.09996466753264438
    ],
    "p95_range": [
      0.04027535379515248,
      0.09996466753264438
    ],
    "std": 0.015505816706574535
  }
}