{
  "background_0": {
    "best": 1.0695360641101762e-06,
    "index": 1,
    "integer": false,
    "label": "background_0",
    "mean": 1.0375476275585743e-06,
    "median": 1.0447807543058793e-06,
    "p68": [
      9.878950344287324e-07,
      1.0922375073310318e-06
    ],
    "p68_range": [
      9.878950344287324e-07,
      1.0922375073310318e-06
    ],
    "p95": [
      8.809760751305782e-07,
      1.1377229026974977e-06
    ],
    "p95_range": [
      8.809760751305782e-07,
      1.1377229026974977e-06
    ],
    "std": 6.351894430044868e-08
  },
  "background_1": {
    "best": 3.9874252147223534e-06,
    "index": 17,
    "integer": false,
    "label": "background_1",
    "mean": 3.953474621652989e-06,
    "median": 3.960832649136965e-06,
    "p68": [
      3.856385508260443e-06,
      4.056626288468965e-06
    ],
    "p68_range": [
      3.856385508260443e-06,
      4.056626288468965e-06
    ],
    "p95": [
      3.7487400549256533e-06,
      4.1094930488956115e-06
    ],
    "p95_range": [
      3.7487400549256533e-06,
      4.1094930488956115e-06
    ],
    "std": 9.427680922007953e-08
  },
  "bilayer_roughness": {
    "best": 5.276972956358636,
    "index": 15,
    "integer": false,
    "label": "bilayer_roughness",
    "mean": 5.048780312412768,
    "median": 5.104946967639775,
    "p68": [
      4.485849877317281,
      5.484199800476077
    ],
    "p68_range": [
      4.485849877317281,
      5.484199800476077
    ],
    "p95": [
      3.9954547517748553,
      6.047025370003036
    ],
    "p95_range": [
      3.9954547517748553,
      6.047025370003036
    ],
    "std": 0.5018221775305588
  },
  "inner_acyl_chain_thickness": {
    "best": 11.288602026018637,
    "index": 12,
    "integer": false,
    "label": "inner_acyl_chain_thickness",
    "mean": 11.30411453832965,
    "median": 11.274822679816294,
    "p68": [
      10.711227710144458,
      11.95476152515901
    ],
    "p68_range": [
      10.711227710144458,
      11.95476152515901
    ],
    "p95": [
      9.92672865965628,
      12.508390988357544
    ],
    "p95_range": [
      9.92672865965628,
      12.508390988357544
    ],
    "std": 0.6234775506206645
  },
  "intensity": {
    "best": 0.9994817909800124,
    "index": 2,
    "integer": false,
    "label": "intensity",
    "mean": 1.0000810663151483,
    "median": 1.0000503714719506,
    "p68": [
      0.9990192269707687,
      1.0010384766674287
    ],
    "p68_range": [
      0.9990192269707687,
      1.0010384766674287
    ],
    "p95": [
      0.9977840736605639,
      1.0020005558899119
    ],
    "p95_range": [
      0.9977840736605639,
      1.0020005558899119
    ],
    "std": 0.0010326924080048781
  },
  "outer_acyl_chain_thickness": {
    "best": 13.229686713556953,
    "index": 13,
    "integer": false,
    "label": "outer_acyl_chain_thickness",
    "mean": 13.341153017652301,
    "median": 13.309079775745822,
    "p68": [
      12.629510783247945,
      14.054845892074654
    ],
    "p68_range": [
      12.629510783247945,
      14.054845892074654
    ],
    "p95": [
      11.988288486195085,
      14.877129529621063
    ],
    "p95_range": [
      11.988288486195085,
      14.877129529621063
    ],
    "std": 0.7164972880773423
  },
  "rho_siox": {
    "best": 3.7012517071018,
    "index": 6,
    "integer": false,
    "label": "rho_siox",
    "mean": 3.5710959813870238,
    "median": 3.42684841948585,
    "p68": [
      3.2118817038148273,
      3.9687081219385285
    ],
    "p68_range": [
      3.2118817038148273,
      3.9687081219385285
    ],
    "p95": [
      3.1460428030945486,
      4.707885006077298
    ],
    "p95_range": [
      3.1460428030945486,
      4.707885006077298
    ],
    "std": 0.4133752999223732
  },
  "rho_solv_0": {
    "best": 6.18929538295525,
    "index": 10,
    "integer": false,
    "label": "rho_solv_0",
    "mean": 6.195890338700544,
    "median": 6.195888334430027,
    "p68": [
      6.136444753268965,
      6.261004983076624
    ],
    "p68_range": [
      6.136444753268965,
      6.261004983076624
    ],
    "p95": [
      6.0688429466382265,
      6.301630746376834
    ],
    "p95_range": [
      6.0688429466382265,
      6.301630746376834
    ],
    "std": 0.059949582511992644
  },
  "rho_solv_1": {
    "best": -0.5408642143558353,
    "index": 18,
    "integer": false,
    "label": "rho_solv_1",
    "mean": -0.5304808704280193,
    "median": -0.5307073549860609,
    "p68": [
      -0.5658209068908682,
      -0.4973328138489529
    ],
    "p68_range": [
      -0.5658209068908682,
      -0.4973328138489529
    ],
    "p95": [
      -0.5907737184284743,
      -0.4726403692969431
    ],
    "p95_range": [
      -0.5907737184284743,
      -0.4726403692969431
    ],
    "std": 0.03195382024157683
  },
  "rho_tiox": {
    "best": 2.9861235125941707,
    "index": 8,
    "integer": false,
    "label": "rho_tiox",
    "mean": 2.9906633328695564,
    "median": 2.9907922919282357,
    "p68": [
      2.9711654237399947,
      3.0090051956388906
    ],
    "p68_range": [
      2.9711654237399947,
      3.0090051956388906
    ],
    "p95": [
      2.9527764519107484,
      3.0274102192989756
    ],
    "p95_range": [
      2.9527764519107484,
      3.0274102192989756
    ],
    "std": 0.01912376601091431
  },
  "sample_broadening": {
    "best": 7.82206570992639e-05,
    "index": 3,
    "integer": false,
    "label": "sample_broadening",
    "mean": 0.000123902893160921,
    "median": 0.00014885414012692308,
    "p68": [
      -0.0002222898087253277,
      0.00047324387849589125
    ],
    "p68_range": [
      -0.0002222898087253277,
      0.00047324387849589125
    ],
    "p95": [
      -0.00048445189905257474,
      0.0007084126406916502
    ],
    "p95_range": [
      -0.00048445189905257474,
      0.0007084126406916502
    ],
    "std": 0.0003292762173299809
  },
  "siox_interface": {
    "best": 7.542632896841357,
    "index": 5,
    "integer": false,
    "label": "siox_interface",
    "mean": 6.645784976051181,
    "median": 6.822472604090439,
    "p68": [
      5.420940786104309,
      7.6207598210427765
    ],
    "p68_range": [
      5.420940786104309,
      7.6207598210427765
    ],
    "p95": [
      4.249801968966704,
      8.320684728479112
    ],
    "p95_range": [
      4.249801968966704,
      8.320684728479112
    ],
    "std": 1.0449194140703697
  },
  "siox_thickness": {
    "best": 10.898309002050398,
    "index": 7,
    "integer": false,
    "label": "siox_thickness",
    "mean": 15.276845269308172,
    "median": 15.060867961034651,
    "p68": [
      8.484205996868479,
      22.077057294250167
    ],
    "p68_range": [
      8.484205996868479,
      22.077057294250167
    ],
    "p95": [
      5.833363059001984,
      28.29494270255156
    ],
    "p95_range": [
      5.833363059001984,
      28.29494270255156
    ],
    "std": 6.126175225623622
  },
  "submembrane_thickness": {
    "best": 14.32117132836303,
    "index": 14,
    "integer": false,
    "label": "submembrane_thickness",
    "mean": 14.121699898376932,
    "median": 14.11822242596722,
    "p68": [
      13.612903219866125,
      14.560041504101662
    ],
    "p68_range": [
      13.612903219866125,
      14.560041504101662
    ],
    "p95": [
      13.292242478517124,
      15.136364049330131
    ],
    "p95_range": [
      13.292242478517124,
      15.136364049330131
    ],
    "std": 0.45610303024970555
  },
  "theta_offset": {
    "best": -0.0010706616935291253,
    "index": 4,
    "integer": false,
    "label": "theta_offset",
    "mean": -0.0007876254938182928,
    "median": -0.0007516284137288401,
    "p68": [
      -0.0031901709283190236,
      0.0017915731288656687
    ],
    "p68_range": [
      -0.0031901709283190236,
      0.0017915731288656687
    ],
    "p95": [
      -0.0058217640342083325,
      0.0034493410938832496
    ],
    "p95_range": [
      -0.0058217640342083325,
      0.0034493410938832496
    ],
    "std": 0.002392734642143871
  },