{
  "background_0": {
    "best": 1.066252057903251e-06,
    "index": 1,
    "integer": false,
    "label": "background_0",
    "mean": 1.0431106292073214e-06,
    "median": 1.0480505235135886e-06,
    "p68": [
      9.896960731915943e-07,
      1.090777555774838e-06
    ],
    "p68_range": [
      9.896960731915943e-07,
      1.090777555774838e-06
    ],
    "p95": [
      9.42060057288809e-07,
      1.132192592654389e-06
    ],
    "p95_range": [
      9.42060057288809e-07,
      1.132192592654389e-06
    ],
    "std": 4.907692388611072e-08
  },
  "background_1": {
    "best": 4.089938583130027e-06,
    "index": 17,
    "integer": false,
    "label": "background_1",
    "mean": 4.08378292218716e-06,
    "median": 4.084684340904652e-06,
    "p68": [
      4.0249638930747996e-06,
      4.144001528656441e-06
    ],
    "p68_range": [
      4.0249638930747996e-06,
      4.144001528656441e-06
    ],
    "p95": [
      3.9715873088146385e-06,
      4.204016196515014e-06
    ],
    "p95_range": [
      3.9715873088146385e-06,
      4.204016196515014e-06
    ],
    "std": 6.212812454254445e-08
  },
  "bilayer_roughness": {
    "best": 5.1171072700487805,
    "index": 15,
    "integer": false,
    "label": "bilayer_roughness",
    "mean": 5.133779053128951,
    "median": 5.136502115779992,
    "p68": [
      4.860912990338346,
      5.408128281189422
    ],
    "p68_range": [
      4.860912990338346,
      5.408128281189422
    ],
    "p95": [
      4.710142157130457,
      5.64709107404524
    ],
    "p95_range": [
      4.710142157130457,
      5.64709107404524
    ],
    "std": 0.25324503709329377
  },
  "inner_acyl_chain_thickness": {
    "best": 11.254784096421844,
    "index": 12,
    "integer": false,
    "label": "inner_acyl_chain_thickness",
    "mean": 11.19590624987225,
    "median": 11.189490364220914,
    "p68": [
      10.887384617035352,
      11.499312981806659
    ],
    "p68_range": [
      10.887384617035352,
      11.499312981806659
    ],
    "p95": [
      10.737199788342421,
      11.704080285436152
    ],
    "p95_range": [
      10.737199788342421,
      11.704080285436152
    ],
    "std": 0.26512387074511196
  },
  "intensity": {
    "best": 1.0006544005327973,
    "index": 2,
    "integer": false,
    "label": "intensity",
    "mean": 1.0003963663320068,
    "median": 1.000485622459077,
    "p68": [
      0.9994481571121143,
      1.0011939207008063
    ],
    "p68_range": [
      0.9994481571121143,
      1.0011939207008063
    ],
    "p95": [
      0.99878149811978,
      1.0020602972402266
    ],
    "p95_range": [
      0.99878149811978,
      1.0020602972402266
    ],
    "std": 0.00084232728003439
  },
  "outer_acyl_chain_thickness": {
    "best": 13.30310554128318,
    "index": 13,
    "integer": false,
    "label": "outer_acyl_chain_thickness",
    "mean": 13.417826131667818,
    "median": 13.409170596279699,
    "p68": [
      13.1320275820592,
      13.70008850738098
    ],
    "p68_range": [
      13.1320275820592,
      13.70008850738098
    ],
    "p95": [
      12.738596334547823,
      13.966171397547956
    ],
    "p95_range": [
      12.738596334547823,
      13.966171397547956
    ],
    "std": 0.28966875680780346
  },
  "rho_siox": {
    "best": 3.345778417294679,
    "index": 6,
    "integer": false,
    "label": "rho_siox",
    "mean": 3.7658570349308995,
    "median": 3.6591420479049175,
    "p68": [
      3.256677750502156,
      4.358430384888856
    ],
    "p68_range": [
      3.256677750502156,
      4.358430384888856
    ],
    "p95": [
      3.134828199702693,
      4.786093914406909
    ],
    "p95_range": [
      3.134828199702693,
      4.786093914406909
    ],
    "std": 0.492816681529586
  },
  "rho_solv_0": {
    "best": 6.191911683705673,
    "index": 10,
    "integer": false,
    "label": "rho_solv_0",
    "mean": 6.19652894141021,
    "median": 6.193388098243409,
    "p68": [
      6.167778842212589,
      6.2262911771159235
    ],
    "p68_range": [
      6.167778842212589,
      6.2262911771159235
    ],
    "p95": [
      6.139516059439614,
      6.264731920692552
    ],
    "p95_range": [
      6.139516059439614,
      6.264731920692552
    ],
    "std": 0.03100479606633889
  },
  "rho_solv_1": {
    "best": -0.5405011017349663,
    "index": 18,
    "integer": false,
    "label": "rho_solv_1",
    "mean": -0.5474751992010042,
    "median": -0.5465012071595667,
    "p68": [
      -0.5623656424558443,
      -0.5329779041369728
    ],
    "p68_range": [
      -0.5623656424558443,
      -0.5329779041369728
    ],
    "p95": [
      -0.5792046327263569,
      -0.5194675338027499
    ],
    "p95_range": [
      -0.5792046327263569,
      -0.5194675338027499
    ],
    "std": 0.014919527179313382
  },
  "rho_tiox": {
    "best": -0.9882879298310129,
    "index": 8,
    "integer": false,
    "label": "rho_tiox",
    "mean": -0.9914595755879884,
    "median": -0.9896505789981194,
    "p68": [
      -1.0029186080051349,
      -0.9807838189781599
    ],
    "p68_range": [
      -1.0029186080051349,
      -0.9807838189781599
    ],
    "p95": [
      -1.0112349906385425,
      -0.9726826207217962
    ],
    "p95_range": [
      -1.0112349906385425,
      -0.9726826207217962
    ],
    "std": 0.010766351773698312
  },
  "sample_broadening": {
    "best": 0.0001311096165612719,
    "index": 3,
    "integer": false,
    "label": "sample_broadening",
    "mean": 0.00014575862386525428,
    "median": 0.00017878031696097547,
    "p68": [
      -0.00034211533507004684,
      0.0006502407860846373
    ],
    "p68_range": [
      -0.00034211533507004684,
      0.0006502407860846373
    ],
    "p95": [
      -0.0008361684936937169,
      0.0009599856669876654
    ],
    "p95_range": [
      -0.0008361684936937169,
      0.0009599856669876654
    ],
    "std": 0.00047586293526251703
  },
  "siox_interface": {
    "best": 6.75567613908832,
    "index": 5,
    "integer": false,
    "label": "siox_interface",
    "mean": 7.0680420297904964,
    "median": 7.0560097375611175,
    "p68": [
      6.713299463983624,
      7.454243133644005
    ],
    "p68_range": [
      6.713299463983624,
      7.454243133644005
    ],
    "p95": [
      6.505494341944772,
      7.646567612884997
    ],
    "p95_range": [
      6.505494341944772,
      7.646567612884997
    ],
    "std": 0.332193537817138
  },
  "siox_thickness": {
    "best": 15.08678489958283,
    "index": 7,
    "integer": false,
    "label": "siox_thickness",
    "mean": 13.296485112373256,
    "median": 13.304849025372798,
    "p68": [
      10.582244603946814,
      15.925676823049546
    ],
    "p68_range": [
      10.582244603946814,
      15.925676823049546
    ],
    "p95": [
      9.245449433165435,
      17.341575545664977
    ],
    "p95_range": [
      9.245449433165435,
      17.341575545664977
    ],
    "std": 2.3533017840971335
  },
  "submembrane_thickness": {
    "best": 14.185471615232073,
    "index": 14,
    "integer": false,
    "label": "submembrane_thickness",
    "mean": 14.156156306937257,
    "median": 14.15828059360183,
    "p68": [
      13.970338465398108,
      14.357221999405608
    ],
    "p68_range": [
      13.970338465398108,
      14.357221999405608
    ],
    "p95": [
      13.767946547658914,
      14.546742087448969
    ],
    "p95_range": [
      13.767946547658914,
      14.546742087448969
    ],
    "std": 0.19071759150356316
  },
  "theta_offset": {
    "best": -0.0009076545174087374,
    "index": 4,
    "integer": false,
    "label": "theta_offset",
    "mean": -0.0007727988045965267,
    "median": -0.000896680860385638,
    "p68": [
      -0.0019380120732204217,
      0.00045504540171511045
    ],
    "p68_range": [
      -0.0019380120732204217,
      0.00045504540171511045
    ],
    "p95": [
      -0.0029928261908283376,
      0.0018904927186025296
    ],
    "p95_range": [
      -0.0029928261908283376,
      0.0018904927186025296
    ],
    "std": 0.001232581601715808
  },