{
  "bME to tether ratio": {
    "best": 2.226076849972165,
    "index": 16,
    "integer": false,
    "label": "bME to tether ratio",
    "mean": 1.9765410486660486,
    "median": 1.9117049188971238,
    "p68": [
      0.7392847382261925,
      3.298850647541104
    ],
    "p68_range": [
      0.7392847382261925,
      3.298850647541104
    ],
    "p95": [
      0.22559192894610544,
      3.873152838519051
    ],
    "p95_range": [
      0.22559192894610544,
      3.873152838519051
    ],
    "std": 1.0764195829146201
  },
  "background os046_4column": {
    "best": 2.2096720219569342e-07,
    "index": 1,
    "integer": false,
    "label": "background os046_4column",
    "mean": 1.843395415426724e-07,
    "median": 1.829141756278442e-07,
    "p68": [
      7.309260750846518e-08,
      3.1175945659652493e-07
    ],
    "p68_range": [
      7.309260750846518e-08,
      3.1175945659652493e-07
    ],
    "p95": [
      -4.090148292830803e-08,
      4.1487740909200693e-07
    ],
    "p95_range": [
      -4.090148292830803e-08,
      4.1487740909200693e-07
    ],
    "std": 1.1666536109723926e-07
  },
  "background os047_4column": {
    "best": 3.7423448112881667e-06,
    "index": 20,
    "integer": false,
    "label": "background os047_4column",
    "mean": 3.6321166718090964e-06,
    "median": 3.631266131020726e-06,
    "p68": [
      3.3662987318615405e-06,
      3.891438241008541e-06
    ],
    "p68_range": [
      3.3662987318615405e-06,
      3.891438241008541e-06
    ],
    "p95": [
      3.1540455107591646e-06,
      4.1316595046867475e-06
    ],
    "p95_range": [
      3.1540455107591646e-06,
      4.1316595046867475e-06
    ],
    "std": 2.628372773684213e-07
  },
  "bilayer roughness": {
    "best": 3.8433669711399623,
    "index": 18,
    "integer": false,
    "label": "bilayer roughness",
    "mean": 3.612907834550126,
    "median": 3.7185277903333036,
    "p68": [
      2.817833936459695,
      4.32097307891077
    ],
    "p68_range": [
      2.817833936459695,
      4.32097307891077
    ],
    "p95": [
      2.149235151584838,
      4.791617291816903
    ],
    "p95_range": [
      2.149235151584838,
      4.791617291816903
    ],
    "std": 0.7022204756214312
  },
  "chromium layer thickness": {
    "best": 33.65031517827272,
    "index": 10,
    "integer": false,
    "label": "chromium layer thickness",
    "mean": 33.19201175983207,
    "median": 33.45226323800651,
    "p68": [
      29.845447786351112,
      36.338179973832865
    ],
    "p68_range": [
      29.845447786351112,
      36.338179973832865
    ],
    "p95": [
      25.9885784958397,
      39.295906973241664
    ],
    "p95_range": [
      25.9885784958397,
      39.295906973241664
    ],
    "std": 3.3703560786006705
  },
  "chromium rho": {
    "best": 3.221412752965224,
    "index": 9,
    "integer": false,
    "label": "chromium rho",
    "mean": 3.2335931704016656,
    "median": 3.253121974781014,
    "p68": [
      3.1250897269648346,
      3.3392305639037394
    ],
    "p68_range": [
      3.1250897269648346,
      3.3392305639037394
    ],
    "p95": [
      2.9557245403794297,
      3.4239948074582367
    ],
    "p95_range": [
      2.9557245403794297,
      3.4239948074582367
    ],
    "std": 0.11603126513881667
  },
  "d2o rho": {
    "best": 6.101632051725729,
    "index": 12,
    "integer": false,
    "label": "d2o rho",
    "mean": 6.131188439207184,
    "median": 6.139613540271824,
    "p68": [
      6.053492081173287,
      6.204517708987014
    ],
    "p68_range": [
      6.053492081173287,
      6.204517708987014
    ],
    "p95": [
      5.949270869624308,
      6.270550079765221
    ],
    "p95_range": [
      5.949270869624308,
      6.270550079765221
    ],
    "std": 0.07831342769461776
  },
  "gold chromium roughness": {
    "best": 16.050548430016924,
    "index": 8,
    "integer": false,
    "label": "gold chromium roughness",
    "mean": 16.037648106939777,
    "median": 16.01894642954482,
    "p68": [
      14.082716628928743,
      18.141826994642404
    ],
    "p68_range": [
      14.082716628928743,
      18.141826994642404
    ],
    "p95": [
      12.189466872065195,
      20.477632909411618
    ],
    "p95_range": [
      12.189466872065195,
      20.477632909411618
    ],
    "std": 2.033994265192158
  },
  "gold layer thickness": {
    "best": 178.59921313428424,
    "index": 22,
    "integer": false,
    "label": "gold layer thickness",
    "mean": 178.4016469609848,
    "median": 178.12673365002777,
    "p68": [
      176.19228847522422,
      180.6324012477515
    ],
    "p68_range": [
      176.19228847522422,
      180.6324012477515
    ],
    "p95": [
      174.6968135770248,
      183.6097658668993
    ],
    "p95_range": [
      174.6968135770248,
      183.6097658668993
    ],
    "std": 2.3628471138289626
  },
  "gold rho": {
    "best": 4.47416532245001,
    "index": 11,
    "integer": false,
    "label": "gold rho",
    "mean": 4.496842621104147,
    "median": 4.500291317562084,
    "p68": [
      4.4464033638627285,
      4.5485922546739985
    ],
    "p68_range": [
      4.4464033638627285,
      4.5485922546739985
    ],
    "p95": [
      4.377803860841822,
      4.589875966091192
    ],
    "p95_range": [
      4.377803860841822,
      4.589875966091192
    ],
    "std": 0.052136362622764075
  },
  "h2o rho": {
    "best": -0.40428919422778653,
    "index": 21,
    "integer": false,
    "label": "h2o rho",
    "mean": -0.38866503567343524,
    "median": -0.39192316310748615,
    "p68": [
      -0.45003395763556314,
      -0.3232135862259052
    ],
    "p68_range": [
      -0.45003395763556314,
      -0.3232135862259052
    ],
    "p95": [
      -0.4976370634788682,
      -0.25389989062183266
    ],
    "p95_range": [
      -0.4976370634788682,
      -0.25389989062183266
    ],
    "std": 0.06117273858378167
  },
  "inner acyl chain thickness": {
    "best": 10.132301466484208,
    "index": 13,
    "integer": false,
    "label": "inner acyl chain thickness",
    "mean": 9.631448013166915,
    "median": 9.619944062873701,
    "p68": [
      8.66231284362742,
      10.531429979732714
    ],
    "p68_range": [
      8.66231284362742,
      10.531429979732714
    ],
    "p95": [
      8.044345566256844,
      11.639765957709914
    ],
    "p95_range": [
      8.044345566256844,
      11.639765957709914
    ],
    "std": 0.9153653339753979
  },
  "intensity os046_4column": {
    "best": 0.9879338930656018,
    "index": 2,
    "integer": false,
    "label": "intensity os046_4column",
    "mean": 0.9909100193985625,
    "median": 0.991028078387079,
    "p68": [
      0.9853499814362077,
      0.9962665528104261
    ],
    "p68_range": [
      0.9853499814362077,
      0.9962665528104261
    ],
    "p95": [
      0.9797930477958985,
      1.001355102571756
    ],
    "p95_range": [
      0.9797930477958985,
      1.001355102571756
    ],
    "std": 0.005402365056670557
  },
  "number fraction tether": {
    "best": 0.8894828245705332,
    "index": 17,
    "integer": false,
    "label": "number fraction tether",
    "mean": 0.8385505355287539,
    "median": 0.885578007265214,
    "p68": [
      0.6886131747436416,
      0.9722664628205226
    ],
    "p68_range": [
      0.6886131747436416,
      0.9722664628205226
    ],
    "p95": [
      0.4237164785154749,
      0.9970368469381568
    ],
    "p95_range": [
      0.4237164785154749,
      0.9970368469381568
    ],
    "std": 0.1540700514880017
  },
  "outer acyl chain thickness": {
    "best": 12.860179507813815,
    "index": 14,
    "integer": false,
    "label": "outer acyl chain thickness",
    "mean": 13.547333927819025,
    "median": 13.56470231969048,
    "p68": [
      12.630216686112577,
      14.58553383619048
    ],
    "p68_range": [
      12.630216686112577,
      14.58553383619048
    ],
    "p95": [
      11.296644224609045,
      15.111040172747337
    ],
    "p95_range": [
      11.296644224609045,
      15.111040172747337
    ],