{
  "radius_equatorial": {
    "best": 13.07700185537124,
    "index": 1,
    "integer": false,
    "label": "radius_equatorial",
    "mean": 13.126428501205305,
    "median": 13.12079630016148,
    "p68": [
      12.884601413146555,
      13.374612284311578
    ],
    "p68_range": [
      12.884601413146555,
      13.374612284311578
    ],
    "p95": [
      12.623671767869478,
      13.649068267547003
    ],
    "p95_range": [
      12.623671767869478,
      13.649068267547003
    ],
    "std": 0.25583530420252937
  },
  "radius_polar": {
    "best": 25.38637838236522,
    "index": 2,
    "integer": false,
    "label": "radius_polar",
    "mean": 25.25617657074507,
    "median": 25.266567791998526,
    "p68": [
      24.493753358290803,
      26.015690081438127
    ],
    "p68_range": [
      24.493753358290803,
      26.015690081438127
    ],
    "p95": [
      23.704952314339504,
      26.840536062030758
    ],
    "p95_range": [
      23.704952314339504,
      26.840536062030758
    ],
    "std": 0.7918435095935672
  },
  "volfraction": {
    "best": 0.0021396287986379997,
    "index": 3,
    "integer": false,
    "label": "volfraction",
    "mean": 0.002135407901078423,
    "median": 0.002133361896056948,
    "p68": [
      0.0020934398870042724,
      0.0021763927193507423
    ],
    "p68_range": [
      0.0020934398870042724,
      0.0021763927193507423
    ],
    "p95": [
      0.002056898998447789,
      0.0022202739487419826
    ],
    "p95_range": [
      0.002056898998447789,
      0.0022202739487419826
    ],
    "std": 4.2416236171606463e-05
  }
}