{
  "radius_equatorial": {
    "best": 13.116053571491634,
    "index": 1,
    "integer": false,
    "label": "radius_equatorial",
    "mean": 13.098790703531426,
    "median": 13.089388290406978,
    "p68": [
      12.860904398003303,
      13.358747892382063
    ],
    "p68_range": [
      12.860904398003303,
      13.358747892382063
    ],
    "p95": [
      12.631577265115613,
      13.573352012301859
    ],
    "p95_range": [
      12.631577265115613,
      13.573352012301859
    ],
    "std": 0.24147552560660404
  },
  "radius_polar": {
    "best": 25.24111169219215,
    "index": 2,
    "integer": false,
    "label": "radius_polar",
    "mean": 25.302726372485193,
    "median": 25.31316939662916,
    "p68": [
      24.53173706494389,
      26.066312831468498
    ],
    "p68_range": [
      24.53173706494389,
      26.066312831468498
    ],
    "p95": [
      23.802475846248782,
      26.792722637015903
    ],
    "p95_range": [
      23.802475846248782,
      26.792722637015903
    ],
    "std": 0.7587031185808619
  },
  "volfraction": {
    "best": 0.002137370619681776,
    "index": 3,
    "integer": false,
    "label": "volfraction",
    "mean": 0.0021401666446051078,
    "median": 0.0021407892684797768,
    "p68": [
      0.002100628628556765,
      0.00218009628028326
    ],
    "p68_range": [
      0.002100628628556765,
      0.00218009628028326
    ],
    "p95": [
      0.002061463746139229,
      0.00222185176541389
    ],
    "p95_range": [
      0.002061463746139229,
      0.00222185176541389
    ],
    "std": 3.9594126038102976e-05
  }
}