{
  "radius_equatorial": {
    "best": 13.099180487527967,
    "index": 1,
    "integer": false,
    "label": "radius_equatorial",
    "mean": 13.104746406822752,
    "median": 13.10844755908608,
    "p68": [
      12.865219001272958,
      13.351889203550652
    ],
    "p68_range": [
      12.865219001272958,
      13.351889203550652
    ],
    "p95": [
      12.668951585461,
      13.608330578734343
    ],
    "p95_range": [
      12.668951585461,
      13.608330578734343
    ],
    "std": 0.24101296478508102
  },
  "radius_polar": {
    "best": 25.385478610279197,
    "index": 2,
    "integer": false,
    "label": "radius_polar",
    "mean": 25.25593141092289,
    "median": 25.269754116284613,
    "p68": [
      24.57718180235217,
      25.888944407272152
    ],
    "p68_range": [
      24.57718180235217,
      25.888944407272152
    ],
    "p95": [
      23.915453101072835,
      26.64502045785114
    ],
    "p95_range": [
      23.915453101072835,
      26.64502045785114
    ],
    "std": 0.6654572701791311
  },
  "volfraction": {
    "best": 0.0021327647291908836,
    "index": 3,
    "integer": false,
    "label": "volfraction",
    "mean": 0.0021401962264841297,
    "median": 0.0021338752808421134,
    "p68": [
      0.0021007081712477826,
      0.002183991767662807
    ],
    "p68_range": [
      0.0021007081712477826,
      0.002183991767662807
    ],
    "p95": [
      0.0020574668296367065,
      0.0022334195204059717
    ],
    "p95_range": [
      0.0020574668296367065,
      0.0022334195204059717
    ],
    "std": 4.304710106106289e-05
  }
}