{
  "radius_equatorial": {
    "best": 13.063974134344505,
    "index": 1,
    "integer": false,
    "label": "radius_equatorial",
    "mean": 13.137873565964586,
    "median": 13.127252701581245,
    "p68": [
      12.846729135756927,
      13.409393127313852
    ],
    "p68_range": [
      12.846729135756927,
      13.409393127313852
    ],
    "p95": [
      12.647045935302899,
      13.746154179255047
    ],
    "p95_range": [
      12.647045935302899,
      13.746154179255047
    ],
    "std": 0.27040333570482117
  },
  "radius_polar": {
    "best": 25.373424347735007,
    "index": 2,
    "integer": false,
    "label": "radius_polar",
    "mean": 25.22586376295746,
    "median": 25.276853348819365,
    "p68": [
      24.387396808385276,
      26.074397334579544
    ],
    "p68_range": [
      24.387396808385276,
      26.074397334579544
    ],
    "p95": [
      23.58238862432025,
      26.636748883350553
    ],
    "p95_range": [
      23.58238862432025,
      26.636748883350553
    ],
    "std": 0.8068340550129282
  },
  "volfraction": {
    "best": 0.0021443098242858757,
    "index": 3,
    "integer": false,
    "label": "volfraction",
    "mean": 0.0021347788576002286,
    "median": 0.0021330383448438404,
    "p68": [
      0.0020951502515838363,
      0.0021782609885497824
    ],
    "p68_range": [
      0.0020951502515838363,
      0.0021782609885497824
    ],
    "p95": [
      0.002048098330781715,
      0.0022199037378705763
    ],
    "p95_range": [
      0.002048098330781715,
      0.0022199037378705763
    ],
    "std": 4.259536651410134e-05
  }
}