{
  "background_0": {
    "best": 2.143451854276216e-06,
    "index": 1,
    "integer": false,
    "label": "background_0",
    "mean": 3.071782487350132e-06,
    "median": 2.8580680147448367e-06,
    "p68": [
      9.115373009430294e-07,
      5.2519324217331666e-06
    ],
    "p68_range": [
      9.115373009430294e-07,
      5.2519324217331666e-06
    ],
    "p95": [
      6.78555982778142e-08,
      8.509536774707859e-06
    ],
    "p95_range": [
      6.78555982778142e-08,
      8.509536774707859e-06
    ],
    "std": 2.1110611443639295e-06
  },
  "background_1": {
    "best": 7.104519529585954e-07,
    "index": 17,
    "integer": false,
    "label": "background_1",
    "mean": 4.592423089739094e-06,
    "median": 4.234815886314199e-06,
    "p68": [
      1.5446790246752034e-06,
      7.974099325991187e-06
    ],
    "p68_range": [
      1.5446790246752034e-06,
      7.974099325991187e-06
    ],
    "p95": [
      1.3046472600224867e-07,
      9.610027566427956e-06
    ],
    "p95_range": [
      1.3046472600224867e-07,
      9.610027566427956e-06
    ],
    "std": 2.738984644104355e-06
  },
  "bilayer_roughness": {
    "best": 7.868009516867511,
    "index": 14,
    "integer": false,
    "label": "bilayer_roughness",
    "mean": 5.302321152332884,
    "median": 5.213798126202727,
    "p68": [
      3.2228088814861326,
      7.7908463049338055
    ],
    "p68_range": [
      3.2228088814861326,
      7.7908463049338055
    ],
    "p95": [
      2.1718349978285754,
      8.81149187835333
    ],
    "p95_range": [
      2.1718349978285754,
      8.81149187835333
    ],
    "std": 1.9941770613475132
  },
  "inner_acyl_chain_thickness": {
    "best": 12.727236569025496,
    "index": 11,
    "integer": false,
    "label": "inner_acyl_chain_thickness",
    "mean": 12.073239944783175,
    "median": 12.089126548495166,
    "p68": [
      9.386804202825543,
      14.672199159916469
    ],
    "p68_range": [
      9.386804202825543,
      14.672199159916469
    ],
    "p95": [
      8.266798423659738,
      15.790865891818086
    ],
    "p95_range": [
      8.266798423659738,
      15.790865891818086
    ],
    "std": 2.326146101433826
  },
  "intensity": {
    "best": 0.9712807260915114,
    "index": 2,
    "integer": false,
    "label": "intensity",
    "mean": 0.9639045989700757,
    "median": 0.9613912020835762,
    "p68": [
      0.9153338795696667,
      1.0114372558256715
    ],
    "p68_range": [
      0.9153338795696667,
      1.0114372558256715
    ],
    "p95": [
      0.9022464650644267,
      1.0406272118807396
    ],
    "p95_range": [
      0.9022464650644267,
      1.0406272118807396
    ],
    "std": 0.041547637785508094
  },
  "outer_acyl_chain_thickness": {
    "best": 9.048611450877095,
    "index": 12,
    "integer": false,
    "label": "outer_acyl_chain_thickness",
    "mean": 11.878253704612153,
    "median": 12.022624124738963,
    "p68": [
      9.212040244277967,
      14.148591510749624
    ],
    "p68_range": [
      9.212040244277967,
      14.148591510749624
    ],
    "p95": [
      8.289503500194817,
      15.796333738407029
    ],
    "p95_range": [
      8.289503500194817,
      15.796333738407029
    ],
    "std": 2.201997256627979
  },
  "rho_siox": {
    "best": 5.0473627851864595,
    "index": 6,
    "integer": false,
    "label": "rho_siox",
    "mean": 3.7423703546910883,
    "median": 3.5842570470425112,
    "p68": [
      3.2586301057435105,
      4.412160083068545
    ],
    "p68_range": [
      3.2586301057435105,
      4.412160083068545
    ],
    "p95": [
      3.121658295342998,
      4.957957724173712
    ],
    "p95_range": [
      3.121658295342998,
      4.957957724173712
    ],
    "std": 0.5237307216199758
  },
  "rho_solv_0": {
    "best": 5.869354675206258,
    "index": 16,
    "integer": false,
    "label": "rho_solv_0",
    "mean": 5.862939872892859,
    "median": 5.8625549665528975,
    "p68": [
      5.5742946721490325,
      6.155237387704198
    ],
    "p68_range": [
      5.5742946721490325,
      6.155237387704198
    ],
    "p95": [
      5.3460902746607655,
      6.356337152942423
    ],
    "p95_range": [
      5.3460902746607655,
      6.356337152942423
    ],
    "std": 0.2690176745476837
  },
  "rho_solv_1": {
    "best": -0.37920535364230445,
    "index": 18,
    "integer": false,
    "label": "rho_solv_1",
    "mean": -0.10034532424897805,
    "median": -0.13520724214080695,
    "p68": [
      -0.42107109445085916,
      0.2588946881452096
    ],
    "p68_range": [
      -0.42107109445085916,
      0.2588946881452096
    ],
    "p95": [
      -0.5772517354975826,
      0.43693062710371183
    ],
    "p95_range": [
      -0.5772517354975826,
      0.43693062710371183
    ],
    "std": 0.2986916016503134
  },
  "rho_tiox": {
    "best": 2.1872004454639735,
    "index": 8,
    "integer": false,
    "label": "rho_tiox",
    "mean": 2.014456693140859,
    "median": 2.037991366458727,
    "p68": [
      1.7103045922577704,
      2.2651295624832573
    ],
    "p68_range": [
      1.7103045922577704,
      2.2651295624832573
    ],
    "p95": [
      1.493166758540037,
      2.522525049935001
    ],
    "p95_range": [
      1.493166758540037,
      2.522525049935001
    ],
    "std": 0.2578156503803427
  },
  "sample_broadening": {
    "best": 0.0017765227745828206,
    "index": 3,
    "integer": false,
    "label": "sample_broadening",
    "mean": 0.007861723629619705,
    "median": 0.008283839678485148,
    "p68": [
      -0.0008396554339750749,
      0.016972585029051208
    ],
    "p68_range": [
      -0.0008396554339750749,
      0.016972585029051208
    ],
    "p95": [
      -0.004739453569641737,
      0.019508620352094226
    ],
    "p95_range": [
      -0.004739453569641737,
      0.019508620352094226
    ],
    "std": 0.0075247419773924636
  },
  "siox_interface": {
    "best": 6.100854987076023,
    "index": 5,
    "integer": false,
    "label": "siox_interface",
    "mean": 6.053955470435499,
    "median": 6.187041325814767,
    "p68": [
      3.8240182835726273,
      8.31075043550994
    ],
    "p68_range": [
      3.8240182835726273,
      8.31075043550994
    ],
    "p95": [
      2.565238499447064,
      8.810908974943224
    ],
    "p95_range": [
      2.565238499447064,
      8.810908974943224
    ],
    "std": 1.9505014713815338
  },
  "siox_thickness": {
    "best": 7.049594854787317,
    "index": 7,
    "integer": false,
    "label": "siox_thickness",
    "mean": 15.3236138353297,
    "median": 12.202498529110894,
    "p68": [
      6.875679468198623,
      26.0098507110756
    ],
    "p68_range": [
      6.875679468198623,
      26.0098507110756
    ],
    "p95": [
      5.355277272752964,
      36.51676175904811
    ],
    "p95_range": [
      5.355277272752964,
      36.51676175904811
    ],
    "std": 8.919238860172399
  },
  "submembrane_thickness": {
    "best": 14.65646361077953,
    "index": 13,
    "integer": false,
    "label": "submembrane_thickness",
    "mean": 21.957046166213566,
    "median": 20.784090407785687,
    "p68": [
      13.766420599356632,
      30.71217552115758
    ],
    "p68_range": [
      13.766420599356632,
      30.71217552115758
    ],
    "p95": [
      7.6417327728356215,
      41.75114288164211
    ],
    "p95_range": [
      7.6417327728356215,
      41.75114288164211
    ],
    "std": 8.627163052568505
  },
  "theta_offset": {
    "best": 0.002433584573114324,
    "index": 4,
    "integer": false,
    "label": "theta_offset",
    "mean": -0.003975237853550457,
    "median": -0.004119623692015373,
    "p68": [
      -0.010210856582339077,
      0.002267588829742724
    ],
    "p68_range": [
      -0.010210856582339077,
      0.002267588829742724
    ],
    "p95": [
      -0.013882942812676713,
      0.00461062355391013
    ],
    "p95_range": [
      -0.013882942812676713,
      0.00461062355391013
    ],
    "std": 0.005630216257316347
  },
  "tiox_roughness": {
    "best": 7.616549799118419,
    "index": 10,
    "integer": false,