{
  "background_0": {
    "best": 1.6219764789731586e-06,
    "index": 1,
    "integer": false,
    "label": "background_0",
    "mean": 2.7641716702417835e-06,
    "median": 2.4797368710675163e-06,
    "p68": [
      8.518330907873399e-07,
      5.028759380412807e-06
    ],
    "p68_range": [
      8.518330907873399e-07,
      5.028759380412807e-06
    ],
    "p95": [
      3.5220635808998256e-09,
      6.7030970985297536e-06
    ],
    "p95_range": [
      3.5220635808998256e-09,
      6.7030970985297536e-06
    ],
    "std": 1.9258136892123358e-06
  },
  "background_1": {
    "best": 5.147395177857561e-06,
    "index": 17,
    "integer": false,
    "label": "background_1",
    "mean": 4.664070719861142e-06,
    "median": 4.326600999294789e-06,
    "p68": [
      1.6040005738003863e-06,
      7.907150425379066e-06
    ],
    "p68_range": [
      1.6040005738003863e-06,
      7.907150425379066e-06
    ],
    "p95": [
      2.657615423758289e-07,
      9.798899369354564e-06
    ],
    "p95_range": [
      2.657615423758289e-07,
      9.798899369354564e-06
    ],
    "std": 2.748560349455257e-06
  },
  "bilayer_roughness": {
    "best": 3.717971408052006,
    "index": 15,
    "integer": false,
    "label": "bilayer_roughness",
    "mean": 5.2031555350494525,
    "median": 5.193870718564271,
    "p68": [
      3.0382896205969168,
      7.208295309872169
    ],
    "p68_range": [
      3.0382896205969168,
      7.208295309872169
    ],
    "p95": [
      2.1227829450726534,
      8.580170812673163
    ],
    "p95_range": [
      2.1227829450726534,
      8.580170812673163
    ],
    "std": 1.847348127382989
  },
  "inner_acyl_chain_thickness": {
    "best": 13.763682427523227,
    "index": 12,
    "integer": false,
    "label": "inner_acyl_chain_thickness",
    "mean": 12.09704285014532,
    "median": 12.24310396887565,
    "p68": [
      9.337033608861358,
      14.594505952092401
    ],
    "p68_range": [
      9.337033608861358,
      14.594505952092401
    ],
    "p95": [
      8.19353565919042,
      15.936366227570774
    ],
    "p95_range": [
      8.19353565919042,
      15.936366227570774
    ],
    "std": 2.2455252669481554
  },
  "intensity": {
    "best": 0.9484988836995836,
    "index": 2,
    "integer": false,
    "label": "intensity",
    "mean": 0.9732067947926465,
    "median": 0.971062867156514,
    "p68": [
      0.9240255882205077,
      1.0237318607038166
    ],
    "p68_range": [
      0.9240255882205077,
      1.0237318607038166
    ],
    "p95": [
      0.9043704152948352,
      1.046888859988742
    ],
    "p95_range": [
      0.9043704152948352,
      1.046888859988742
    ],
    "std": 0.04319710481759318
  },
  "outer_acyl_chain_thickness": {
    "best": 10.537264391401502,
    "index": 13,
    "integer": false,
    "label": "outer_acyl_chain_thickness",
    "mean": 12.203069961103076,
    "median": 12.377754587171541,
    "p68": [
      9.556149219421126,
      14.69699427156162
    ],
    "p68_range": [
      9.556149219421126,
      14.69699427156162
    ],
    "p95": [
      8.106987822214737,
      15.586557561718465
    ],
    "p95_range": [
      8.106987822214737,
      15.586557561718465
    ],
    "std": 2.2132793380570055
  },
  "rho_siox": {
    "best": 3.8843733148562594,
    "index": 6,
    "integer": false,
    "label": "rho_siox",
    "mean": 3.853141811885105,
    "median": 3.812249170862636,
    "p68": [
      3.2593596770982765,
      4.393878189389495
    ],
    "p68_range": [
      3.2593596770982765,
      4.393878189389495
    ],
    "p95": [
      3.12035580278216,
      4.997111135175747
    ],
    "p95_range": [
      3.12035580278216,
      4.997111135175747
    ],
    "std": 0.526538136859665
  },
  "rho_solv_0": {
    "best": 6.265080149695934,
    "index": 10,
    "integer": false,
    "label": "rho_solv_0",
    "mean": 5.943421774226785,
    "median": 5.964766086007493,
    "p68": [
      5.644894460433484,
      6.231007381401883
    ],
    "p68_range": [
      5.644894460433484,
      6.231007381401883
    ],
    "p95": [
      5.4314038220728,
      6.380918506670616
    ],
    "p95_range": [
      5.4314038220728,
      6.380918506670616
    ],
    "std": 0.26590004929157207
  },
  "rho_solv_1": {
    "best": -0.060230549301321504,
    "index": 18,
    "integer": false,
    "label": "rho_solv_1",
    "mean": -0.02421179453388402,
    "median": -0.0432372505602001,
    "p68": [
      -0.4315244245552574,
      0.3759721302528968
    ],
    "p68_range": [
      -0.4315244245552574,
      0.3759721302528968
    ],
    "p95": [
      -0.5809030667133882,
      0.5810614140036661
    ],
    "p95_range": [
      -0.5809030667133882,
      0.5810614140036661
    ],
    "std": 0.34329230974657
  },
  "rho_tiox": {
    "best": 2.3671358153152386,
    "index": 8,
    "integer": false,
    "label": "rho_tiox",
    "mean": 2.042754479041322,
    "median": 2.081544572580112,
    "p68": [
      1.6906213985911656,
      2.3573984632500156
    ],
    "p68_range": [
      1.6906213985911656,
      2.3573984632500156
    ],
    "p95": [
      1.3302130023242285,
      2.6297496421506246
    ],
    "p95_range": [
      1.3302130023242285,
      2.6297496421506246
    ],
    "std": 0.33502999787301957
  },
  "sample_broadening": {
    "best": 0.00825866318695114,
    "index": 3,
    "integer": false,
    "label": "sample_broadening",
    "mean": 0.009167234286684953,
    "median": 0.009973155361967303,
    "p68": [
      0.001268380442666297,
      0.016973139139617205
    ],
    "p68_range": [
      0.001268380442666297,
      0.016973139139617205
    ],
    "p95": [
      -0.004414897422424463,
      0.019386850509250386
    ],
    "p95_range": [
      -0.004414897422424463,
      0.019386850509250386
    ],
    "std": 0.006982351468673798
  },
  "siox_interface": {
    "best": 3.7695609989485135,
    "index": 5,
    "integer": false,
    "label": "siox_interface",
    "mean": 5.83472610651847,
    "median": 5.882098618434934,
    "p68": [
      3.638358453130848,
      8.13093135836994
    ],
    "p68_range": [
      3.638358453130848,
      8.13093135836994
    ],
    "p95": [
      2.313253421376596,
      8.928741844994665
    ],
    "p95_range": [
      2.313253421376596,
      8.928741844994665
    ],
    "std": 1.9281439392717012
  },
  "siox_thickness": {
    "best": 12.861551817125669,
    "index": 7,
    "integer": false,
    "label": "siox_thickness",
    "mean": 18.322255703807564,
    "median": 15.991855304432098,
    "p68": [
      8.345935392597102,
      31.574880946128456
    ],
    "p68_range": [
      8.345935392597102,
      31.574880946128456
    ],
    "p95": [
      5.612359618138886,
      38.272135874841744
    ],
    "p95_range": [
      5.612359618138886,
      38.272135874841744
    ],
    "std": 9.984807892277539
  },
  "submembrane_thickness": {
    "best": 19.34788298724549,
    "index": 14,
    "integer": false,
    "label": "submembrane_thickness",
    "mean": 21.490481053860826,
    "median": 19.72019611279031,
    "p68": [
      12.241128317786073,
      31.861790407139843
    ],
    "p68_range": [
      12.241128317786073,
      31.861790407139843
    ],
    "p95": [
      6.655110048097649,
      40.11247037239043
    ],
    "p95_range": [
      6.655110048097649,
      40.11247037239043
    ],
    "std": 9.113652778015531
  },
  "theta_offset": {
    "best": 0.003835913897406944,
    "index": 4,
    "integer": false,
    "label": "theta_offset",
    "mean": -0.0044076881400464734,
    "median": -0.0049743385259333655,
    "p68": [
      -0.010336379358004218,
      0.0020566977215133154
    ],
    "p68_range": [
      -0.010336379358004218,
      0.0020566977215133154
    ],
    "p95": [
      -0.013878652889884388,
      0.004382195833110572
    ],
    "p95_range": [
      -0.013878652889884388,
      0.004382195833110572
    ],
    "std": 0.005410697363774285
  },
  "tiox_roughness": {
    "best": 8.86920737035482,
    "index": 11,
    "integer": false,