{
  "background_0": {
    "best": 1.9651378041443136e-06,
    "index": 1,
    "integer": false,
    "label": "background_0",
    "mean": 2.637193317677031e-06,
    "median": 2.2000752063262046e-06,
    "p68": [
      7.634352742456588e-07,
      4.534989876703142e-06
    ],
    "p68_range": [
      7.634352742456588e-07,
      4.534989876703142e-06
    ],
    "p95": [
      1.6332798371438966e-07,
      7.617787697713674e-06
    ],
    "p95_range": [
      1.6332798371438966e-07,
      7.617787697713674e-06
    ],
    "std": 1.9434386589119463e-06
  },
  "background_1": {
    "best": 8.412802215458686e-06,
    "index": 17,
    "integer": false,
    "label": "background_1",
    "mean": 4.6588947308348955e-06,
    "median": 4.274489869558383e-06,
    "p68": [
      1.7714368365207731e-06,
      7.923965723078047e-06
    ],
    "p68_range": [
      1.7714368365207731e-06,
      7.923965723078047e-06
    ],
    "p95": [
      1.9168412904619535e-07,
      9.54610500112026e-06
    ],
    "p95_range": [
      1.9168412904619535e-07,
      9.54610500112026e-06
    ],
    "std": 2.704701119350722e-06
  },
  "bilayer_roughness": {
    "best": 2.7201170590641572,
    "index": 15,
    "integer": false,
    "label": "bilayer_roughness",
    "mean": 5.140021711531506,
    "median": 5.0197941451825505,
    "p68": [
      2.9159638043915774,
      7.347156475686139
    ],
    "p68_range": [
      2.9159638043915774,
      7.347156475686139
    ],
    "p95": [
      2.1197766448267807,
      8.675666948311878
    ],
    "p95_range": [
      2.1197766448267807,
      8.675666948311878
    ],
    "std": 1.9057183611967126
  },
  "inner_acyl_chain_thickness": {
    "best": 14.931611508785474,
    "index": 12,
    "integer": false,
    "label": "inner_acyl_chain_thickness",
    "mean": 11.91996919314851,
    "median": 11.96887518487328,
    "p68": [
      9.344657155503773,
      14.641779618745298
    ],
    "p68_range": [
      9.344657155503773,
      14.641779618745298
    ],
    "p95": [
      8.266681781721156,
      15.604865043103258
    ],
    "p95_range": [
      8.266681781721156,
      15.604865043103258
    ],
    "std": 2.1977449498726336
  },
  "intensity": {
    "best": 0.912620483649726,
    "index": 2,
    "integer": false,
    "label": "intensity",
    "mean": 0.9706947424521233,
    "median": 0.9669926431846435,
    "p68": [
      0.923290856268164,
      1.0265331182116375
    ],
    "p68_range": [
      0.923290856268164,
      1.0265331182116375
    ],
    "p95": [
      0.906652543722597,
      1.0425371307955626
    ],
    "p95_range": [
      0.906652543722597,
      1.0425371307955626
    ],
    "std": 0.04338576250282045
  },
  "outer_acyl_chain_thickness": {
    "best": 11.554242806360449,
    "index": 13,
    "integer": false,
    "label": "outer_acyl_chain_thickness",
    "mean": 12.11983328592866,
    "median": 11.857197225539934,
    "p68": [
      9.160681967262587,
      15.091311408228801
    ],
    "p68_range": [
      9.160681967262587,
      15.091311408228801
    ],
    "p95": [
      8.245645397020423,
      15.828805443726052
    ],
    "p95_range": [
      8.245645397020423,
      15.828805443726052
    ],
    "std": 2.4142251209351056
  },
  "rho_siox": {
    "best": 3.276044611814999,
    "index": 6,
    "integer": false,
    "label": "rho_siox",
    "mean": 3.8465941068089067,
    "median": 3.6945162281951616,
    "p68": [
      3.255563806364691,
      4.555055408379541
    ],
    "p68_range": [
      3.255563806364691,
      4.555055408379541
    ],
    "p95": [
      3.1199411452913406,
      5.026041811418962
    ],
    "p95_range": [
      3.1199411452913406,
      5.026041811418962
    ],
    "std": 0.568077755549067
  },
  "rho_solv_0": {
    "best": 6.0510757773973936,
    "index": 10,
    "integer": false,
    "label": "rho_solv_0",
    "mean": 5.933550449129061,
    "median": 5.955395145787178,
    "p68": [
      5.661029695632143,
      6.2086190854437175
    ],
    "p68_range": [
      5.661029695632143,
      6.2086190854437175
    ],
    "p95": [
      5.3886993082610015,
      6.3857446956268085
    ],
    "p95_range": [
      5.3886993082610015,
      6.3857446956268085
    ],
    "std": 0.2630657556782319
  },
  "rho_solv_1": {
    "best": 0.004949319178251111,
    "index": 18,
    "integer": false,
    "label": "rho_solv_1",
    "mean": -0.01883975805606776,
    "median": -0.032703839494477624,
    "p68": [
      -0.3891988254314025,
      0.35208686423923563
    ],
    "p68_range": [
      -0.3891988254314025,
      0.35208686423923563
    ],
    "p95": [
      -0.5726677827225277,
      0.5626247123747714
    ],
    "p95_range": [
      -0.5726677827225277,
      0.5626247123747714
    ],
    "std": 0.3324253522659323
  },
  "rho_tiox": {
    "best": 2.373632662626973,
    "index": 8,
    "integer": false,
    "label": "rho_tiox",
    "mean": 2.1148836835224123,
    "median": 2.169706849894979,
    "p68": [
      1.8049148335875822,
      2.4153104340020355
    ],
    "p68_range": [
      1.8049148335875822,
      2.4153104340020355
    ],
    "p95": [
      1.3203080125357605,
      2.588264191420939
    ],
    "p95_range": [
      1.3203080125357605,
      2.588264191420939
    ],
    "std": 0.331830116815823
  },
  "sample_broadening": {
    "best": 0.004932679739721896,
    "index": 3,
    "integer": false,
    "label": "sample_broadening",
    "mean": 0.00776009933176316,
    "median": 0.007680326923125472,
    "p68": [
      -0.0007207462912962022,
      0.01639858618490076
    ],
    "p68_range": [
      -0.0007207462912962022,
      0.01639858618490076
    ],
    "p95": [
      -0.003719145455788757,
      0.019314579841581955
    ],
    "p95_range": [
      -0.003719145455788757,
      0.019314579841581955
    ],
    "std": 0.007147150970746946
  },
  "siox_interface": {
    "best": 7.902981239470083,
    "index": 5,
    "integer": false,
    "label": "siox_interface",
    "mean": 5.794377863939588,
    "median": 5.955320819939548,
    "p68": [
      3.507532415857567,
      8.215066095440184
    ],
    "p68_range": [
      3.507532415857567,
      8.215066095440184
    ],
    "p95": [
      2.2084766952454586,
      8.772795933255859
    ],
    "p95_range": [
      2.2084766952454586,
      8.772795933255859
    ],
    "std": 2.032810813058921
  },
  "siox_thickness": {
    "best": 6.5824746266471,
    "index": 7,
    "integer": false,
    "label": "siox_thickness",
    "mean": 16.21274473967,
    "median": 14.670941919149543,
    "p68": [
      7.115350612583291,
      26.41903358484201
    ],
    "p68_range": [
      7.115350612583291,
      26.41903358484201
    ],
    "p95": [
      5.337488754801725,
      36.08925314757707
    ],
    "p95_range": [
      5.337488754801725,
      36.08925314757707
    ],
    "std": 8.856415881368502
  },
  "submembrane_thickness": {
    "best": 12.65453670862266,
    "index": 14,
    "integer": false,
    "label": "submembrane_thickness",
    "mean": 20.92269004213198,
    "median": 20.733519278161012,
    "p68": [
      12.247846439873015,
      29.092418506009004
    ],
    "p68_range": [
      12.247846439873015,
      29.092418506009004
    ],
    "p95": [
      4.824601542086059,
      38.31800137765592
    ],
    "p95_range": [
      4.824601542086059,
      38.31800137765592
    ],
    "std": 8.648609593391747
  },
  "theta_offset": {
    "best": -0.001605919492571915,
    "index": 4,
    "integer": false,
    "label": "theta_offset",
    "mean": -0.004642158974707156,
    "median": -0.003946762169278714,
    "p68": [
      -0.011187264059858197,
      0.0017706480640709466
    ],
    "p68_range": [
      -0.011187264059858197,
      0.0017706480640709466
    ],
    "p95": [
      -0.014602546808043905,
      0.004469222074533317
    ],
    "p95_range": [
      -0.014602546808043905,
      0.004469222074533317
    ],
    "std": 0.005733663969122867
  },
  "tiox_roughness": {
    "best": 4.611529587544556,
    "index": 11,
    "integer": false,