{
  "bulknsld": {
    "best": 9.542812031814616e-06,
    "index": 1,
    "integer": false,
    "label": "bulknsld",
    "mean": 9.538041700797188e-06,
    "median": 9.537869567303212e-06,
    "p68": [
      9.520200155142444e-06,
      9.556864421212554e-06
    ],
    "p68_range": [
      9.520200155142444e-06,
      9.556864421212554e-06
    ],
    "p95": [
      9.500137159761509e-06,
      9.575784549917778e-06
    ],
    "p95_range": [
      9.500137159761509e-06,
      9.575784549917778e-06
    ],
    "std": 1.858723059118233e-08
  },
  "dq": {
    "best": 0.009998783087865408,
    "index": 2,
    "integer": false,
    "label": "dq",
    "mean": 0.009935824310164088,
    "median": 0.009967647019879334,
    "p68": [
      0.009916222138643693,
      0.009993437294851996
    ],
    "p68_range": [
      0.009916222138643693,
      0.009993437294851996
    ],
    "p95": [
      0.009803461211986251,
      0.00999903713222315
    ],
    "p95_range": [
      0.009803461211986251,
      0.00999903713222315
    ],
    "std": 0.00016939823714688903
  },
  "l_lipid": {
    "best": 12.749648231588994,
    "index": 3,
    "integer": false,
    "label": "l_lipid",
    "mean": 12.745342927483962,
    "median": 12.745686370639994,
    "p68": [
      12.732646127343667,
      12.75890943391393
    ],
    "p68_range": [
      12.732646127343667,
      12.75890943391393
    ],
    "p95": [
      12.718296498617683,
      12.772530020765718
    ],
    "p95_range": [
      12.718296498617683,
      12.772530020765718
    ],
    "std": 0.01577518969540569
  },
  "prefactor": {
    "best": 15641.06676218174,
    "index": 4,
    "integer": false,
    "label": "prefactor",
    "mean": 15684.091208835052,
    "median": 15683.569879078757,
    "p68": [
      15630.60004856798,
      15736.868287964833
    ],
    "p68_range": [
      15630.60004856798,
      15736.868287964833
    ],
    "p95": [
      15576.552676042038,
      15795.049174869107
    ],
    "p95_range": [
      15576.552676042038,
      15795.049174869107
    ],
    "std": 56.91124583393696
  },
  "sigma": {
    "best": 2.7505391236259733,
    "index": 5,
    "integer": false,
    "label": "sigma",
    "mean": 2.7562257796454883,
    "median": 2.756466265366133,
    "p68": [
      2.7392654627769963,
      2.7730448670696295
    ],
    "p68_range": [
      2.7392654627769963,
      2.7730448670696295
    ],
    "p95": [
      2.7234159051375193,
      2.788869743333591
    ],
    "p95_range": [
      2.7234159051375193,
      2.788869743333591
    ],
    "std": 0.01703450143703968
  }
}