{
  "background0": {
    "best": 0.06501440059382306,
    "index": 4,
    "integer": false,
    "label": "background0",
    "mean": 0.06508885703562005,
    "median": 0.06509433968962226,
    "p68": [
      0.06496647868102184,
      0.06520748673615237
    ],
    "p68_range": [
      0.06496647868102184,
      0.06520748673615237
    ],
    "p95": [
      0.06486705153934103,
      0.06531669576734057
    ],
    "p95_range": [
      0.06486705153934103,
      0.06531669576734057
    ],
    "std": 0.00011796253697136206
  },
  "background1": {
    "best": 0.675156207961702,
    "index": 8,
    "integer": false,
    "label": "background1",
    "mean": 0.675118493888481,
    "median": 0.6751249477277455,
    "p68": [
      0.6747703184950192,
      0.6754722918874613
    ],
    "p68_range": [
      0.6747703184950192,
      0.6754722918874613
    ],
    "p95": [
      0.6744663126577032,
      0.675761298795422
    ],
    "p95_range": [
      0.6744663126577032,
      0.675761298795422
    ],
    "std": 0.0003402959783775294
  },
  "background2": {
    "best": 1.0939232435825985,
    "index": 10,
    "integer": false,
    "label": "background2",
    "mean": 1.0935866702216541,
    "median": 1.0935570079742332,
    "p68": [
      1.0928704834309408,
      1.0942911157721449
    ],
    "p68_range": [
      1.0928704834309408,
      1.0942911157721449
    ],
    "p95": [
      1.0922819101722343,
      1.0950255922115653
    ],
    "p95_range": [
      1.0922819101722343,
      1.0950255922115653
    ],
    "std": 0.0007066439818734691
  },
  "frac_deut": {
    "best": 0.8863226763451808,
    "index": 1,
    "integer": false,
    "label": "frac_deut",
    "mean": 0.8859220853346468,
    "median": 0.8859862570613425,
    "p68": [
      0.8855734014287947,
      0.8863744447119948
    ],
    "p68_range": [
      0.8855734014287947,
      0.8863744447119948
    ],
    "p95": [
      0.8847203286276203,
      0.8867079692224118
    ],
    "p95_range": [
      0.8847203286276203,
      0.8867079692224118
    ],
    "std": 0.0004930934174449643
  },
  "l_lipid": {
    "best": 10.881766603139262,
    "index": 2,
    "integer": false,
    "label": "l_lipid",
    "mean": 10.854762381142443,
    "median": 10.85385814942206,
    "p68": [
      10.829129149990415,
      10.881206897375845
    ],
    "p68_range": [
      10.829129149990415,
      10.881206897375845
    ],
    "p95": [
      10.804561834988505,
      10.909059967086067
    ],
    "p95_range": [
      10.804561834988505,
      10.909059967086067
    ],
    "std": 0.027726755674881916
  },
  "scale0": {
    "best": 1.4379770042347684,
    "index": 5,
    "integer": false,
    "label": "scale0",
    "mean": 1.4456800897479052,
    "median": 1.4455691946385822,
    "p68": [
      1.4398548814140781,
      1.4523037409341382
    ],
    "p68_range": [
      1.4398548814140781,
      1.4523037409341382
    ],
    "p95": [
      1.4300924543929612,
      1.4601013738844963
    ],
    "p95_range": [
      1.4300924543929612,
      1.4601013738844963
    ],
    "std": 0.007131460963993869
  },
  "sigma": {
    "best": 2.0040104584186014,
    "index": 3,
    "integer": false,
    "label": "sigma",
    "mean": 2.010005611524019,
    "median": 2.0067862986989233,
    "p68": [
      2.0017925759192594,
      2.0169687176889273
    ],
    "p68_range": [
      2.0017925759192594,
      2.0169687176889273
    ],
    "p95": [
      2.000235670267257,
      2.0389226730531527
    ],
    "p95_range": [
      2.000235670267257,
      2.0389226730531527
    ],
    "std": 0.010875214722215414
  },
  "sld_solvent0": {
    "best": 6.399944571426856,
    "index": 6,
    "integer": false,
    "label": "sld_solvent0",
    "mean": 6.397976652285924,
    "median": 6.398834681777613,
    "p68": [
      6.396273190298132,
      6.399724569893628
    ],
    "p68_range": [
      6.396273190298132,
      6.399724569893628
    ],
    "p95": [
      6.39079027675059,
      6.399963482187435
    ],
    "p95_range": [
      6.39079027675059,
      6.399963482187435
    ],
    "std": 0.002348282515043579
  },
  "sld_solvent1": {
    "best": 1.9287514708743536,
    "index": 9,
    "integer": false,
    "label": "sld_solvent1",
    "mean": 1.9266526854929535,
    "median": 1.9266720164321967,
    "p68": [
      1.9233775235378487,
      1.9299814606163337
    ],
    "p68_range": [
      1.9233775235378487,
      1.9299814606163337
    ],
    "p95": [
      1.9202904906011964,
      1.9328880572455391
    ],
    "p95_range": [
      1.9202904906011964,
      1.9328880572455391
    ],
    "std": 0.003301678493425094
  },
  "sld_solvent2": {
    "best": -0.540367708463568,
    "index": 11,
    "integer": false,
    "label": "sld_solvent2",
    "mean": -0.5412779865027298,
    "median": -0.5408791023838343,
    "p68": [
      -0.542409196113132,
      -0.5402272577435061
    ],
    "p68_range": [
      -0.542409196113132,
      -0.5402272577435061
    ],
    "p95": [
      -0.544395788556836,
      -0.5400295614985898
    ],
    "p95_range": [
      -0.544395788556836,
      -0.5400295614985898
    ],
    "std": 0.0011960063660172663
  },
  "vf0": {
    "best": 0.09999552332807495,
    "index": 7,
    "integer": false,
    "label": "vf0",
    "mean": 0.09997119827301008,
    "median": 0.09998112025825834,
    "p68": [
      0.09994656545111619,
      0.09999470236861895
    ],
    "p68_range": [
      0.09994656545111619,
      0.09999470236861895
    ],
    "p95": [
      0.09989186961688444,
      0.09999875229140057
    ],
    "p95_range": [
      0.09989186961688444,
      0.09999875229140057
    ],
    "std": 2.7634219553543667e-05
  }
}