{
  "background0": {
    "best": 0.06576251622192981,
    "index": 4,
    "integer": false,
    "label": "background0",
    "mean": 0.0654062089947299,
    "median": 0.06529117304478205,
    "p68": [
      0.06186982983304683,
      0.06845784611424738
    ],
    "p68_range": [
      0.06186982983304683,
      0.06845784611424738
    ],
    "p95": [
      0.05723287221779825,
      0.07440035664672082
    ],
    "p95_range": [
      0.05723287221779825,
      0.07440035664672082
    ],
    "std": 0.004326512734398964
  },
  "background1": {
    "best": 0.678561578524814,
    "index": 8,
    "integer": false,
    "label": "background1",
    "mean": 0.6730216853739531,
    "median": 0.6738741650273119,
    "p68": [
      0.6617757422012595,
      0.6858340404544232
    ],
    "p68_range": [
      0.6617757422012595,
      0.6858340404544232
    ],
    "p95": [
      0.6387841996157556,
      0.6997688739631792
    ],
    "p95_range": [
      0.6387841996157556,
      0.6997688739631792
    ],
    "std": 0.013687295149961904
  },
  "background2": {
    "best": 1.0942597653396753,
    "index": 10,
    "integer": false,
    "label": "background2",
    "mean": 1.0891607307386382,
    "median": 1.0915261311774729,
    "p68": [
      1.0625070053136114,
      1.1132824672841914
    ],
    "p68_range": [
      1.0625070053136114,
      1.1132824672841914
    ],
    "p95": [
      1.0358195168078523,
      1.1391207113975235
    ],
    "p95_range": [
      1.0358195168078523,
      1.1391207113975235
    ],
    "std": 0.025556153212424007
  },
  "frac_deut": {
    "best": 0.8868867772867057,
    "index": 1,
    "integer": false,
    "label": "frac_deut",
    "mean": 0.8732839926142442,
    "median": 0.8712763000433909,
    "p68": [
      0.8570331139388462,
      0.8886250843692214
    ],
    "p68_range": [
      0.8570331139388462,
      0.8886250843692214
    ],
    "p95": [
      0.8415420596972352,
      0.914875205490822
    ],
    "p95_range": [
      0.8415420596972352,
      0.914875205490822
    ],
    "std": 0.016954985879815535
  },
  "l_lipid": {
    "best": 10.496359682901467,
    "index": 2,
    "integer": false,
    "label": "l_lipid",
    "mean": 10.00092283432518,
    "median": 10.041955818561311,
    "p68": [
      8.799071345944801,
      11.187081182296437
    ],
    "p68_range": [
      8.799071345944801,
      11.187081182296437
    ],
    "p95": [
      8.290919649296265,
      11.91198751513027
    ],
    "p95_range": [
      8.290919649296265,
      11.91198751513027
    ],
    "std": 1.0261814779366039
  },
  "scale0": {
    "best": 1.5922028170625997,
    "index": 5,
    "integer": false,
    "label": "scale0",
    "mean": 5.256927404034104,
    "median": 3.6359571457762154,
    "p68": [
      1.9964348579102025,
      10.344413430174063
    ],
    "p68_range": [
      1.9964348579102025,
      10.344413430174063
    ],
    "p95": [
      1.4282166791816595,
      13.518935279948437
    ],
    "p95_range": [
      1.4282166791816595,
      13.518935279948437
    ],
    "std": 3.698071045734009
  },
  "sigma": {
    "best": 2.4483779015551472,
    "index": 3,
    "integer": false,
    "label": "sigma",
    "mean": 2.526191067019513,
    "median": 2.5302158115852196,
    "p68": [
      2.14410257322334,
      2.9145425316829976
    ],
    "p68_range": [
      2.14410257322334,
      2.9145425316829976
    ],
    "p95": [
      2.011995930843147,
      2.988368778735883
    ],
    "p95_range": [
      2.011995930843147,
      2.988368778735883
    ],
    "std": 0.3158919032511942
  },
  "sld_solvent0": {
    "best": 6.366422393039844,
    "index": 6,
    "integer": false,
    "label": "sld_solvent0",
    "mean": 6.2988632995842,
    "median": 6.295917416476352,
    "p68": [
      6.231411879618153,
      6.370253286385678
    ],
    "p68_range": [
      6.231411879618153,
      6.370253286385678
    ],
    "p95": [
      6.203641286774286,
      6.396199709740946
    ],
    "p95_range": [
      6.203641286774286,
      6.396199709740946
    ],
    "std": 0.05841996343118633
  },
  "sld_solvent1": {
    "best": 1.940524909288355,
    "index": 9,
    "integer": false,
    "label": "sld_solvent1",
    "mean": 1.8826654790138917,
    "median": 1.886107658767462,
    "p68": [
      1.7515299482124687,
      2.023179431976971
    ],
    "p68_range": [
      1.7515299482124687,
      2.023179431976971
    ],
    "p95": [
      1.6067721976113665,
      2.134389749478178
    ],
    "p95_range": [
      1.6067721976113665,
      2.134389749478178
    ],
    "std": 0.12993414464738673
  },
  "sld_solvent2": {
    "best": -0.5414859980889732,
    "index": 11,
    "integer": false,
    "label": "sld_solvent2",
    "mean": -0.549497363160053,
    "median": -0.5489461940193785,
    "p68": [
      -0.5572665587273763,
      -0.5422817744896976
    ],
    "p68_range": [
      -0.5572665587273763,
      -0.5422817744896976
    ],
    "p95": [
      -0.5593993790473433,
      -0.5402394277235282
    ],
    "p95_range": [
      -0.5593993790473433,
      -0.5402394277235282
    ],
    "std": 0.006349556845859577
  },
  "vf0": {
    "best": 0.0986394515698498,
    "index": 7,
    "integer": false,
    "label": "vf0",
    "mean": 0.05032971048616321,
    "median": 0.04789213896293773,
    "p68": [
      0.017372398845239674,
      0.08326576137691821
    ],
    "p68_range": [
      0.017372398845239674,
      0.08326576137691821
    ],
    "p95": [
      0.013503873238698989,
      0.09863930000086814
    ],
    "p95_range": [
      0.013503873238698989,
      0.09863930000086814
    ],
    "std": 0.028073913044578864
  }
}