{
  "bulknsld": {
    "best": 9.994056254565008e-06,
    "index": 1,
    "integer": false,
    "label": "bulknsld",
    "mean": 9.98308582476507e-06,
    "median": 9.985920684790632e-06,
    "p68": [
      9.970855805587893e-06,
      9.99598158119943e-06
    ],
    "p68_range": [
      9.970855805587893e-06,
      9.99598158119943e-06
    ],
    "p95": [
      9.951716498306522e-06,
      9.999104436477372e-06
    ],
    "p95_range": [
      9.951716498306522e-06,
      9.999104436477372e-06
    ],
    "std": 1.3729432051335688e-08
  },
  "dq": {
    "best": 0.023558963264066247,
    "index": 2,
    "integer": false,
    "label": "dq",
    "mean": 0.023462570934014975,
    "median": 0.0234689382725777,
    "p68": [
      0.023189114284014097,
      0.02372445153159053
    ],
    "p68_range": [
      0.023189114284014097,
      0.02372445153159053
    ],
    "p95": [
      0.02275577371389893,
      0.02404594101101781
    ],
    "p95_range": [
      0.02275577371389893,
      0.02404594101101781
    ],
    "std": 0.0003452451597949471
  },
  "l_lipid": {
    "best": 12.534107661021496,
    "index": 3,
    "integer": false,
    "label": "l_lipid",
    "mean": 12.525783708375908,
    "median": 12.52746306202688,
    "p68": [
      12.515834747390175,
      12.532719502553482
    ],
    "p68_range": [
      12.515834747390175,
      12.532719502553482
    ],
    "p95": [
      12.499595711393296,
      12.5344605670231
    ],
    "p95_range": [
      12.499595711393296,
      12.5344605670231
    ],
    "std": 0.014232493041887102
  },
  "prefactor": {
    "best": 14190.5267328554,
    "index": 4,
    "integer": false,
    "label": "prefactor",
    "mean": 14234.131131490189,
    "median": 14231.613869973446,
    "p68": [
      14187.303780705977,
      14282.703479553686
    ],
    "p68_range": [
      14187.303780705977,
      14282.703479553686
    ],
    "p95": [
      14142.129118501161,
      14346.017501201015
    ],
    "p95_range": [
      14142.129118501161,
      14346.017501201015
    ],
    "std": 51.69237291670377
  },
  "sigma": {
    "best": 1.0009196443529191,
    "index": 5,
    "integer": false,
    "label": "sigma",
    "mean": 1.0406749343117219,
    "median": 1.0328821162360067,
    "p68": [
      1.011407506508722,
      1.0669151917096051
    ],
    "p68_range": [
      1.011407506508722,
      1.0669151917096051
    ],
    "p95": [
      1.001743726727886,
      1.1249687770976438
    ],
    "p95_range": [
      1.001743726727886,
      1.1249687770976438
    ],
    "std": 0.03679489714098396
  }
}