{
  "bulknsld": {
    "best": 9.556357703387424e-06,
    "index": 1,
    "integer": false,
    "label": "bulknsld",
    "mean": 9.552919311417106e-06,
    "median": 9.552253364799241e-06,
    "p68": [
      9.538019841817033e-06,
      9.568472143232978e-06
    ],
    "p68_range": [
      9.538019841817033e-06,
      9.568472143232978e-06
    ],
    "p95": [
      9.52289031460254e-06,
      9.587200576747816e-06
    ],
    "p95_range": [
      9.52289031460254e-06,
      9.587200576747816e-06
    ],
    "std": 1.597566492062043e-08
  },
  "dq": {
    "best": 0.009998641800765849,
    "index": 2,
    "integer": false,
    "label": "dq",
    "mean": 0.009955556858106302,
    "median": 0.00996901279403069,
    "p68": [
      0.009922387032349402,
      0.009992846801499745
    ],
    "p68_range": [
      0.009922387032349402,
      0.009992846801499745
    ],
    "p95": [
      0.009821604796900406,
      0.00999873128607883
    ],
    "p95_range": [
      0.009821604796900406,
      0.00999873128607883
    ],
    "std": 4.504801284185546e-05
  },
  "l_lipid": {
    "best": 11.947909598873652,
    "index": 3,
    "integer": false,
    "label": "l_lipid",
    "mean": 11.943845078095281,
    "median": 11.94319209922181,
    "p68": [
      11.932561125577937,
      11.956090984725568
    ],
    "p68_range": [
      11.932561125577937,
      11.956090984725568
    ],
    "p95": [
      11.922742272826696,
      11.96657598089885
    ],
    "p95_range": [
      11.922742272826696,
      11.96657598089885
    ],
    "std": 0.011131521780564996
  },
  "prefactor": {
    "best": 15606.594280469613,
    "index": 4,
    "integer": false,
    "label": "prefactor",
    "mean": 15627.672492977215,
    "median": 15625.091263553562,
    "p68": [
      15584.543756876854,
      15671.471584481347
    ],
    "p68_range": [
      15584.543756876854,
      15671.471584481347
    ],
    "p95": [
      15549.05797967749,
      15714.841126290976
    ],
    "p95_range": [
      15549.05797967749,
      15714.841126290976
    ],
    "std": 43.94680736151645
  },
  "sigma": {
    "best": 1.006353672761599,
    "index": 5,
    "integer": false,
    "label": "sigma",
    "mean": 1.0194970342797502,
    "median": 1.0147039855989937,
    "p68": [
      1.003456642147523,
      1.035874355556102
    ],
    "p68_range": [
      1.003456642147523,
      1.035874355556102
    ],
    "p95": [
      1.0005898357106773,
      1.062994273050424
    ],
    "p95_range": [
      1.0005898357106773,
      1.062994273050424
    ],
    "std": 0.016756085456063042
  }
}