{
  "background_0": {
    "best": -8.451519753851873,
    "index": 10,
    "integer": false,
    "label": "background_0",
    "mean": -7.788089546218067,
    "median": -7.768502150428214,
    "p68": [
      -8.547663760777501,
      -7.040246293255136
    ],
    "p68_range": [
      -8.547663760777501,
      -7.040246293255136
    ],
    "p95": [
      -8.927320004539249,
      -6.760182034285143
    ],
    "p95_range": [
      -8.927320004539249,
      -6.760182034285143
    ],
    "std": 0.6524507940153697
  },
  "global_rough": {
    "best": 3.9898441513705096,
    "index": 8,
    "integer": false,
    "label": "global_rough",
    "mean": 3.4229776921066986,
    "median": 3.458771304761545,
    "p68": [
      2.4256554487634174,
      4.381251228048847
    ],
    "p68_range": [
      2.4256554487634174,
      4.381251228048847
    ],
    "p95": [
      2.065839724270609,
      4.882450878634617
    ],
    "p95_range": [
      2.065839724270609,
      4.882450878634617
    ],
    "std": 0.8321556133424984
  },
  "l_lipid1": {
    "best": 14.622301247379028,
    "index": 4,
    "integer": false,
    "label": "l_lipid1",
    "mean": 12.286786318499233,
    "median": 12.27876821426018,
    "p68": [
      10.622768971463453,
      13.833825845907732
    ],
    "p68_range": [
      10.622768971463453,
      13.833825845907732
    ],
    "p95": [
      10.065790343695637,
      14.786403524523493
    ],
    "p95_range": [
      10.065790343695637,
      14.786403524523493
    ],
    "std": 1.397784386202386
  },
  "l_lipid2": {
    "best": 10.031435112939503,
    "index": 5,
    "integer": false,
    "label": "l_lipid2",
    "mean": 11.839846473897557,
    "median": 11.529305503681943,
    "p68": [
      10.411079576920145,
      13.415198445352129
    ],
    "p68_range": [
      10.411079576920145,
      13.415198445352129
    ],
    "p95": [
      10.04523723685773,
      14.780567613046781
    ],
    "p95_range": [
      10.04523723685773,
      14.780567613046781
    ],
    "std": 1.3575332586202817
  },
  "l_siox": {
    "best": 15.773516650252773,
    "index": 1,
    "integer": false,
    "label": "l_siox",
    "mean": 18.401511666355418,
    "median": 18.341714169397722,
    "p68": [
      16.46848223064256,
      20.324888730145034
    ],
    "p68_range": [
      16.46848223064256,
      20.324888730145034
    ],
    "p95": [
      14.74929006896824,
      21.889606972473395
    ],
    "p95_range": [
      14.74929006896824,
      21.889606972473395
    ],
    "std": 1.906231476898097
  },
  "l_submembrane": {
    "best": 2.530383272409955,
    "index": 3,
    "integer": false,
    "label": "l_submembrane",
    "mean": 2.1090621360277892,
    "median": 2.0577690484686806,
    "p68": [
      1.368952228492803,
      2.827533700387465
    ],
    "p68_range": [
      1.368952228492803,
      2.827533700387465
    ],
    "p95": [
      1.0583305463061468,
      3.4945468414079963
    ],
    "p95_range": [
      1.0583305463061468,
      3.4945468414079963
    ],
    "std": 0.6754424749400919
  },
  "rho_siox": {
    "best": 3.7539760708895797,
    "index": 2,
    "integer": false,
    "label": "rho_siox",
    "mean": 3.557675694948106,
    "median": 3.544780121299439,
    "p68": [
      3.4183201043478797,
      3.7182719146667838
    ],
    "p68_range": [
      3.4183201043478797,
      3.7182719146667838
    ],
    "p95": [
      3.3377129774677887,
      3.7900425863144753
    ],
    "p95_range": [
      3.3377129774677887,
      3.7900425863144753
    ],
    "std": 0.13224040863166672
  },
  "rho_solv_0": {
    "best": 1.0027500883649014,
    "index": 7,
    "integer": false,
    "label": "rho_solv_0",
    "mean": 1.0020198720600753,
    "median": 1.001170307625141,
    "p68": [
      0.993258912439265,
      1.0109423491501601
    ],
    "p68_range": [
      0.993258912439265,
      1.0109423491501601
    ],
    "p95": [
      0.9834052658337831,
      1.0235342339084033
    ],
    "p95_range": [
      0.9834052658337831,
      1.0235342339084033
    ],
    "std": 0.009852474002195574
  },
  "sigma": {
    "best": 2.474346777690334,
    "index": 9,
    "integer": false,
    "label": "sigma",
    "mean": 3.08900699065123,
    "median": 3.048043458667698,
    "p68": [
      2.3447469993869645,
      3.815799496918425
    ],
    "p68_range": [
      2.3447469993869645,
      3.815799496918425
    ],
    "p95": [
      2.0587663201344086,
      4.553858712073688
    ],
    "p95_range": [
      2.0587663201344086,
      4.553858712073688
    ],
    "std": 0.6865656775050867
  },
  "vf_bilayer": {
    "best": 0.9653738567936595,
    "index": 6,
    "integer": false,
    "label": "vf_bilayer",
    "mean": 0.9598993586514679,
    "median": 0.9640227297364109,
    "p68": [
      0.925435243722338,
      0.9917291769957819
    ],
    "p68_range": [
      0.925435243722338,
      0.9917291769957819
    ],
    "p95": [
      0.9051800018911932,
      0.9984760432126409
    ],
    "p95_range": [
      0.9051800018911932,
      0.9984760432126409
    ],
    "std": 0.02856923963629397
  }
}