{
  "background ch060": {
    "best": 4.12016055366528e-06,
    "index": 16,
    "integer": false,
    "label": "background ch060",
    "mean": 4.06587174761272e-06,
    "median": 4.0674690825813686e-06,
    "p68": [
      3.92274483542943e-06,
      4.208227387697604e-06
    ],
    "p68_range": [
      3.92274483542943e-06,
      4.208227387697604e-06
    ],
    "p95": [
      3.77855859609312e-06,
      4.342143543936568e-06
    ],
    "p95_range": [
      3.77855859609312e-06,
      4.342143543936568e-06
    ],
    "std": 1.4429160906940134e-07
  },
  "background ch061": {
    "best": 3.412182894140851e-07,
    "index": 1,
    "integer": false,
    "label": "background ch061",
    "mean": 3.6630621781965747e-07,
    "median": 3.6900612945265396e-07,
    "p68": [
      2.591253723957304e-07,
      4.750666455535685e-07
    ],
    "p68_range": [
      2.591253723957304e-07,
      4.750666455535685e-07
    ],
    "p95": [
      1.3634578865990195e-07,
      5.875601591757947e-07
    ],
    "p95_range": [
      1.3634578865990195e-07,
      5.875601591757947e-07
    ],
    "std": 1.1210618133176518e-07
  },
  "bilayer roughness": {
    "best": 5.269484627215282,
    "index": 14,
    "integer": false,
    "label": "bilayer roughness",
    "mean": 5.273912742457133,
    "median": 5.280476826020144,
    "p68": [
      4.922332856440978,
      5.634413151142431
    ],
    "p68_range": [
      4.922332856440978,
      5.634413151142431
    ],
    "p95": [
      4.447278110477382,
      6.060029912618529
    ],
    "p95_range": [
      4.447278110477382,
      6.060029912618529
    ],
    "std": 0.3870281059053883
  },
  "d2o rho": {
    "best": 5.892676429099706,
    "index": 9,
    "integer": false,
    "label": "d2o rho",
    "mean": 5.903377158232978,
    "median": 5.902369315201165,
    "p68": [
      5.8701525129732826,
      5.936445180070275
    ],
    "p68_range": [
      5.8701525129732826,
      5.936445180070275
    ],
    "p95": [
      5.831642431593137,
      5.9800270867194785
    ],
    "p95_range": [
      5.831642431593137,
      5.9800270867194785
    ],
    "std": 0.036273963978352065
  },
  "h2o rho": {
    "best": -0.27105848382048786,
    "index": 17,
    "integer": false,
    "label": "h2o rho",
    "mean": -0.296739058598013,
    "median": -0.2960726726925754,
    "p68": [
      -0.33070948169274744,
      -0.26220143960085956
    ],
    "p68_range": [
      -0.33070948169274744,
      -0.26220143960085956
    ],
    "p95": [
      -0.36566980885861256,
      -0.23321752189859773
    ],
    "p95_range": [
      -0.36566980885861256,
      -0.23321752189859773
    ],
    "std": 0.03382086411039423
  },
  "inner acyl chain thickness": {
    "best": 14.393159391285764,
    "index": 11,
    "integer": false,
    "label": "inner acyl chain thickness",
    "mean": 14.409475012224185,
    "median": 14.42405797043903,
    "p68": [
      13.988020294172404,
      14.826447369468447
    ],
    "p68_range": [
      13.988020294172404,
      14.826447369468447
    ],
    "p95": [
      13.502519955837295,
      15.238421538331949
    ],
    "p95_range": [
      13.502519955837295,
      15.238421538331949
    ],
    "std": 0.4451665649618339
  },
  "intensity ch061": {
    "best": 0.9879850187004551,
    "index": 2,
    "integer": false,
    "label": "intensity ch061",
    "mean": 0.9877231685287585,
    "median": 0.9877000852047436,
    "p68": [
      0.9818664894277482,
      0.9934799672866228
    ],
    "p68_range": [
      0.9818664894277482,
      0.9934799672866228
    ],
    "p95": [
      0.976870225587046,
      0.9985235165241798
    ],
    "p95_range": [
      0.976870225587046,
      0.9985235165241798
    ],
    "std": 0.005666044162782461
  },
  "outer acyl chain thickness": {
    "best": 11.612575843556616,
    "index": 12,
    "integer": false,
    "label": "outer acyl chain thickness",
    "mean": 11.535713817393455,
    "median": 11.534119257573568,
    "p68": [
      11.027433509058056,
      12.028146157550758
    ],
    "p68_range": [
      11.027433509058056,
      12.028146157550758
    ],
    "p95": [
      10.446880785028878,
      12.623352938957916
    ],
    "p95_range": [
      10.446880785028878,
      12.623352938957916
    ],
    "std": 0.5394271136235311
  },
  "sample_broadening ch061": {
    "best": 0.0013184892495276095,
    "index": 3,
    "integer": false,
    "label": "sample_broadening ch061",
    "mean": 0.001105380051800346,
    "median": 0.0012389111395948037,
    "p68": [
      -0.0006661656104329605,
      0.002860109333231426
    ],
    "p68_range": [
      -0.0006661656104329605,
      0.002860109333231426
    ],
    "p95": [
      -0.0029456542326711885,
      0.0042899421375194955
    ],
    "p95_range": [
      -0.0029456542326711885,
      0.0042899421375194955
    ],
    "std": 0.0018159060530910712
  },
  "siox interface": {
    "best": 3.3586244141571844,
    "index": 5,
    "integer": false,
    "label": "siox interface",
    "mean": 3.1776696910871767,
    "median": 3.1606663320042045,
    "p68": [
      2.4768575114898974,
      3.842561328396485
    ],
    "p68_range": [
      2.4768575114898974,
      3.842561328396485
    ],
    "p95": [
      2.1165752506203646,
      4.437821138503957
    ],
    "p95_range": [
      2.1165752506203646,
      4.437821138503957
    ],
    "std": 0.6302323371451042
  },
  "siox rho": {
    "best": 3.280368572655344,
    "index": 6,
    "integer": false,
    "label": "siox rho",
    "mean": 3.340221266364759,
    "median": 3.295937715915138,
    "p68": [
      3.1478694065636392,
      3.5392223215085936
    ],
    "p68_range": [
      3.1478694065636392,
      3.5392223215085936
    ],
    "p95": [
      3.107052822521614,
      3.806928153898666
    ],
    "p95_range": [
      3.107052822521614,
      3.806928153898666
    ],
    "std": 0.20106022566662315
  },
  "siox thickness": {
    "best": 10.33087640487708,
    "index": 7,
    "integer": false,
    "label": "siox thickness",
    "mean": 9.969903131767193,
    "median": 10.076875504125383,
    "p68": [
      8.259777630516341,
      11.670789874544848
    ],
    "p68_range": [
      8.259777630516341,
      11.670789874544848
    ],
    "p95": [
      6.89641127418762,
      12.507406514958106
    ],
    "p95_range": [
      6.89641127418762,
      12.507406514958106
    ],
    "std": 1.5570241639247773
  },
  "submembrane thickness": {
    "best": 13.941678328062991,
    "index": 13,
    "integer": false,
    "label": "submembrane thickness",
    "mean": 13.94000677606544,
    "median": 13.926526010373188,
    "p68": [
      13.643659432639579,
      14.24299489546395
    ],
    "p68_range": [
      13.643659432639579,
      14.24299489546395
    ],
    "p95": [
      13.284613456659077,
      14.620347263901476
    ],
    "p95_range": [
      13.284613456659077,
      14.620347263901476
    ],
    "std": 0.32768942245130633
  },
  "theta_offset ch061": {
    "best": -0.00856307361804345,
    "index": 4,
    "integer": false,
    "label": "theta_offset ch061",
    "mean": -0.008069827976941661,
    "median": -0.008127415052354203,
    "p68": [
      -0.009527955598380353,
      -0.006553983368363921
    ],
    "p68_range": [
      -0.009527955598380353,
      -0.006553983368363921
    ],
    "p95": [
      -0.011019012189686926,
      -0.0047930079536241095
    ],
    "p95_range": [
      -0.011019012189686926,
      -0.0047930079536241095
    ],
    "std": 0.0015331573382753492
  },
  "tiox rho": {
    "best": 2.2699167530334017,
    "index": 8,
    "integer": false,
    "label": "tiox rho",
    "mean": 2.2684042968791145,
    "median": 2.2685886505595443,
    "p68": [
      2.259831567608342,
      2.2767101469365376
    ],
    "p68_range": [
      2.259831567608342,
      2.2767101469365376
    ],
    "p95": [
      2.2502269358242604,
      2.285586433142637
    ],
    "p95_range": [
      2.2502269358242604,
      2.285586433142637
    ],
    "std": 0.008918925347574823
  },