{
  "l_lipid": {
    "best": 11.360254526325742,
    "index": 1,
    "integer": false,
    "label": "l_lipid",
    "mean": 11.3619033294865,
    "median": 11.361864152381294,
    "p68": [
      11.35180661020508,
      11.372050470755028
    ],
    "p68_range": [
      11.35180661020508,
      11.372050470755028
    ],
    "p95": [
      11.339879235598593,
      11.381886160368609
    ],
    "p95_range": [
      11.339879235598593,
      11.381886160368609
    ],
    "std": 0.010552434795086187
  }
}