{
  "background0": {
    "best": 0.06393569590230148,
    "index": 4,
    "integer": false,
    "label": "background0",
    "mean": 0.06451261271050403,
    "median": 0.06469931368295839,
    "p68": [
      0.06281904823355776,
      0.066135310202543
    ],
    "p68_range": [
      0.06281904823355776,
      0.066135310202543
    ],
    "p95": [
      0.06076142330922427,
      0.06701469409728081
    ],
    "p95_range": [
      0.06076142330922427,
      0.06701469409728081
    ],
    "std": 0.0015866825257381957
  },
  "background1": {
    "best": 0.6732967297923926,
    "index": 8,
    "integer": false,
    "label": "background1",
    "mean": 0.6735816639051934,
    "median": 0.6737741751828035,
    "p68": [
      0.6704472931013365,
      0.676620930745858
    ],
    "p68_range": [
      0.6704472931013365,
      0.676620930745858
    ],
    "p95": [
      0.666965906603052,
      0.679174034100456
    ],
    "p95_range": [
      0.666965906603052,
      0.679174034100456
    ],
    "std": 0.003137203056052252
  },
  "background2": {
    "best": 1.095050874381234,
    "index": 11,
    "integer": false,
    "label": "background2",
    "mean": 1.0914422476926486,
    "median": 1.0916076502562075,
    "p68": [
      1.0860511288837993,
      1.0968509372837174
    ],
    "p68_range": [
      1.0860511288837993,
      1.0968509372837174
    ],
    "p95": [
      1.0767409533661996,
      1.1017380593877313
    ],
    "p95_range": [
      1.0767409533661996,
      1.1017380593877313
    ],
    "std": 0.005913559839638269
  },
  "frac_deut": {
    "best": 0.915716567007054,
    "index": 1,
    "integer": false,
    "label": "frac_deut",
    "mean": 0.8976045375358666,
    "median": 0.9061904528076989,
    "p68": [
      0.8596783903245203,
      0.9373316980139181
    ],
    "p68_range": [
      0.8596783903245203,
      0.9373316980139181
    ],
    "p95": [
      0.7318414128488412,
      0.9677068158373441
    ],
    "p95_range": [
      0.7318414128488412,
      0.9677068158373441
    ],
    "std": 0.051718642853422384
  },
  "l_lipid": {
    "best": 10.923829862839913,
    "index": 2,
    "integer": false,
    "label": "l_lipid",
    "mean": 10.50075115341093,
    "median": 10.534021769004617,
    "p68": [
      9.897848999809892,
      11.098767848509006
    ],
    "p68_range": [
      9.897848999809892,
      11.098767848509006
    ],
    "p95": [
      9.206883201409713,
      11.540498670840398
    ],
    "p95_range": [
      9.206883201409713,
      11.540498670840398
    ],
    "std": 0.6201213028909828
  },
  "scale0": {
    "best": 12.337907739783434,
    "index": 5,
    "integer": false,
    "label": "scale0",
    "mean": 7.981378146719523,
    "median": 8.08041337325796,
    "p68": [
      3.1519538685155615,
      12.219824397571696
    ],
    "p68_range": [
      3.1519538685155615,
      12.219824397571696
    ],
    "p95": [
      1.1693735709009718,
      14.32947766603931
    ],
    "p95_range": [
      1.1693735709009718,
      14.32947766603931
    ],
    "std": 3.8774719682811605
  },
  "scale1": {
    "best": 8.613781679577913,
    "index": 9,
    "integer": false,
    "label": "scale1",
    "mean": 5.457466745988002,
    "median": 5.5911610812224835,
    "p68": [
      3.0714027252432765,
      8.02583147972831
    ],
    "p68_range": [
      3.0714027252432765,
      8.02583147972831
    ],
    "p95": [
      1.4510126640180945,
      9.618455309999854
    ],
    "p95_range": [
      1.4510126640180945,
      9.618455309999854
    ],
    "std": 2.143766958889458
  },
  "scale2": {
    "best": 7.48855945304713,
    "index": 12,
    "integer": false,
    "label": "scale2",
    "mean": 5.567540497649212,
    "median": 5.681441580332685,
    "p68": [
      2.878681098498512,
      8.066748142446158
    ],
    "p68_range": [
      2.878681098498512,
      8.066748142446158
    ],
    "p95": [
      1.4427314124337096,
      9.59913912674941
    ],
    "p95_range": [
      1.4427314124337096,
      9.59913912674941
    ],
    "std": 2.2554585041811994
  },
  "sigma": {
    "best": 2.4647360270300176,
    "index": 3,
    "integer": false,
    "label": "sigma",
    "mean": 2.639080739942178,
    "median": 2.782585679029409,
    "p68": [
      2.1329634497042917,
      2.9773068662052586
    ],
    "p68_range": [
      2.1329634497042917,
      2.9773068662052586
    ],
    "p95": [
      2.0105353348042563,
      2.990539010434604
    ],
    "p95_range": [
      2.0105353348042563,
      2.990539010434604
    ],
    "std": 0.3558985118752147
  },
  "sld_solvent0": {
    "best": 6.2792407705830895,
    "index": 6,
    "integer": false,
    "label": "sld_solvent0",
    "mean": 6.29387535751409,
    "median": 6.2914532529516976,
    "p68": [
      6.222560005776549,
      6.3678191162591755
    ],
    "p68_range": [
      6.222560005776549,
      6.3678191162591755
    ],
    "p95": [
      6.2033607824042925,
      6.397074165086397
    ],
    "p95_range": [
      6.2033607824042925,
      6.397074165086397
    ],
    "std": 0.06112908609287926
  },
  "sld_solvent1": {
    "best": 2.1950194024953684,
    "index": 10,
    "integer": false,
    "label": "sld_solvent1",
    "mean": 1.870278590559613,
    "median": 1.846126444878923,
    "p68": [
      1.434468172163814,
      2.302453126193282
    ],
    "p68_range": [
      1.434468172163814,
      2.302453126193282
    ],
    "p95": [
      1.0713030928073715,
      2.770353264039582
    ],
    "p95_range": [
      1.0713030928073715,
      2.770353264039582
    ],
    "std": 0.4288484904882006
  },
  "sld_solvent2": {
    "best": -0.5525442866789133,
    "index": 13,
    "integer": false,
    "label": "sld_solvent2",
    "mean": -0.5491892478705503,
    "median": -0.5477420709326712,
    "p68": [
      -0.5583111787545543,
      -0.541192953203677
    ],
    "p68_range": [
      -0.5583111787545543,
      -0.541192953203677
    ],
    "p95": [
      -0.5596585681431492,
      -0.5402486651872075
    ],
    "p95_range": [
      -0.5596585681431492,
      -0.5402486651872075
    ],
    "std": 0.007126904082985222
  },
  "vf0": {
    "best": 0.018105549694263912,
    "index": 7,
    "integer": false,
    "label": "vf0",
    "mean": 0.03512989106751997,
    "median": 0.025749094871669542,
    "p68": [
      0.018665400372895883,
      0.059300569736963425
    ],
    "p68_range": [
      0.018665400372895883,
      0.059300569736963425
    ],
    "p95": [
      0.01511655258646659,
      0.09099006542984897
    ],
    "p95_range": [
      0.01511655258646659,
      0.09099006542984897
    ],
    "std": 0.02133042235126963
  }
}