{
  "background0": {
    "best": 0.06506990128282447,
    "index": 4,
    "integer": false,
    "label": "background0",
    "mean": 0.06519690307212127,
    "median": 0.06517194508430277,
    "p68": [
      0.06308112801072525,
      0.06720228993071083
    ],
    "p68_range": [
      0.06308112801072525,
      0.06720228993071083
    ],
    "p95": [
      0.060845695199247124,
      0.0696799824754416
    ],
    "p95_range": [
      0.060845695199247124,
      0.0696799824754416
    ],
    "std": 0.002266371071963756
  },
  "background1": {
    "best": 0.6728570596728968,
    "index": 8,
    "integer": false,
    "label": "background1",
    "mean": 0.6725193407587061,
    "median": 0.6728570596728968,
    "p68": [
      0.6668078679327535,
      0.6786942750520009
    ],
    "p68_range": [
      0.6668078679327535,
      0.6786942750520009
    ],
    "p95": [
      0.6574795018493542,
      0.6834337543178814
    ],
    "p95_range": [
      0.6574795018493542,
      0.6834337543178814
    ],
    "std": 0.006177653285702498
  },
  "background2": {
    "best": 1.092229696323389,
    "index": 11,
    "integer": false,
    "label": "background2",
    "mean": 1.090099556985556,
    "median": 1.0907135749306456,
    "p68": [
      1.0794906566446432,
      1.1005498595787455
    ],
    "p68_range": [
      1.0794906566446432,
      1.1005498595787455
    ],
    "p95": [
      1.0656555570686534,
      1.1104851506222202
    ],
    "p95_range": [
      1.0656555570686534,
      1.1104851506222202
    ],
    "std": 0.011404984217873313
  },
  "frac_deut": {
    "best": 0.9140893154234165,
    "index": 1,
    "integer": false,
    "label": "frac_deut",
    "mean": 0.8725858798193,
    "median": 0.8972598836710517,
    "p68": [
      0.8035293296957362,
      0.9346662454708411
    ],
    "p68_range": [
      0.8035293296957362,
      0.9346662454708411
    ],
    "p95": [
      0.7192324560290593,
      0.9594674280524544
    ],
    "p95_range": [
      0.7192324560290593,
      0.9594674280524544
    ],
    "std": 0.06876964085072158
  },
  "l_lipid": {
    "best": 10.887651130795536,
    "index": 2,
    "integer": false,
    "label": "l_lipid",
    "mean": 10.339502262698048,
    "median": 10.397449368753813,
    "p68": [
      9.572296876388846,
      11.099443931196229
    ],
    "p68_range": [
      9.572296876388846,
      11.099443931196229
    ],
    "p95": [
      8.919944805257966,
      11.774510979963916
    ],
    "p95_range": [
      8.919944805257966,
      11.774510979963916
    ],
    "std": 0.7551645750743659
  },
  "scale0": {
    "best": 12.252105711487,
    "index": 5,
    "integer": false,
    "label": "scale0",
    "mean": 6.875411370055764,
    "median": 6.696355476598389,
    "p68": [
      1.9115889276853022,
      11.28310487984201
    ],
    "p68_range": [
      1.9115889276853022,
      11.28310487984201
    ],
    "p95": [
      1.0708737770935646,
      14.157174533960323
    ],
    "p95_range": [
      1.0708737770935646,
      14.157174533960323
    ],
    "std": 3.844136617234445
  },
  "scale1": {
    "best": 8.366594529423436,
    "index": 9,
    "integer": false,
    "label": "scale1",
    "mean": 6.0587348092734095,
    "median": 6.098876437314566,
    "p68": [
      4.037987152056996,
      8.366601746210614
    ],
    "p68_range": [
      4.037987152056996,
      8.366601746210614
    ],
    "p95": [
      1.77944648330254,
      9.566948109178627
    ],
    "p95_range": [
      1.77944648330254,
      9.566948109178627
    ],
    "std": 2.040704529103422
  },
  "scale2": {
    "best": 8.855817417446728,
    "index": 12,
    "integer": false,
    "label": "scale2",
    "mean": 5.771621776205855,
    "median": 5.931407769714308,
    "p68": [
      3.3587034264145066,
      8.208397922928997
    ],
    "p68_range": [
      3.3587034264145066,
      8.208397922928997
    ],
    "p95": [
      2.1333662404030362,
      9.504455074433926
    ],
    "p95_range": [
      2.1333662404030362,
      9.504455074433926
    ],
    "std": 2.0985875538113885
  },
  "sigma": {
    "best": 2.407841277878824,
    "index": 3,
    "integer": false,
    "label": "sigma",
    "mean": 2.681441162919783,
    "median": 2.8114880038135084,
    "p68": [
      2.292691017061712,
      2.959616527913174
    ],
    "p68_range": [
      2.292691017061712,
      2.959616527913174
    ],
    "p95": [
      2.030530492267471,
      2.992808148618871
    ],
    "p95_range": [
      2.030530492267471,
      2.992808148618871
    ],
    "std": 0.30390065209205985
  },
  "sld_solvent0": {
    "best": 6.354815185251284,
    "index": 6,
    "integer": false,
    "label": "sld_solvent0",
    "mean": 6.301142344722172,
    "median": 6.301574770025997,
    "p68": [
      6.221603148646804,
      6.378699474260142
    ],
    "p68_range": [
      6.221603148646804,
      6.378699474260142
    ],
    "p95": [
      6.202109699349524,
      6.3968289548615465
    ],
    "p95_range": [
      6.202109699349524,
      6.3968289548615465
    ],
    "std": 0.06486887353735137
  },
  "sld_solvent1": {
    "best": 1.8925517303350015,
    "index": 10,
    "integer": false,
    "label": "sld_solvent1",
    "mean": 1.8998753726634503,
    "median": 1.8419394765021382,
    "p68": [
      1.3557315547875064,
      2.474465576431454
    ],
    "p68_range": [
      1.3557315547875064,
      2.474465576431454
    ],
    "p95": [
      1.1061558339392943,
      2.8318366936109682
    ],
    "p95_range": [
      1.1061558339392943,
      2.8318366936109682
    ],
    "std": 0.4868122825684099
  },
  "sld_solvent2": {
    "best": -0.5500284687065672,
    "index": 13,
    "integer": false,
    "label": "sld_solvent2",
    "mean": -0.5490240275042526,
    "median": -0.5486612508021671,
    "p68": [
      -0.5575534670382473,
      -0.5412339022965245
    ],
    "p68_range": [
      -0.5575534670382473,
      -0.5412339022965245
    ],
    "p95": [
      -0.5596334912014159,
      -0.5401473180747607
    ],
    "p95_range": [
      -0.5596334912014159,
      -0.5401473180747607
    ],
    "std": 0.006962618718538198
  },
  "vf0": {
    "best": 0.015449892230008725,
    "index": 7,
    "integer": false,
    "label": "vf0",
    "mean": 0.034824205388878066,
    "median": 0.029404928768195334,
    "p68": [
      0.019380633584217526,
      0.05347234277506262
    ],
    "p68_range": [
      0.019380633584217526,
      0.05347234277506262
    ],
    "p95": [
      0.015412104928538435,
      0.09265237143692617
    ],
    "p95_range": [
      0.015412104928538435,
      0.09265237143692617
    ],
    "std": 0.01859148082045185
  }
}