{
  "background0": {
    "best": 0.06460994310122099,
    "index": 4,
    "integer": false,
    "label": "background0",
    "mean": 0.06456982369908895,
    "median": 0.0645267470082634,
    "p68": [
      0.06339581820312432,
      0.06593837084022024
    ],
    "p68_range": [
      0.06339581820312432,
      0.06593837084022024
    ],
    "p95": [
      0.06199009244250169,
      0.06691183073985747
    ],
    "p95_range": [
      0.06199009244250169,
      0.06691183073985747
    ],
    "std": 0.0012671945501258582
  },
  "background1": {
    "best": 0.6740832020398749,
    "index": 8,
    "integer": false,
    "label": "background1",
    "mean": 0.6734989804815308,
    "median": 0.6736985194843488,
    "p68": [
      0.6707342395546075,
      0.676107037901715
    ],
    "p68_range": [
      0.6707342395546075,
      0.676107037901715
    ],
    "p95": [
      0.6663083510452402,
      0.678489199757481
    ],
    "p95_range": [
      0.6663083510452402,
      0.678489199757481
    ],
    "std": 0.002862101856227278
  },
  "background2": {
    "best": 1.0932571728551344,
    "index": 11,
    "integer": false,
    "label": "background2",
    "mean": 1.0922321589093493,
    "median": 1.0926569204136496,
    "p68": [
      1.0885112145712663,
      1.0967277808709044
    ],
    "p68_range": [
      1.0885112145712663,
      1.0967277808709044
    ],
    "p95": [
      1.0791254347631574,
      1.100411104488949
    ],
    "p95_range": [
      1.0791254347631574,
      1.100411104488949
    ],
    "std": 0.004656649881872619
  },
  "frac_deut": {
    "best": 0.9182612838767983,
    "index": 1,
    "integer": false,
    "label": "frac_deut",
    "mean": 0.9017144155349354,
    "median": 0.9127644892287742,
    "p68": [
      0.8714100836507738,
      0.9352690567335741
    ],
    "p68_range": [
      0.8714100836507738,
      0.9352690567335741
    ],
    "p95": [
      0.7632429036141938,
      0.9582865486139022
    ],
    "p95_range": [
      0.7632429036141938,
      0.9582865486139022
    ],
    "std": 0.04140403969392202
  },
  "l_lipid": {
    "best": 10.646249890757602,
    "index": 2,
    "integer": false,
    "label": "l_lipid",
    "mean": 10.582176532638146,
    "median": 10.609962331951575,
    "p68": [
      10.125789853355926,
      11.076276686227844
    ],
    "p68_range": [
      10.125789853355926,
      11.076276686227844
    ],
    "p95": [
      9.15627871339303,
      11.519806652447796
    ],
    "p95_range": [
      9.15627871339303,
      11.519806652447796
    ],
    "std": 0.527823094856433
  },
  "scale0": {
    "best": 12.02154461951408,
    "index": 5,
    "integer": false,
    "label": "scale0",
    "mean": 8.555039269815843,
    "median": 8.839769864493316,
    "p68": [
      4.166096154810364,
      12.627454948625152
    ],
    "p68_range": [
      4.166096154810364,
      12.627454948625152
    ],
    "p95": [
      2.0032700398040237,
      14.612594374786351
    ],
    "p95_range": [
      2.0032700398040237,
      14.612594374786351
    ],
    "std": 3.621507477410947
  },
  "scale1": {
    "best": 8.15778083504185,
    "index": 9,
    "integer": false,
    "label": "scale1",
    "mean": 5.931863024741018,
    "median": 6.106751030060488,
    "p68": [
      3.4974128782114784,
      8.15779212960221
    ],
    "p68_range": [
      3.4974128782114784,
      8.15779212960221
    ],
    "p95": [
      1.6935567204652129,
      9.497564016700151
    ],
    "p95_range": [
      1.6935567204652129,
      9.497564016700151
    ],
    "std": 2.150395544874316
  },
  "scale2": {
    "best": 7.577728174467054,
    "index": 12,
    "integer": false,
    "label": "scale2",
    "mean": 5.823048641539057,
    "median": 5.89684635189338,
    "p68": [
      3.4112359681228175,
      7.9712576736989185
    ],
    "p68_range": [
      3.4112359681228175,
      7.9712576736989185
    ],
    "p95": [
      2.0590205959220356,
      9.106875189709323
    ],
    "p95_range": [
      2.0590205959220356,
      9.106875189709323
    ],
    "std": 1.986486995895133
  },
  "sigma": {
    "best": 2.950850190363735,
    "index": 3,
    "integer": false,
    "label": "sigma",
    "mean": 2.5954809300722266,
    "median": 2.7444713264217007,
    "p68": [
      2.0631624288091386,
      2.9777465520617343
    ],
    "p68_range": [
      2.0631624288091386,
      2.9777465520617343
    ],
    "p95": [
      2.0080148393612887,
      2.9977634863985947
    ],
    "p95_range": [
      2.0080148393612887,
      2.9977634863985947
    ],
    "std": 0.3797372690633688
  },
  "sld_solvent0": {
    "best": 6.3071933790089,
    "index": 6,
    "integer": false,
    "label": "sld_solvent0",
    "mean": 6.292764934620954,
    "median": 6.291057870366028,
    "p68": [
      6.219385615449446,
      6.368053465270826
    ],
    "p68_range": [
      6.219385615449446,
      6.368053465270826
    ],
    "p95": [
      6.204717141900614,
      6.394039739107227
    ],
    "p95_range": [
      6.204717141900614,
      6.394039739107227
    ],
    "std": 0.06058820485355288
  },
  "sld_solvent1": {
    "best": 2.0976253811458148,
    "index": 10,
    "integer": false,
    "label": "sld_solvent1",
    "mean": 1.9097783256074479,
    "median": 1.9372126279302908,
    "p68": [
      1.4468470824450936,
      2.3881817053374323
    ],
    "p68_range": [
      1.4468470824450936,
      2.3881817053374323
    ],
    "p95": [
      1.068181482321631,
      2.880433657335736
    ],
    "p95_range": [
      1.068181482321631,
      2.880433657335736
    ],
    "std": 0.44832686581039943
  },
  "sld_solvent2": {
    "best": -0.5401919740716143,
    "index": 13,
    "integer": false,
    "label": "sld_solvent2",
    "mean": -0.5490628927744465,
    "median": -0.5463124309521995,
    "p68": [
      -0.5587639751405823,
      -0.5412901481043215
    ],
    "p68_range": [
      -0.5587639751405823,
      -0.5412901481043215
    ],
    "p95": [
      -0.5597576335449425,
      -0.5400710972377498
    ],
    "p95_range": [
      -0.5597576335449425,
      -0.5400710972377498
    ],
    "std": 0.007271071066341483
  },
  "vf0": {
    "best": 0.018814079396056883,
    "index": 7,
    "integer": false,
    "label": "vf0",
    "mean": 0.030060993845579365,
    "median": 0.025061732143058138,
    "p68": [
      0.018126540423430117,
      0.04125880858587557
    ],
    "p68_range": [
      0.018126540423430117,
      0.04125880858587557
    ],
    "p95": [
      0.015081253702627846,
      0.07353071697435638
    ],
    "p95_range": [
      0.015081253702627846,
      0.07353071697435638
    ],
    "std": 0.01470968903534534
  }
}