{
  "background_0": {
    "best": -8.632625677962686,
    "index": 10,
    "integer": false,
    "label": "background_0",
    "mean": -7.237590149581572,
    "median": -7.232354127575293,
    "p68": [
      -8.298931112002352,
      -6.173331910323912
    ],
    "p68_range": [
      -8.298931112002352,
      -6.173331910323912
    ],
    "p95": [
      -8.921844097252958,
      -5.684234976332295
    ],
    "p95_range": [
      -8.921844097252958,
      -5.684234976332295
    ],
    "std": 0.9191310873401285
  },
  "global_rough": {
    "best": 3.605433095315256,
    "index": 8,
    "integer": false,
    "label": "global_rough",
    "mean": 3.461845811809962,
    "median": 3.4260464182447947,
    "p68": [
      2.4645976382598223,
      4.504643526649446
    ],
    "p68_range": [
      2.4645976382598223,
      4.504643526649446
    ],
    "p95": [
      2.055007579614799,
      4.7977384542272885
    ],
    "p95_range": [
      2.055007579614799,
      4.7977384542272885
    ],
    "std": 0.8551348939011147
  },
  "l_lipid1": {
    "best": 14.297979352004345,
    "index": 4,
    "integer": false,
    "label": "l_lipid1",
    "mean": 12.19561586137841,
    "median": 11.873920035595896,
    "p68": [
      10.658393884797086,
      14.00936906452564
    ],
    "p68_range": [
      10.658393884797086,
      14.00936906452564
    ],
    "p95": [
      10.107051504317138,
      14.876677122725308
    ],
    "p95_range": [
      10.107051504317138,
      14.876677122725308
    ],
    "std": 1.4133645491673903
  },
  "l_lipid2": {
    "best": 12.748657759456922,
    "index": 5,
    "integer": false,
    "label": "l_lipid2",
    "mean": 12.527553629441856,
    "median": 12.629541534282192,
    "p68": [
      10.922721791716652,
      14.128693689827825
    ],
    "p68_range": [
      10.922721791716652,
      14.128693689827825
    ],
    "p95": [
      10.16283074595803,
      14.580099552291092
    ],
    "p95_range": [
      10.16283074595803,
      14.580099552291092
    ],
    "std": 1.3699780675889162
  },
  "l_siox": {
    "best": 16.17641317408768,
    "index": 1,
    "integer": false,
    "label": "l_siox",
    "mean": 18.98576870501941,
    "median": 18.73639412064965,
    "p68": [
      14.937647843747875,
      23.26074728470399
    ],
    "p68_range": [
      14.937647843747875,
      23.26074728470399
    ],
    "p95": [
      11.907921276657579,
      26.681150851603817
    ],
    "p95_range": [
      11.907921276657579,
      26.681150851603817
    ],
    "std": 3.7241327277548364
  },
  "l_submembrane": {
    "best": 1.8706749222913066,
    "index": 3,
    "integer": false,
    "label": "l_submembrane",
    "mean": 4.581662466290809,
    "median": 4.125437598597408,
    "p68": [
      1.8706749222913066,
      7.713026177821556
    ],
    "p68_range": [
      1.8706749222913066,
      7.713026177821556
    ],
    "p95": [
      1.110708515033957,
      9.094600934551321
    ],
    "p95_range": [
      1.110708515033957,
      9.094600934551321
    ],
    "std": 2.425107303603229
  },
  "rho_siox": {
    "best": 3.719514238160782,
    "index": 2,
    "integer": false,
    "label": "rho_siox",
    "mean": 3.489457057437558,
    "median": 3.4565855389070412,
    "p68": [
      3.2910200761441892,
      3.703548952850402
    ],
    "p68_range": [
      3.2910200761441892,
      3.703548952850402
    ],
    "p95": [
      3.217843438681183,
      3.7825896099055414
    ],
    "p95_range": [
      3.217843438681183,
      3.7825896099055414
    ],
    "std": 0.17097864465669874
  },
  "rho_solv_0": {
    "best": -0.5569963502558886,
    "index": 7,
    "integer": false,
    "label": "rho_solv_0",
    "mean": -0.6616264597384203,
    "median": -0.6465847318320942,
    "p68": [
      -0.8045346208449642,
      -0.5013274262232585
    ],
    "p68_range": [
      -0.8045346208449642,
      -0.5013274262232585
    ],
    "p95": [
      -0.9885528884707591,
      -0.44618013055140215
    ],
    "p95_range": [
      -0.9885528884707591,
      -0.44618013055140215
    ],
    "std": 0.14346507133277478
  },
  "sigma": {
    "best": 3.7933489634369066,
    "index": 9,
    "integer": false,
    "label": "sigma",
    "mean": 3.4928037580233946,
    "median": 3.4873650857817324,
    "p68": [
      2.5756916752697645,
      4.419121945850955
    ],
    "p68_range": [
      2.5756916752697645,
      4.419121945850955
    ],
    "p95": [
      2.133085974956853,
      4.914173818355785
    ],
    "p95_range": [
      2.133085974956853,
      4.914173818355785
    ],
    "std": 0.7879987225133264
  },
  "vf_bilayer": {
    "best": 0.943908811336579,
    "index": 6,
    "integer": false,
    "label": "vf_bilayer",
    "mean": 0.9488714468492283,
    "median": 0.9474806996769175,
    "p68": [
      0.9137425253705169,
      0.9883107384421149
    ],
    "p68_range": [
      0.9137425253705169,
      0.9883107384421149
    ],
    "p95": [
      0.9014842410511387,
      0.9991546980941863
    ],
    "p95_range": [
      0.9014842410511387,
      0.9991546980941863
    ],
    "std": 0.03048359398049324
  }
}