{
  "background_0": {
    "best": -8.487360146543821,
    "index": 10,
    "integer": false,
    "label": "background_0",
    "mean": -7.764836354824693,
    "median": -7.855127501501806,
    "p68": [
      -8.529259786187865,
      -6.864526900931572
    ],
    "p68_range": [
      -8.529259786187865,
      -6.864526900931572
    ],
    "p95": [
      -8.977869200460473,
      -6.543518242795808
    ],
    "p95_range": [
      -8.977869200460473,
      -6.543518242795808
    ],
    "std": 0.7386578446657218
  },
  "global_rough": {
    "best": 4.858928501110087,
    "index": 8,
    "integer": false,
    "label": "global_rough",
    "mean": 4.737320411562377,
    "median": 4.839779847765335,
    "p68": [
      4.500227734347288,
      4.967703829013426
    ],
    "p68_range": [
      4.500227734347288,
      4.967703829013426
    ],
    "p95": [
      3.9336792082150938,
      4.993759943729069
    ],
    "p95_range": [
      3.9336792082150938,
      4.993759943729069
    ],
    "std": 0.2974236852954418
  },
  "l_lipid1": {
    "best": 12.321116317431652,
    "index": 4,
    "integer": false,
    "label": "l_lipid1",
    "mean": 12.712679579483714,
    "median": 12.803136214640759,
    "p68": [
      11.629410406883855,
      13.732677081656528
    ],
    "p68_range": [
      11.629410406883855,
      13.732677081656528
    ],
    "p95": [
      10.445785962104125,
      14.513877674058882
    ],
    "p95_range": [
      10.445785962104125,
      14.513877674058882
    ],
    "std": 1.0516708605187488
  },
  "l_lipid2": {
    "best": 11.06939041590559,
    "index": 5,
    "integer": false,
    "label": "l_lipid2",
    "mean": 10.89790940101497,
    "median": 10.786040647806763,
    "p68": [
      10.32539321273044,
      11.548853918248025
    ],
    "p68_range": [
      10.32539321273044,
      11.548853918248025
    ],
    "p95": [
      10.079489291895454,
      12.14128500228259
    ],
    "p95_range": [
      10.079489291895454,
      12.14128500228259
    ],
    "std": 0.5870872635515388
  },
  "l_siox": {
    "best": 23.67781757147531,
    "index": 1,
    "integer": false,
    "label": "l_siox",
    "mean": 22.94179040827915,
    "median": 23.209780364582503,
    "p68": [
      21.506359690115023,
      24.48675320608164
    ],
    "p68_range": [
      21.506359690115023,
      24.48675320608164
    ],
    "p95": [
      18.00711972582288,
      26.305011038901263
    ],
    "p95_range": [
      18.00711972582288,
      26.305011038901263
    ],
    "std": 1.94451980131553
  },
  "l_submembrane": {
    "best": 3.6557184019819733,
    "index": 3,
    "integer": false,
    "label": "l_submembrane",
    "mean": 4.522868766475623,
    "median": 4.601211508706604,
    "p68": [
      3.3901582621330384,
      5.430942054788639
    ],
    "p68_range": [
      3.3901582621330384,
      5.430942054788639
    ],
    "p95": [
      2.7678873316847135,
      6.5025852518484735
    ],
    "p95_range": [
      2.7678873316847135,
      6.5025852518484735
    ],
    "std": 1.0154979658134335
  },
  "rho_siox": {
    "best": 3.2058899892112396,
    "index": 2,
    "integer": false,
    "label": "rho_siox",
    "mean": 3.2893629290891044,
    "median": 3.257573597168445,
    "p68": [
      3.2093928573814345,
      3.360522776045188
    ],
    "p68_range": [
      3.2093928573814345,
      3.360522776045188
    ],
    "p95": [
      3.2023781868090455,
      3.562880267433706
    ],
    "p95_range": [
      3.2023781868090455,
      3.562880267433706
    ],
    "std": 0.10704077652780547
  },
  "rho_solv_0": {
    "best": -0.5398912680473619,
    "index": 7,
    "integer": false,
    "label": "rho_solv_0",
    "mean": -0.5341533213772621,
    "median": -0.5370413148728218,
    "p68": [
      -0.539397651670711,
      -0.5282579861424055
    ],
    "p68_range": [
      -0.539397651670711,
      -0.5282579861424055
    ],
    "p95": [
      -0.5398932637026248,
      -0.5106220522504239
    ],
    "p95_range": [
      -0.5398932637026248,
      -0.5106220522504239
    ],
    "std": 0.007134708232470034
  },
  "sigma": {
    "best": 2.637392136825104,
    "index": 9,
    "integer": false,
    "label": "sigma",
    "mean": 2.639122523597896,
    "median": 2.4466568769091905,
    "p68": [
      2.13328058415455,
      3.302867266338001
    ],
    "p68_range": [
      2.13328058415455,
      3.302867266338001
    ],
    "p95": [
      2.013337717163393,
      3.986150376491038
    ],
    "p95_range": [
      2.013337717163393,
      3.986150376491038
    ],
    "std": 0.596584777022798
  },
  "vf_bilayer": {
    "best": 0.9935747056495438,
    "index": 6,
    "integer": false,
    "label": "vf_bilayer",
    "mean": 0.9787568327467605,
    "median": 0.9840936615255873,
    "p68": [
      0.9561439015915716,
      0.996415370148324
    ],
    "p68_range": [
      0.9561439015915716,
      0.996415370148324
    ],
    "p95": [
      0.9174057394659217,
      0.9991686525910305
    ],
    "p95_range": [
      0.9174057394659217,
      0.9991686525910305
    ],
    "std": 0.01986746046265694
  }
}