{
  "background_0": {
    "best": -7.447145747445772,
    "index": 10,
    "integer": false,
    "label": "background_0",
    "mean": -7.939617495407458,
    "median": -8.026598701845122,
    "p68": [
      -8.706139631635622,
      -7.178434703091855
    ],
    "p68_range": [
      -8.706139631635622,
      -7.178434703091855
    ],
    "p95": [
      -8.962302414468157,
      -6.515410757381988
    ],
    "p95_range": [
      -8.962302414468157,
      -6.515410757381988
    ],
    "std": 0.6820064543064357
  },
  "global_rough": {
    "best": 2.40211165645386,
    "index": 8,
    "integer": false,
    "label": "global_rough",
    "mean": 2.656208308891576,
    "median": 2.5723474905039643,
    "p68": [
      2.1295371488988315,
      3.1330083688860593
    ],
    "p68_range": [
      2.1295371488988315,
      3.1330083688860593
    ],
    "p95": [
      2.0261342240830307,
      3.7859280880939856
    ],
    "p95_range": [
      2.0261342240830307,
      3.7859280880939856
    ],
    "std": 0.5110789460576554
  },
  "l_lipid1": {
    "best": 14.661112682416054,
    "index": 4,
    "integer": false,
    "label": "l_lipid1",
    "mean": 13.993653116655798,
    "median": 14.280015747973842,
    "p68": [
      13.07134271376034,
      14.814082637912499
    ],
    "p68_range": [
      13.07134271376034,
      14.814082637912499
    ],
    "p95": [
      11.3045857220006,
      14.970389607584584
    ],
    "p95_range": [
      11.3045857220006,
      14.970389607584584
    ],
    "std": 0.9514100362176002
  },
  "l_lipid2": {
    "best": 14.973986898516626,
    "index": 5,
    "integer": false,
    "label": "l_lipid2",
    "mean": 14.724936792533535,
    "median": 14.874332138478353,
    "p68": [
      14.482472743262706,
      14.957767851379138
    ],
    "p68_range": [
      14.482472743262706,
      14.957767851379138
    ],
    "p95": [
      13.784621363377552,
      14.981524392033485
    ],
    "p95_range": [
      13.784621363377552,
      14.981524392033485
    ],
    "std": 0.33411415856527005
  },
  "l_siox": {
    "best": 12.719019662394965,
    "index": 1,
    "integer": false,
    "label": "l_siox",
    "mean": 14.602224720305234,
    "median": 14.274950783642915,
    "p68": [
      13.337412422860325,
      15.995024455295571
    ],
    "p68_range": [
      13.337412422860325,
      15.995024455295571
    ],
    "p95": [
      12.439608851565145,
      18.293892996903526
    ],
    "p95_range": [
      12.439608851565145,
      18.293892996903526
    ],
    "std": 1.46272534516927
  },
  "l_submembrane": {
    "best": 1.401685791603089,
    "index": 3,
    "integer": false,
    "label": "l_submembrane",
    "mean": 1.688623513851761,
    "median": 1.4999618752072752,
    "p68": [
      1.1349620257923754,
      2.3198641084170286
    ],
    "p68_range": [
      1.1349620257923754,
      2.3198641084170286
    ],
    "p95": [
      1.0230198262672212,
      3.37886692992839
    ],
    "p95_range": [
      1.0230198262672212,
      3.37886692992839
    ],
    "std": 0.6487205254615167
  },
  "rho_siox": {
    "best": 3.7184493230804776,
    "index": 2,
    "integer": false,
    "label": "rho_siox",
    "mean": 3.5946198751337204,
    "median": 3.620486717262802,
    "p68": [
      3.4347840310125592,
      3.768423097121919
    ],
    "p68_range": [
      3.4347840310125592,
      3.768423097121919
    ],
    "p95": [
      3.2524634445096035,
      3.7964985206508266
    ],
    "p95_range": [
      3.2524634445096035,
      3.7964985206508266
    ],
    "std": 0.15298830507665467
  },
  "rho_solv_0": {
    "best": 0.0592726009969321,
    "index": 7,
    "integer": false,
    "label": "rho_solv_0",
    "mean": 0.055152927017594375,
    "median": 0.057537853003325916,
    "p68": [
      0.0522564023597532,
      0.05930202655593185
    ],
    "p68_range": [
      0.0522564023597532,
      0.05930202655593185
    ],
    "p95": [
      0.029524636881704844,
      0.059851048677160054
    ],
    "p95_range": [
      0.029524636881704844,
      0.059851048677160054
    ],
    "std": 0.007263607213862039
  },
  "sigma": {
    "best": 2.8321972457822957,
    "index": 9,
    "integer": false,
    "label": "sigma",
    "mean": 2.991127793889414,
    "median": 2.817428144137165,
    "p68": [
      2.3306478583509853,
      3.7577010709729786
    ],
    "p68_range": [
      2.3306478583509853,
      3.7577010709729786
    ],
    "p95": [
      2.0566816250333186,
      4.611649968080543
    ],
    "p95_range": [
      2.0566816250333186,
      4.611649968080543
    ],
    "std": 0.7002611353848246
  },
  "vf_bilayer": {
    "best": 0.9981368570743794,
    "index": 6,
    "integer": false,
    "label": "vf_bilayer",
    "mean": 0.9806219175649874,
    "median": 0.9871807505269898,
    "p68": [
      0.9629711758331139,
      0.9981368570743794
    ],
    "p68_range": [
      0.9629711758331139,
      0.9981368570743794
    ],
    "p95": [
      0.9267143422930912,
      0.9993814318394824
    ],
    "p95_range": [
      0.9267143422930912,
      0.9993814318394824
    ],
    "std": 0.01945975064466754
  }
}