{
  "background_0": {
    "best": -8.33776828053513,
    "index": 10,
    "integer": false,
    "label": "background_0",
    "mean": -6.909093339297987,
    "median": -6.931443659669007,
    "p68": [
      -8.024644270329848,
      -5.61833470571445
    ],
    "p68_range": [
      -8.024644270329848,
      -5.61833470571445
    ],
    "p95": [
      -8.884306518944214,
      -5.09035766882756
    ],
    "p95_range": [
      -8.884306518944214,
      -5.09035766882756
    ],
    "std": 1.0762761525930857
  },
  "global_rough": {
    "best": 4.738709913584616,
    "index": 8,
    "integer": false,
    "label": "global_rough",
    "mean": 3.4482651880181994,
    "median": 3.353758842424432,
    "p68": [
      2.4611694609248014,
      4.509636222275254
    ],
    "p68_range": [
      2.4611694609248014,
      4.509636222275254
    ],
    "p95": [
      2.035911628657361,
      4.932161134425823
    ],
    "p95_range": [
      2.035911628657361,
      4.932161134425823
    ],
    "std": 0.8725181130117743
  },
  "l_lipid1": {
    "best": 12.287486591519277,
    "index": 4,
    "integer": false,
    "label": "l_lipid1",
    "mean": 12.26897684300097,
    "median": 12.14907587212038,
    "p68": [
      10.654617337159758,
      13.884467322696427
    ],
    "p68_range": [
      10.654617337159758,
      13.884467322696427
    ],
    "p95": [
      10.117922640225785,
      14.82050970135996
    ],
    "p95_range": [
      10.117922640225785,
      14.82050970135996
    ],
    "std": 1.4049521217401855
  },
  "l_lipid2": {
    "best": 13.302421101294959,
    "index": 5,
    "integer": false,
    "label": "l_lipid2",
    "mean": 12.563179268492307,
    "median": 12.665849223057078,
    "p68": [
      10.821372174507804,
      14.294639583170705
    ],
    "p68_range": [
      10.821372174507804,
      14.294639583170705
    ],
    "p95": [
      10.150117251630475,
      14.88573094975267
    ],
    "p95_range": [
      10.150117251630475,
      14.88573094975267
    ],
    "std": 1.4745635066075986
  },
  "l_siox": {
    "best": 23.825113543777945,
    "index": 1,
    "integer": false,
    "label": "l_siox",
    "mean": 19.605105870917594,
    "median": 19.041452080222033,
    "p68": [
      13.062130810630698,
      26.80696652182359
    ],
    "p68_range": [
      13.062130810630698,
      26.80696652182359
    ],
    "p95": [
      10.405278576747115,
      29.34222311006501
    ],
    "p95_range": [
      10.405278576747115,
      29.34222311006501
    ],
    "std": 5.7549885066260815
  },
  "l_submembrane": {
    "best": 8.215633948707929,
    "index": 3,
    "integer": false,
    "label": "l_submembrane",
    "mean": 6.04006586852047,
    "median": 6.1513659969,
    "p68": [
      3.0753667335596493,
      8.897540463746646
    ],
    "p68_range": [
      3.0753667335596493,
      8.897540463746646
    ],
    "p95": [
      1.2430030052561856,
      9.820443321520017
    ],
    "p95_range": [
      1.2430030052561856,
      9.820443321520017
    ],
    "std": 2.548710204116175
  },
  "rho_siox": {
    "best": 3.71654764951794,
    "index": 2,
    "integer": false,
    "label": "rho_siox",
    "mean": 3.5174571547502556,
    "median": 3.528534651114878,
    "p68": [
      3.3157726396110783,
      3.7280400394107907
    ],
    "p68_range": [
      3.3157726396110783,
      3.7280400394107907
    ],
    "p95": [
      3.2179165068411923,
      3.7853693630152683
    ],
    "p95_range": [
      3.2179165068411923,
      3.7853693630152683
    ],
    "std": 0.1740850190014039
  },
  "rho_solv_0": {
    "best": -0.7639985875094141,
    "index": 7,
    "integer": false,
    "label": "rho_solv_0",
    "mean": -0.7403103473656012,
    "median": -0.7512252722696818,
    "p68": [
      -0.9406037965814014,
      -0.5214781304320985
    ],
    "p68_range": [
      -0.9406037965814014,
      -0.5214781304320985
    ],
    "p95": [
      -1.0280078818294134,
      -0.45698523477724695
    ],
    "p95_range": [
      -1.0280078818294134,
      -0.45698523477724695
    ],
    "std": 0.1758613555137922
  },
  "sigma": {
    "best": 3.221039339970956,
    "index": 9,
    "integer": false,
    "label": "sigma",
    "mean": 3.3044522749491483,
    "median": 3.267793894735552,
    "p68": [
      2.390202058255014,
      4.294352757854835
    ],
    "p68_range": [
      2.390202058255014,
      4.294352757854835
    ],
    "p95": [
      2.0707873119441795,
      4.826181896598104
    ],
    "p95_range": [
      2.0707873119441795,
      4.826181896598104
    ],
    "std": 0.8181941823065271
  },
  "vf_bilayer": {
    "best": 0.9433128687658934,
    "index": 6,
    "integer": false,
    "label": "vf_bilayer",
    "mean": 0.9465560671134237,
    "median": 0.9441892100449027,
    "p68": [
      0.9154511610746956,
      0.978311208488741
    ],
    "p68_range": [
      0.9154511610746956,
      0.978311208488741
    ],
    "p95": [
      0.9011985092474012,
      0.9978949847562106
    ],
    "p95_range": [
      0.9011985092474012,
      0.9978949847562106
    ],
    "std": 0.02868930085580845
  }
}