{
  "background_0": {
    "best": -6.813412826286263,
    "index": 10,
    "integer": false,
    "label": "background_0",
    "mean": -7.307657888197838,
    "median": -7.208947636825319,
    "p68": [
      -8.114030725328291,
      -6.518604755109091
    ],
    "p68_range": [
      -8.114030725328291,
      -6.518604755109091
    ],
    "p95": [
      -8.862444131886752,
      -6.029012088140128
    ],
    "p95_range": [
      -8.862444131886752,
      -6.029012088140128
    ],
    "std": 0.8057064077657803
  },
  "global_rough": {
    "best": 4.164328079003385,
    "index": 8,
    "integer": false,
    "label": "global_rough",
    "mean": 3.538493750449283,
    "median": 3.506097134694948,
    "p68": [
      2.5561772029837013,
      4.5435105574392
    ],
    "p68_range": [
      2.5561772029837013,
      4.5435105574392
    ],
    "p95": [
      2.1934835153870518,
      4.942090617763517
    ],
    "p95_range": [
      2.1934835153870518,
      4.942090617763517
    ],
    "std": 0.8227816936205288
  },
  "l_lipid1": {
    "best": 13.320486039671723,
    "index": 4,
    "integer": false,
    "label": "l_lipid1",
    "mean": 12.144921012027407,
    "median": 11.916108955640583,
    "p68": [
      10.685003551713422,
      13.605973639386864
    ],
    "p68_range": [
      10.685003551713422,
      13.605973639386864
    ],
    "p95": [
      10.063598974353981,
      14.354235645902133
    ],
    "p95_range": [
      10.063598974353981,
      14.354235645902133
    ],
    "std": 1.304644479635427
  },
  "l_lipid2": {
    "best": 12.844032003375734,
    "index": 5,
    "integer": false,
    "label": "l_lipid2",
    "mean": 12.240118297387937,
    "median": 12.016081654482251,
    "p68": [
      10.802709216244649,
      13.896194468649403
    ],
    "p68_range": [
      10.802709216244649,
      13.896194468649403
    ],
    "p95": [
      10.158435170554604,
      14.812560795867768
    ],
    "p95_range": [
      10.158435170554604,
      14.812560795867768
    ],
    "std": 1.358637025945053
  },
  "l_siox": {
    "best": 17.060378397307375,
    "index": 1,
    "integer": false,
    "label": "l_siox",
    "mean": 18.812878744563882,
    "median": 18.908088675899563,
    "p68": [
      14.669843105299758,
      22.94805921619396
    ],
    "p68_range": [
      14.669843105299758,
      22.94805921619396
    ],
    "p95": [
      12.221620437907777,
      26.133703349921703
    ],
    "p95_range": [
      12.221620437907777,
      26.133703349921703
    ],
    "std": 3.8358521855223984
  },
  "l_submembrane": {
    "best": 1.7169702424189266,
    "index": 3,
    "integer": false,
    "label": "l_submembrane",
    "mean": 4.922417412972212,
    "median": 4.922448841259775,
    "p68": [
      2.299097052487806,
      7.436644289466274
    ],
    "p68_range": [
      2.299097052487806,
      7.436644289466274
    ],
    "p95": [
      1.2608044777970853,
      9.256267858126256
    ],
    "p95_range": [
      1.2608044777970853,
      9.256267858126256
    ],
    "std": 2.3002623693901603
  },
  "rho_siox": {
    "best": 3.614139742072387,
    "index": 2,
    "integer": false,
    "label": "rho_siox",
    "mean": 3.479935613366412,
    "median": 3.443545018562981,
    "p68": [
      3.2724929239231204,
      3.6973722036481247
    ],
    "p68_range": [
      3.2724929239231204,
      3.6973722036481247
    ],
    "p95": [
      3.222789775151429,
      3.7902287357481987
    ],
    "p95_range": [
      3.222789775151429,
      3.7902287357481987
    ],
    "std": 0.17724338111155866
  },
  "rho_solv_0": {
    "best": -0.49266665949623567,
    "index": 7,
    "integer": false,
    "label": "rho_solv_0",
    "mean": -0.65050706694535,
    "median": -0.6343554602064384,
    "p68": [
      -0.8059742004722941,
      -0.48828157780505876
    ],
    "p68_range": [
      -0.8059742004722941,
      -0.48828157780505876
    ],
    "p95": [
      -0.99783778357946,
      -0.4537468123081545
    ],
    "p95_range": [
      -0.99783778357946,
      -0.4537468123081545
    ],
    "std": 0.1511640871886445
  },
  "sigma": {
    "best": 2.3333376708651974,
    "index": 9,
    "integer": false,
    "label": "sigma",
    "mean": 3.4393117271348252,
    "median": 3.3171929859750753,
    "p68": [
      2.359013077560716,
      4.70310866508576
    ],
    "p68_range": [
      2.359013077560716,
      4.70310866508576
    ],
    "p95": [
      2.0693795844840803,
      4.944698763896572
    ],
    "p95_range": [
      2.0693795844840803,
      4.944698763896572
    ],
    "std": 0.9312723265136463
  },
  "vf_bilayer": {
    "best": 0.9991974847326317,
    "index": 6,
    "integer": false,
    "label": "vf_bilayer",
    "mean": 0.9481784733625597,
    "median": 0.9464598143513272,
    "p68": [
      0.9141786949342491,
      0.9832101181637187
    ],
    "p68_range": [
      0.9141786949342491,
      0.9832101181637187
    ],
    "p95": [
      0.9019019894646703,
      0.9972639183401324
    ],
    "p95_range": [
      0.9019019894646703,
      0.9972639183401324
    ],
    "std": 0.02878957999642696
  }
}