{
  "background0": {
    "best": 0.15900516207506538,
    "index": 1,
    "integer": false,
    "label": "background0",
    "mean": 0.15899709045605606,
    "median": 0.15900041917702296,
    "p68": [
      0.1589273301011839,
      0.15906201043678322
    ],
    "p68_range": [
      0.1589273301011839,
      0.15906201043678322
    ],
    "p95": [
      0.15888389984060441,
      0.15913391111311612
    ],
    "p95_range": [
      0.15888389984060441,
      0.15913391111311612
    ],
    "std": 6.552949334582647e-05
  },
  "background1": {
    "best": 0.29549252299876255,
    "index": 7,
    "integer": false,
    "label": "background1",
    "mean": 0.2955418807643856,
    "median": 0.29553813879333646,
    "p68": [
      0.29544762259836876,
      0.2956304329018458
    ],
    "p68_range": [
      0.29544762259836876,
      0.2956304329018458
    ],
    "p95": [
      0.2953548144440297,
      0.29572297100768663
    ],
    "p95_range": [
      0.2953548144440297,
      0.29572297100768663
    ],
    "std": 9.256683827087765e-05
  },
  "radius": {
    "best": 59.96417882136594,
    "index": 2,
    "integer": false,
    "label": "radius",
    "mean": 62.858828301357335,
    "median": 62.44361936474032,
    "p68": [
      59.461364890409584,
      66.74161993561654
    ],
    "p68_range": [
      59.461364890409584,
      66.74161993561654
    ],
    "p95": [
      58.383662332661814,
      71.00507999819585
    ],
    "p95_range": [
      58.383662332661814,
      71.00507999819585
    ],
    "std": 3.2666318247154744
  },
  "radius_pd": {
    "best": 0.49909238598091293,
    "index": 3,
    "integer": false,
    "label": "radius_pd",
    "mean": 0.45886801876120864,
    "median": 0.46243701673896814,
    "p68": [
      0.41255183726046246,
      0.495715735644188
    ],
    "p68_range": [
      0.41255183726046246,
      0.495715735644188
    ],
    "p95": [
      0.3614044865390211,
      0.49900617889851107
    ],
    "p95_range": [
      0.3614044865390211,
      0.49900617889851107
    ],
    "std": 0.03756369220466826
  },
  "scale": {
    "best": 0.001414384953362891,
    "index": 4,
    "integer": false,
    "label": "scale",
    "mean": 0.0027696402610978632,
    "median": 0.002326606110549456,
    "p68": [
      0.001345699839129996,
      0.004659274149696473
    ],
    "p68_range": [
      0.001345699839129996,
      0.004659274149696473
    ],
    "p95": [
      0.0010832684114543238,
      0.005840055102468211
    ],
    "p95_range": [
      0.0010832684114543238,
      0.005840055102468211
    ],
    "std": 0.0014240003799589817
  },
  "sld": {
    "best": 2.452268313461958,
    "index": 5,
    "integer": false,
    "label": "sld",
    "mean": 2.935520159476197,
    "median": 2.9715847427651463,
    "p68": [
      2.2240779608609387,
      3.5920348341200485
    ],
    "p68_range": [
      2.2240779608609387,
      3.5920348341200485
    ],
    "p95": [
      2.0265225857657256,
      3.930713049050241
    ],
    "p95_range": [
      2.0265225857657256,
      3.930713049050241
    ],
    "std": 0.5968901224514728
  },
  "sld_solvent0": {
    "best": 3.64854558852008,
    "index": 6,
    "integer": false,
    "label": "sld_solvent0",
    "mean": 3.0872266984125525,
    "median": 3.1433103708795236,
    "p68": [
      1.7384813245763833,
      4.171526395637262
    ],
    "p68_range": [
      1.7384813245763833,
      4.171526395637262
    ],
    "p95": [
      1.135496653949693,
      4.993775167236737
    ],
    "p95_range": [
      1.135496653949693,
      4.993775167236737
    ],
    "std": 1.0621214788644984
  },
  "sld_solvent1": {
    "best": 2.7046221476899186,
    "index": 8,
    "integer": false,
    "label": "sld_solvent1",
    "mean": 2.908897211214738,
    "median": 2.835614664805646,
    "p68": [
      2.1687026454966825,
      3.6189394565709834
    ],
    "p68_range": [
      2.1687026454966825,
      3.6189394565709834
    ],
    "p95": [
      1.8186096296052536,
      4.092305297040819
    ],
    "p95_range": [
      1.8186096296052536,
      4.092305297040819
    ],
    "std": 0.6451757102461834
  }
}