{
  "background ch060": {
    "best": 4.918431646058396e-06,
    "index": 13,
    "integer": false,
    "label": "background ch060",
    "mean": 4.813898136538544e-06,
    "median": 4.963921457677186e-06,
    "p68": [
      3.2974268841493917e-06,
      6.149789336636568e-06
    ],
    "p68_range": [
      3.2974268841493917e-06,
      6.149789336636568e-06
    ],
    "p95": [
      1.8302958759890364e-06,
      7.23136828227095e-06
    ],
    "p95_range": [
      1.8302958759890364e-06,
      7.23136828227095e-06
    ],
    "std": 1.4242923491309453e-06
  },
  "background ch061": {
    "best": 8.185728644185798e-07,
    "index": 1,
    "integer": false,
    "label": "background ch061",
    "mean": 9.785021198673664e-07,
    "median": 9.939125063928534e-07,
    "p68": [
      3.153596510647324e-07,
      1.610607490681046e-06
    ],
    "p68_range": [
      3.153596510647324e-07,
      1.610607490681046e-06
    ],
    "p95": [
      1.1000859011501462e-08,
      2.2456272694449797e-06
    ],
    "p95_range": [
      1.1000859011501462e-08,
      2.2456272694449797e-06
    ],
    "std": 6.025765753053336e-07
  },
  "d2o interface": {
    "best": 5.858413707669291,
    "index": 6,
    "integer": false,
    "label": "d2o interface",
    "mean": 6.902922841884752,
    "median": 6.888633920020472,
    "p68": [
      2.968749885422193,
      10.112306419588151
    ],
    "p68_range": [
      2.968749885422193,
      10.112306419588151
    ],
    "p95": [
      0.7974453848368218,
      13.097118265817835
    ],
    "p95_range": [
      0.7974453848368218,
      13.097118265817835
    ],
    "std": 3.2077046884038882
  },
  "d2o rho": {
    "best": 6.034721031180702,
    "index": 4,
    "integer": false,
    "label": "d2o rho",
    "mean": 6.0848165827862655,
    "median": 6.088456891417644,
    "p68": [
      6.016409516413936,
      6.154192440942564
    ],
    "p68_range": [
      6.016409516413936,
      6.154192440942564
    ],
    "p95": [
      5.951419375281343,
      6.187732700433754
    ],
    "p95_range": [
      5.951419375281343,
      6.187732700433754
    ],
    "std": 0.06680919136580592
  },
  "d2o thickness": {
    "best": 10.59931100939314,
    "index": 7,
    "integer": false,
    "label": "d2o thickness",
    "mean": 14.513464215717619,
    "median": 13.868296172968213,
    "p68": [
      11.23583971782518,
      17.358068620743552
    ],
    "p68_range": [
      11.23583971782518,
      17.358068620743552
    ],
    "p95": [
      9.539761987793765,
      24.268575138389885
    ],
    "p95_range": [
      9.539761987793765,
      24.268575138389885
    ],
    "std": 3.5385024256156683
  },
  "h2o rho": {
    "best": -0.4849335525896249,
    "index": 14,
    "integer": false,
    "label": "h2o rho",
    "mean": -0.11793716763861448,
    "median": -0.14938683344066675,
    "p68": [
      -0.46043769144235513,
      0.24254964231710346
    ],
    "p68_range": [
      -0.46043769144235513,
      0.24254964231710346
    ],
    "p95": [
      -0.5690633020870285,
      0.4605881517252057
    ],
    "p95_range": [
      -0.5690633020870285,
      0.4605881517252057
    ],
    "std": 0.298675260025403
  },
  "ihg + buffer interface": {
    "best": 5.1175720092670405,
    "index": 3,
    "integer": false,
    "label": "ihg + buffer interface",
    "mean": 4.131459609328887,
    "median": 4.192161340565852,
    "p68": [
      1.5649498476817272,
      6.305601669498715
    ],
    "p68_range": [
      1.5649498476817272,
      6.305601669498715
    ],
    "p95": [
      0.3686625363401426,
      7.7215894641290665
    ],
    "p95_range": [
      0.3686625363401426,
      7.7215894641290665
    ],
    "std": 2.0499117863064518
  },
  "intensity ch061": {
    "best": 1.0045329282064697,
    "index": 2,
    "integer": false,
    "label": "intensity ch061",
    "mean": 1.0018661963874733,
    "median": 1.0034429314352504,
    "p68": [
      0.9685315081142151,
      1.0336164112303063
    ],
    "p68_range": [
      0.9685315081142151,
      1.0336164112303063
    ],
    "p95": [
      0.9515795148923863,
      1.0459410773912632
    ],
    "p95_range": [
      0.9515795148923863,
      1.0459410773912632
    ],
    "std": 0.02774186466586586
  },
  "siox interface": {
    "best": 5.773343648386787,
    "index": 8,
    "integer": false,
    "label": "siox interface",
    "mean": 9.49088390181401,
    "median": 9.6272389663513,
    "p68": [
      5.547551111406006,
      13.574572320548482
    ],
    "p68_range": [
      5.547551111406006,
      13.574572320548482
    ],
    "p95": [
      1.7770354604641605,
      14.860808051143069
    ],
    "p95_range": [
      1.7770354604641605,
      14.860808051143069
    ],
    "std": 3.579087189776796
  },
  "siox rho": {
    "best": 3.115985776146815,
    "index": 11,
    "integer": false,
    "label": "siox rho",
    "mean": 3.7275146776544337,
    "median": 3.6136947170204032,
    "p68": [
      3.220884559687547,
      4.253955549238081
    ],
    "p68_range": [
      3.220884559687547,
      4.253955549238081
    ],
    "p95": [
      3.1361163450764225,
      4.9074881472666805
    ],
    "p95_range": [
      3.1361163450764225,
      4.9074881472666805
    ],
    "std": 0.5058650893281135
  },
  "siox thickness": {
    "best": 16.82483147650917,
    "index": 12,
    "integer": false,
    "label": "siox thickness",
    "mean": 13.56512078335967,
    "median": 10.924899172777154,
    "p68": [
      6.427199100739153,
      20.44537381088726
    ],
    "p68_range": [
      6.427199100739153,
      20.44537381088726
    ],
    "p95": [
      5.291635795604117,
      38.13591997574458
    ],
    "p95_range": [
      5.291635795604117,
      38.13591997574458
    ],
    "std": 8.414478908348764
  },
  "tails + buffer thickness": {
    "best": 31.53904402094257,
    "index": 5,
    "integer": false,
    "label": "tails + buffer thickness",
    "mean": 27.23636505637661,
    "median": 27.14944401348976,
    "p68": [
      23.558977031460394,
      31.14198487240595
    ],
    "p68_range": [
      23.558977031460394,
      31.14198487240595
    ],
    "p95": [
      20.949951265716106,
      33.21979333099024
    ],
    "p95_range": [
      20.949951265716106,
      33.21979333099024
    ],
    "std": 3.356696504960346
  },
  "tiox rho": {
    "best": 2.232533036008702,
    "index": 9,
    "integer": false,
    "label": "tiox rho",
    "mean": 2.295499541301386,
    "median": 2.3214824604270285,
    "p68": [
      2.224287366728591,
      2.444014702708086
    ],
    "p68_range": [
      2.224287366728591,
      2.444014702708086
    ],
    "p95": [
      1.7449198468244211,
      2.5278808630503993
    ],
    "p95_range": [
      1.7449198468244211,
      2.5278808630503993
    ],
    "std": 0.18233864925982973
  },
  "tiox thickness": {
    "best": 129.3790608883869,
    "index": 10,
    "integer": false,
    "label": "tiox thickness",
    "mean": 131.52311795706538,
    "median": 133.38193389965465,
    "p68": [
      123.27328286898484,
      139.2692405154497
    ],
    "p68_range": [
      123.27328286898484,
      139.2692405154497
    ],
    "p95": [
      88.35205342729601,
      155.3682654142494
    ],
    "p95_range": [
      88.35205342729601,
      155.3682654142494
    ],
    "std": 15.306189503049573
  },
  "volume fraction bilayer": {
    "best": 0.925425271815179,
    "index": 16,
    "integer": false,
    "label": "volume fraction bilayer",
    "mean": 0.911871235348014,
    "median": 0.9208922550999903,
    "p68": [
      0.8677047842815021,
      0.9686080955420986
    ],
    "p68_range": [
      0.8677047842815021,
      0.9686080955420986
    ],
    "p95": [
      0.7048032711142099,
      0.9914154888268297
    ],
    "p95_range": [
      0.7048032711142099,
      0.9914154888268297
    ],
    "std": 0.06322955316807033
  },
  "volume fraction inner headgroups": {
    "best": 0.17393513643417866,
    "index": 17,
    "integer": false,
    "label": "volume fraction inner headgroups",