{
  "background0": {
    "best": 0.15897223942239888,
    "index": 1,
    "integer": false,
    "label": "background0",
    "mean": 0.15899648154275026,
    "median": 0.1589976043761586,
    "p68": [
      0.158938201925027,
      0.15905694337709156
    ],
    "p68_range": [
      0.158938201925027,
      0.15905694337709156
    ],
    "p95": [
      0.15887548514240057,
      0.15910768648798035
    ],
    "p95_range": [
      0.15887548514240057,
      0.15910768648798035
    ],
    "std": 6.882927195676299e-05
  },
  "background1": {
    "best": 0.29557848161006484,
    "index": 7,
    "integer": false,
    "label": "background1",
    "mean": 0.2955440214845099,
    "median": 0.29554925861970643,
    "p68": [
      0.2954439427404198,
      0.29561199767245633
    ],
    "p68_range": [
      0.2954439427404198,
      0.29561199767245633
    ],
    "p95": [
      0.2953536092392016,
      0.29571410285286853
    ],
    "p95_range": [
      0.2953536092392016,
      0.29571410285286853
    ],
    "std": 9.65647789621225e-05
  },
  "radius": {
    "best": 59.84186754255464,
    "index": 2,
    "integer": false,
    "label": "radius",
    "mean": 61.73878512567379,
    "median": 60.840650140300546,
    "p68": [
      59.71635914495775,
      64.03618490798542
    ],
    "p68_range": [
      59.71635914495775,
      64.03618490798542
    ],
    "p95": [
      58.843568200651205,
      68.97798813289953
    ],
    "p95_range": [
      58.843568200651205,
      68.97798813289953
    ],
    "std": 2.49257923494532
  },
  "radius_pd": {
    "best": 0.4973702740426845,
    "index": 3,
    "integer": false,
    "label": "radius_pd",
    "mean": 0.4721900210136718,
    "median": 0.4849858203241419,
    "p68": [
      0.43906148251636673,
      0.4969046801453812
    ],
    "p68_range": [
      0.43906148251636673,
      0.4969046801453812
    ],
    "p95": [
      0.3855220774782553,
      0.4999083724670095
    ],
    "p95_range": [
      0.3855220774782553,
      0.4999083724670095
    ],
    "std": 0.029668486907060677
  },
  "scale": {
    "best": 0.0012760872654728913,
    "index": 4,
    "integer": false,
    "label": "scale",
    "mean": 0.002644658293720954,
    "median": 0.002177001577939135,
    "p68": [
      0.0013431612855742796,
      0.004441327051932353
    ],
    "p68_range": [
      0.0013431612855742796,
      0.004441327051932353
    ],
    "p95": [
      0.0010253838090332264,
      0.00537571437438744
    ],
    "p95_range": [
      0.0010253838090332264,
      0.00537571437438744
    ],
    "std": 0.0013679311037081141
  },
  "sld": {
    "best": 3.188073191285574,
    "index": 5,
    "integer": false,
    "label": "sld",
    "mean": 3.0978207309601595,
    "median": 3.165360155530154,
    "p68": [
      2.4340365221807843,
      3.7293662843544824
    ],
    "p68_range": [
      2.4340365221807843,
      3.7293662843544824
    ],
    "p95": [
      2.045453928501056,
      3.8900223066487025
    ],
    "p95_range": [
      2.045453928501056,
      3.8900223066487025
    ],
    "std": 0.5358741005580993
  },
  "sld_solvent0": {
    "best": 4.4459742809971114,
    "index": 6,
    "integer": false,
    "label": "sld_solvent0",
    "mean": 3.1971406421791473,
    "median": 3.1395554423793572,
    "p68": [
      1.9900587216229804,
      4.493316126370582
    ],
    "p68_range": [
      1.9900587216229804,
      4.493316126370582
    ],
    "p95": [
      1.0937161318380781,
      4.94354702141398
    ],
    "p95_range": [
      1.0937161318380781,
      4.94354702141398
    ],
    "std": 1.0777114777573462
  },
  "sld_solvent1": {
    "best": 2.9276840411043974,
    "index": 8,
    "integer": false,
    "label": "sld_solvent1",
    "mean": 3.1211108839979276,
    "median": 3.2582724704408106,
    "p68": [
      2.3748276542685685,
      3.7415467176350394
    ],
    "p68_range": [
      2.3748276542685685,
      3.7415467176350394
    ],
    "p95": [
      2.032624475986667,
      4.035935318680722
    ],
    "p95_range": [
      2.032624475986667,
      4.035935318680722
    ],
    "std": 0.5704212427379222
  }
}