{
  "background_0": {
    "best": -8.446327582854327,
    "index": 10,
    "integer": false,
    "label": "background_0",
    "mean": -8.260972464492992,
    "median": -8.304120613287552,
    "p68": [
      -8.778866484422958,
      -7.733643972801659
    ],
    "p68_range": [
      -8.778866484422958,
      -7.733643972801659
    ],
    "p95": [
      -8.959447732777308,
      -7.332211022767758
    ],
    "p95_range": [
      -8.959447732777308,
      -7.332211022767758
    ],
    "std": 0.4650198067775841
  },
  "global_rough": {
    "best": 2.0245883463998204,
    "index": 8,
    "integer": false,
    "label": "global_rough",
    "mean": 3.359367380133542,
    "median": 3.364188406372975,
    "p68": [
      2.5279594886015944,
      4.1716378843647615
    ],
    "p68_range": [
      2.5279594886015944,
      4.1716378843647615
    ],
    "p95": [
      2.1086118031160734,
      4.75470482257553
    ],
    "p95_range": [
      2.1086118031160734,
      4.75470482257553
    ],
    "std": 0.7324182088155077
  },
  "l_lipid1": {
    "best": 10.117687219292339,
    "index": 4,
    "integer": false,
    "label": "l_lipid1",
    "mean": 11.600198604459058,
    "median": 11.460593813471714,
    "p68": [
      10.335834603399192,
      12.8928051419536
    ],
    "p68_range": [
      10.335834603399192,
      12.8928051419536
    ],
    "p95": [
      10.033167397300822,
      13.911942767848773
    ],
    "p95_range": [
      10.033167397300822,
      13.911942767848773
    ],
    "std": 1.1447575078657435
  },
  "l_lipid2": {
    "best": 14.572662239053583,
    "index": 5,
    "integer": false,
    "label": "l_lipid2",
    "mean": 12.7482427351949,
    "median": 12.876536446613079,
    "p68": [
      11.395393521854817,
      13.981999729224484
    ],
    "p68_range": [
      11.395393521854817,
      13.981999729224484
    ],
    "p95": [
      10.168186898960027,
      14.7205695768989
    ],
    "p95_range": [
      10.168186898960027,
      14.7205695768989
    ],
    "std": 1.2018753751891427
  },
  "l_siox": {
    "best": 17.04935651675545,
    "index": 1,
    "integer": false,
    "label": "l_siox",
    "mean": 16.524478359531912,
    "median": 16.677160597101732,
    "p68": [
      14.84585699198708,
      18.072146213150837
    ],
    "p68_range": [
      14.84585699198708,
      18.072146213150837
    ],
    "p95": [
      13.570316707911644,
      19.278781408750454
    ],
    "p95_range": [
      13.570316707911644,
      19.278781408750454
    ],
    "std": 1.502471939743881
  },
  "l_submembrane": {
    "best": 2.473176002434978,
    "index": 3,
    "integer": false,
    "label": "l_submembrane",
    "mean": 2.882099926565036,
    "median": 2.66207809394706,
    "p68": [
      1.426183926948759,
      4.489744423541026
    ],
    "p68_range": [
      1.426183926948759,
      4.489744423541026
    ],
    "p95": [
      1.049174292805048,
      5.898309373865097
    ],
    "p95_range": [
      1.049174292805048,
      5.898309373865097
    ],
    "std": 1.4131068037055257
  },
  "rho_siox": {
    "best": 3.592305778476668,
    "index": 2,
    "integer": false,
    "label": "rho_siox",
    "mean": 3.67060624854327,
    "median": 3.6820024785629313,
    "p68": [
      3.577896452150058,
      3.7658087649824474
    ],
    "p68_range": [
      3.577896452150058,
      3.7658087649824474
    ],
    "p95": [
      3.4924778057507604,
      3.795069929265665
    ],
    "p95_range": [
      3.4924778057507604,
      3.795069929265665
    ],
    "std": 0.08533155159811902
  },
  "rho_solv_0": {
    "best": 2.9963632142084933,
    "index": 7,
    "integer": false,
    "label": "rho_solv_0",
    "mean": 2.99603654891853,
    "median": 2.996166962346009,
    "p68": [
      2.9915291662630086,
      3.0004146360666106
    ],
    "p68_range": [
      2.9915291662630086,
      3.0004146360666106
    ],
    "p95": [
      2.987936739714612,
      3.003722147906733
    ],
    "p95_range": [
      2.987936739714612,
      3.003722147906733
    ],
    "std": 0.004203849553240797
  },
  "sigma": {
    "best": 2.3882491382067013,
    "index": 9,
    "integer": false,
    "label": "sigma",
    "mean": 3.0379051320800587,
    "median": 2.977815192511352,
    "p68": [
      2.3063469754217567,
      3.720590122133567
    ],
    "p68_range": [
      2.3063469754217567,
      3.720590122133567
    ],
    "p95": [
      2.0488077810240117,
      4.371196166390702
    ],
    "p95_range": [
      2.0488077810240117,
      4.371196166390702
    ],
    "std": 0.6453726101487735
  },
  "vf_bilayer": {
    "best": 0.9285985344111858,
    "index": 6,
    "integer": false,
    "label": "vf_bilayer",
    "mean": 0.9505871832300135,
    "median": 0.9489669108588827,
    "p68": [
      0.9277784145850493,
      0.9749494217944307
    ],
    "p68_range": [
      0.9277784145850493,
      0.9749494217944307
    ],
    "p95": [
      0.911535711246392,
      0.993878300544371
    ],
    "p95_range": [
      0.911535711246392,
      0.993878300544371
    ],
    "std": 0.021704886762181748
  }
}