{
  "background_0": {
    "best": -7.88302890699531,
    "index": 10,
    "integer": false,
    "label": "background_0",
    "mean": -7.7251751651616045,
    "median": -7.618045180219649,
    "p68": [
      -8.588350555185846,
      -7.03969245114892
    ],
    "p68_range": [
      -8.588350555185846,
      -7.03969245114892
    ],
    "p95": [
      -8.897333022715353,
      -6.639425492498664
    ],
    "p95_range": [
      -8.897333022715353,
      -6.639425492498664
    ],
    "std": 0.6501572640782617
  },
  "global_rough": {
    "best": 4.989353203247325,
    "index": 8,
    "integer": false,
    "label": "global_rough",
    "mean": 4.739625369414374,
    "median": 4.828934373841827,
    "p68": [
      4.574655116475099,
      4.963678243590597
    ],
    "p68_range": [
      4.574655116475099,
      4.963678243590597
    ],
    "p95": [
      3.7330307979751165,
      4.989353203247325
    ],
    "p95_range": [
      3.7330307979751165,
      4.989353203247325
    ],
    "std": 0.2898443430536778
  },
  "l_lipid1": {
    "best": 10.530385424995133,
    "index": 4,
    "integer": false,
    "label": "l_lipid1",
    "mean": 12.632439517771084,
    "median": 12.652923320608883,
    "p68": [
      11.394798131222668,
      13.777008440294843
    ],
    "p68_range": [
      11.394798131222668,
      13.777008440294843
    ],
    "p95": [
      10.655417919505664,
      14.57623383466932
    ],
    "p95_range": [
      10.655417919505664,
      14.57623383466932
    ],
    "std": 1.0686777070409537
  },
  "l_lipid2": {
    "best": 11.519835624258665,
    "index": 5,
    "integer": false,
    "label": "l_lipid2",
    "mean": 10.934388568511558,
    "median": 10.865426908070802,
    "p68": [
      10.315025379114521,
      11.537252378031313
    ],
    "p68_range": [
      10.315025379114521,
      11.537252378031313
    ],
    "p95": [
      10.03921434929224,
      12.317423436209587
    ],
    "p95_range": [
      10.03921434929224,
      12.317423436209587
    ],
    "std": 0.6331355420790474
  },
  "l_siox": {
    "best": 25.756135894724697,
    "index": 1,
    "integer": false,
    "label": "l_siox",
    "mean": 23.29991451372501,
    "median": 23.73454806162418,
    "p68": [
      21.817447789131624,
      25.011679263590416
    ],
    "p68_range": [
      21.817447789131624,
      25.011679263590416
    ],
    "p95": [
      17.640013791902017,
      26.024606932945495
    ],
    "p95_range": [
      17.640013791902017,
      26.024606932945495
    ],
    "std": 2.021980512537882
  },
  "l_submembrane": {
    "best": 5.2170650111896535,
    "index": 3,
    "integer": false,
    "label": "l_submembrane",
    "mean": 4.533355807319573,
    "median": 4.472441119417454,
    "p68": [
      3.4098723825301414,
      5.701661634096579
    ],
    "p68_range": [
      3.4098723825301414,
      5.701661634096579
    ],
    "p95": [
      2.4569686770930774,
      6.828733320252533
    ],
    "p95_range": [
      2.4569686770930774,
      6.828733320252533
    ],
    "std": 1.110845338392478
  },
  "rho_siox": {
    "best": 3.2071016425333907,
    "index": 2,
    "integer": false,
    "label": "rho_siox",
    "mean": 3.282650804258772,
    "median": 3.241189621635347,
    "p68": [
      3.208226116712971,
      3.337731848095141
    ],
    "p68_range": [
      3.208226116712971,
      3.337731848095141
    ],
    "p95": [
      3.202254649201063,
      3.705382102534225
    ],
    "p95_range": [
      3.202254649201063,
      3.705382102534225
    ],
    "std": 0.11716747219497774
  },
  "rho_solv_0": {
    "best": -0.5394668928095738,
    "index": 7,
    "integer": false,
    "label": "rho_solv_0",
    "mean": -0.5343155314315603,
    "median": -0.5367656269497271,
    "p68": [
      -0.5393233744720569,
      -0.5298243752613367
    ],
    "p68_range": [
      -0.5393233744720569,
      -0.5298243752613367
    ],
    "p95": [
      -0.5399487868613786,
      -0.5171345644203285
    ],
    "p95_range": [
      -0.5399487868613786,
      -0.5171345644203285
    ],
    "std": 0.007255309736327087
  },
  "sigma": {
    "best": 2.306817182734249,
    "index": 9,
    "integer": false,
    "label": "sigma",
    "mean": 2.5795742263669545,
    "median": 2.4674269193013703,
    "p68": [
      2.1178154951918464,
      3.0373986827365878
    ],
    "p68_range": [
      2.1178154951918464,
      3.0373986827365878
    ],
    "p95": [
      2.0106708160176514,
      4.002328310383062
    ],
    "p95_range": [
      2.0106708160176514,
      4.002328310383062
    ],
    "std": 0.5378304252981047
  },
  "vf_bilayer": {
    "best": 0.9915937817356688,
    "index": 6,
    "integer": false,
    "label": "vf_bilayer",
    "mean": 0.9810926256694912,
    "median": 0.9891094149479808,
    "p68": [
      0.9624938132150417,
      0.9971957161681384
    ],
    "p68_range": [
      0.9624938132150417,
      0.9971957161681384
    ],
    "p95": [
      0.9367816657062832,
      0.9992250427647296
    ],
    "p95_range": [
      0.9367816657062832,
      0.9992250427647296
    ],
    "std": 0.019550708877835377
  }
}