{
  "background_0": {
    "best": -7.198499667956135,
    "index": 10,
    "integer": false,
    "label": "background_0",
    "mean": -7.544052304741728,
    "median": -7.470899550536168,
    "p68": [
      -8.451165510622243,
      -6.697455212336371
    ],
    "p68_range": [
      -8.451165510622243,
      -6.697455212336371
    ],
    "p95": [
      -8.910145069493423,
      -6.3892058498829
    ],
    "p95_range": [
      -8.910145069493423,
      -6.3892058498829
    ],
    "std": 0.7641771019783843
  },
  "global_rough": {
    "best": 2.547073545762279,
    "index": 8,
    "integer": false,
    "label": "global_rough",
    "mean": 3.2164142153371422,
    "median": 3.177407607260762,
    "p68": [
      2.4526361262801433,
      3.9476087072591275
    ],
    "p68_range": [
      2.4526361262801433,
      3.9476087072591275
    ],
    "p95": [
      2.0648182129275385,
      4.695751777226782
    ],
    "p95_range": [
      2.0648182129275385,
      4.695751777226782
    ],
    "std": 0.6802061976932536
  },
  "l_lipid1": {
    "best": 11.723011913187607,
    "index": 4,
    "integer": false,
    "label": "l_lipid1",
    "mean": 11.911538357661446,
    "median": 11.75006468738691,
    "p68": [
      10.381292594011253,
      13.488846916629218
    ],
    "p68_range": [
      10.381292594011253,
      13.488846916629218
    ],
    "p95": [
      10.050269399391572,
      14.731553992203438
    ],
    "p95_range": [
      10.050269399391572,
      14.731553992203438
    ],
    "std": 1.3496620556682506
  },
  "l_lipid2": {
    "best": 12.230772690715648,
    "index": 5,
    "integer": false,
    "label": "l_lipid2",
    "mean": 12.536440015660427,
    "median": 12.493384057046653,
    "p68": [
      11.907112790465801,
      13.160573158799888
    ],
    "p68_range": [
      11.907112790465801,
      13.160573158799888
    ],
    "p95": [
      11.331571146244418,
      13.842695455596123
    ],
    "p95_range": [
      11.331571146244418,
      13.842695455596123
    ],
    "std": 0.6467915474494189
  },
  "l_siox": {
    "best": 19.28863878152396,
    "index": 1,
    "integer": false,
    "label": "l_siox",
    "mean": 18.16875855801296,
    "median": 18.116246658513184,
    "p68": [
      16.757106722255084,
      19.606609004192926
    ],
    "p68_range": [
      16.757106722255084,
      19.606609004192926
    ],
    "p95": [
      15.849245168615289,
      20.853791910890724
    ],
    "p95_range": [
      15.849245168615289,
      20.853791910890724
    ],
    "std": 1.3350186808314524
  },
  "l_submembrane": {
    "best": 2.3634469354371315,
    "index": 3,
    "integer": false,
    "label": "l_submembrane",
    "mean": 2.388608385795092,
    "median": 2.4027484870912588,
    "p68": [
      1.5891854868736275,
      3.1263881991188467
    ],
    "p68_range": [
      1.5891854868736275,
      3.1263881991188467
    ],
    "p95": [
      1.1010280481601151,
      3.6817789588505008
    ],
    "p95_range": [
      1.1010280481601151,
      3.6817789588505008
    ],
    "std": 0.7033484683045745
  },
  "rho_siox": {
    "best": 3.442753789754333,
    "index": 2,
    "integer": false,
    "label": "rho_siox",
    "mean": 3.5756225750943464,
    "median": 3.573737844260952,
    "p68": [
      3.436993790804176,
      3.7256069542579784
    ],
    "p68_range": [
      3.436993790804176,
      3.7256069542579784
    ],
    "p95": [
      3.344620138539448,
      3.785326489193078
    ],
    "p95_range": [
      3.344620138539448,
      3.785326489193078
    ],
    "std": 0.12596902476074662
  },
  "rho_solv_0": {
    "best": -0.0003786549742008825,
    "index": 7,
    "integer": false,
    "label": "rho_solv_0",
    "mean": -0.0043857982114483525,
    "median": -0.004042610227307108,
    "p68": [
      -0.01537019077812222,
      0.006934468547453539
    ],
    "p68_range": [
      -0.01537019077812222,
      0.006934468547453539
    ],
    "p95": [
      -0.02683726082005988,
      0.01684725355862382
    ],
    "p95_range": [
      -0.02683726082005988,
      0.01684725355862382
    ],
    "std": 0.011116381201358343
  },
  "sigma": {
    "best": 2.0722755025433095,
    "index": 9,
    "integer": false,
    "label": "sigma",
    "mean": 2.638512803918567,
    "median": 2.5312704299744517,
    "p68": [
      2.1483331355423614,
      3.1974631067687893
    ],
    "p68_range": [
      2.1483331355423614,
      3.1974631067687893
    ],
    "p95": [
      2.014094048475462,
      3.731568438742093
    ],
    "p95_range": [
      2.014094048475462,
      3.731568438742093
    ],
    "std": 0.4809420641372466
  },
  "vf_bilayer": {
    "best": 0.9822082944856364,
    "index": 6,
    "integer": false,
    "label": "vf_bilayer",
    "mean": 0.9594385599550572,
    "median": 0.9652672367365249,
    "p68": [
      0.924442225347543,
      0.9907939982757128
    ],
    "p68_range": [
      0.924442225347543,
      0.9907939982757128
    ],
    "p95": [
      0.9034968445324939,
      0.9983794360759338
    ],
    "p95_range": [
      0.9034968445324939,
      0.9983794360759338
    ],
    "std": 0.02855706521160258
  }
}