{
  "background0": {
    "best": 0.15535283123708224,
    "index": 1,
    "integer": false,
    "label": "background0",
    "mean": 0.1612907862820635,
    "median": 0.159143756556238,
    "p68": [
      0.14770656459922146,
      0.17346370646991127
    ],
    "p68_range": [
      0.14770656459922146,
      0.17346370646991127
    ],
    "p95": [
      0.13436451364671675,
      0.20680548197157084
    ],
    "p95_range": [
      0.13436451364671675,
      0.20680548197157084
    ],
    "std": 0.020792554526999584
  },
  "background1": {
    "best": 0.2965319443850157,
    "index": 6,
    "integer": false,
    "label": "background1",
    "mean": 0.29532495780751206,
    "median": 0.2944095720599477,
    "p68": [
      0.280116855301779,
      0.30842016323185073
    ],
    "p68_range": [
      0.280116855301779,
      0.30842016323185073
    ],
    "p95": [
      0.25736931452159484,
      0.34090264736287096
    ],
    "p95_range": [
      0.25736931452159484,
      0.34090264736287096
    ],
    "std": 0.02161940573903423
  },
  "background2": {
    "best": 0.5010562923207067,
    "index": 8,
    "integer": false,
    "label": "background2",
    "mean": 0.508449121904638,
    "median": 0.5125075572085002,
    "p68": [
      0.4864805689005409,
      0.5342240993888313
    ],
    "p68_range": [
      0.4864805689005409,
      0.5342240993888313
    ],
    "p95": [
      0.4265001297584783,
      0.5617675427626754
    ],
    "p95_range": [
      0.4265001297584783,
      0.5617675427626754
    ],
    "std": 0.0318460017794658
  },
  "radius": {
    "best": 84.91967474932298,
    "index": 2,
    "integer": false,
    "label": "radius",
    "mean": 91.1699897789416,
    "median": 87.57127400423168,
    "p68": [
      63.724635129476766,
      121.84229563469827
    ],
    "p68_range": [
      63.724635129476766,
      121.84229563469827
    ],
    "p95": [
      54.07000081830319,
      153.91011822864334
    ],
    "p95_range": [
      54.07000081830319,
      153.91011822864334
    ],
    "std": 27.734427841617272
  },
  "scale": {
    "best": 0.0015236867932328438,
    "index": 3,
    "integer": false,
    "label": "scale",
    "mean": 0.005837207044542167,
    "median": 0.00197441481472106,
    "p68": [
      0.0004345179142461603,
      0.011457146556584117
    ],
    "p68_range": [
      0.0004345179142461603,
      0.011457146556584117
    ],
    "p95": [
      0.00019985741429057722,
      0.03375331169062306
    ],
    "p95_range": [
      0.00019985741429057722,
      0.03375331169062306
    ],
    "std": 0.009118548235114224
  },
  "sld": {
    "best": 3.1628645874477592,
    "index": 4,
    "integer": false,
    "label": "sld",
    "mean": 2.4713282240721304,
    "median": 2.4195208924994334,
    "p68": [
      1.456430184103075,
      3.526330771869325
    ],
    "p68_range": [
      1.456430184103075,
      3.526330771869325
    ],
    "p95": [
      1.0464491192473409,
      3.9526360834115657
    ],
    "p95_range": [
      1.0464491192473409,
      3.9526360834115657
    ],
    "std": 0.8675197929826848
  },
  "sld_solvent0": {
    "best": 4.419441835629598,
    "index": 5,
    "integer": false,
    "label": "sld_solvent0",
    "mean": 2.7750172899347465,
    "median": 2.5753520168630075,
    "p68": [
      1.5245795582423103,
      4.255178407564838
    ],
    "p68_range": [
      1.5245795582423103,
      4.255178407564838
    ],
    "p95": [
      0.2465953564110066,
      5.62839885711434
    ],
    "p95_range": [
      0.2465953564110066,
      5.62839885711434
    ],
    "std": 1.3411517581060255
  },
  "sld_solvent1": {
    "best": 3.3928697469516034,
    "index": 7,
    "integer": false,
    "label": "sld_solvent1",
    "mean": 2.4737326915307256,
    "median": 2.4319714343042227,
    "p68": [
      1.2213243968678493,
      3.724852180004908
    ],
    "p68_range": [
      1.2213243968678493,
      3.724852180004908
    ],
    "p95": [
      0.2970889688436875,
      5.032229971525293
    ],
    "p95_range": [
      0.2970889688436875,
      5.032229971525293
    ],
    "std": 1.1748342368264173
  },
  "sld_solvent2": {
    "best": 1.0935070186706954,
    "index": 9,
    "integer": false,
    "label": "sld_solvent2",
    "mean": 2.6656818937204596,
    "median": 2.5297231047016773,
    "p68": [
      0.6455429779593215,
      4.92722471955802
    ],
    "p68_range": [
      0.6455429779593215,
      4.92722471955802
    ],
    "p95": [
      -0.21919870773812594,
      5.832680134137317
    ],
    "p95_range": [
      -0.21919870773812594,
      5.832680134137317
    ],
    "std": 1.849126561607314
  }
}