{
  "bME to tether ratio": {
    "best": 2.1368561905478285,
    "index": 16,
    "integer": false,
    "label": "bME to tether ratio",
    "mean": 2.146261635829084,
    "median": 2.2311855784330965,
    "p68": [
      0.9052197591270503,
      3.461616442925571
    ],
    "p68_range": [
      0.9052197591270503,
      3.461616442925571
    ],
    "p95": [
      0.18206560310672334,
      3.932603635726882
    ],
    "p95_range": [
      0.18206560310672334,
      3.932603635726882
    ],
    "std": 1.1202299114574663
  },
  "background os046_4column": {
    "best": 9.345858131596065e-08,
    "index": 1,
    "integer": false,
    "label": "background os046_4column",
    "mean": 1.762606333704727e-07,
    "median": 1.7139395873984684e-07,
    "p68": [
      4.932941625408134e-08,
      3.0123870699009044e-07
    ],
    "p68_range": [
      4.932941625408134e-08,
      3.0123870699009044e-07
    ],
    "p95": [
      -5.687107323974151e-08,
      4.1128265322765085e-07
    ],
    "p95_range": [
      -5.687107323974151e-08,
      4.1128265322765085e-07
    ],
    "std": 1.2104434153897908e-07
  },
  "background os047_4column": {
    "best": 3.688311224352979e-06,
    "index": 20,
    "integer": false,
    "label": "background os047_4column",
    "mean": 3.672930048743052e-06,
    "median": 3.661833574873126e-06,
    "p68": [
      3.3755813447278016e-06,
      3.958404033493805e-06
    ],
    "p68_range": [
      3.3755813447278016e-06,
      3.958404033493805e-06
    ],
    "p95": [
      3.1783312118615654e-06,
      4.194024353177121e-06
    ],
    "p95_range": [
      3.1783312118615654e-06,
      4.194024353177121e-06
    ],
    "std": 2.7585558651572545e-07
  },
  "bilayer roughness": {
    "best": 3.7249509434950845,
    "index": 18,
    "integer": false,
    "label": "bilayer roughness",
    "mean": 3.801863157095129,
    "median": 3.85268652109097,
    "p68": [
      3.154839311459708,
      4.37501196769511
    ],
    "p68_range": [
      3.154839311459708,
      4.37501196769511
    ],
    "p95": [
      2.6095496587490206,
      4.849802066719116
    ],
    "p95_range": [
      2.6095496587490206,
      4.849802066719116
    ],
    "std": 0.598756045849401
  },
  "chromium layer thickness": {
    "best": 34.975966321031265,
    "index": 10,
    "integer": false,
    "label": "chromium layer thickness",
    "mean": 33.678806917633764,
    "median": 33.93157233231421,
    "p68": [
      30.623027607742213,
      36.91722951040367
    ],
    "p68_range": [
      30.623027607742213,
      36.91722951040367
    ],
    "p95": [
      25.652404476946987,
      39.36633707199291
    ],
    "p95_range": [
      25.652404476946987,
      39.36633707199291
    ],
    "std": 3.252853909138573
  },
  "chromium rho": {
    "best": 3.2802396219016203,
    "index": 9,
    "integer": false,
    "label": "chromium rho",
    "mean": 3.2390538918473237,
    "median": 3.262185685880788,
    "p68": [
      3.1272448108274014,
      3.3428998810022494
    ],
    "p68_range": [
      3.1272448108274014,
      3.3428998810022494
    ],
    "p95": [
      2.911590647843042,
      3.408886755836498
    ],
    "p95_range": [
      2.911590647843042,
      3.408886755836498
    ],
    "std": 0.11810033187080433
  },
  "d2o rho": {
    "best": 5.982137056475648,
    "index": 12,
    "integer": false,
    "label": "d2o rho",
    "mean": 6.080407332519123,
    "median": 6.085985904488887,
    "p68": [
      6.0136003099287585,
      6.143211227008608
    ],
    "p68_range": [
      6.0136003099287585,
      6.143211227008608
    ],
    "p95": [
      5.944977941922575,
      6.195589757436515
    ],
    "p95_range": [
      5.944977941922575,
      6.195589757436515
    ],
    "std": 0.06555228038170816
  },
  "gold chromium roughness": {
    "best": 14.343319023841824,
    "index": 8,
    "integer": false,
    "label": "gold chromium roughness",
    "mean": 15.61506454990239,
    "median": 15.412206982442743,
    "p68": [
      13.570561973772161,
      17.651402453538473
    ],
    "p68_range": [
      13.570561973772161,
      17.651402453538473
    ],
    "p95": [
      11.59667611118436,
      19.797444887099633
    ],
    "p95_range": [
      11.59667611118436,
      19.797444887099633
    ],
    "std": 2.064250050998841
  },
  "gold layer thickness": {
    "best": 177.55180342730054,
    "index": 22,
    "integer": false,
    "label": "gold layer thickness",
    "mean": 178.32214753486295,
    "median": 178.08021704739136,
    "p68": [
      176.03805543860702,
      180.5686040164226
    ],
    "p68_range": [
      176.03805543860702,
      180.5686040164226
    ],
    "p95": [
      174.7436749281931,
      183.85416335788918
    ],
    "p95_range": [
      174.7436749281931,
      183.85416335788918
    ],
    "std": 2.331555851862813
  },
  "gold rho": {
    "best": 4.400407780928111,
    "index": 11,
    "integer": false,
    "label": "gold rho",
    "mean": 4.465384359277352,
    "median": 4.4693246532207365,
    "p68": [
      4.416468169372257,
      4.507665396689909
    ],
    "p68_range": [
      4.416468169372257,
      4.507665396689909
    ],
    "p95": [
      4.37229239138632,
      4.545601152367969
    ],
    "p95_range": [
      4.37229239138632,
      4.545601152367969
    ],
    "std": 0.04314038389993974
  },
  "h2o rho": {
    "best": -0.3716188665665073,
    "index": 21,
    "integer": false,
    "label": "h2o rho",
    "mean": -0.38846751602454427,
    "median": -0.38815275846380093,
    "p68": [
      -0.4447294175114502,
      -0.33110340125133053
    ],
    "p68_range": [
      -0.4447294175114502,
      -0.33110340125133053
    ],
    "p95": [
      -0.508899054841435,
      -0.28304686609488383
    ],
    "p95_range": [
      -0.508899054841435,
      -0.28304686609488383
    ],
    "std": 0.05638462671386125
  },
  "inner acyl chain thickness": {
    "best": 10.581851615109791,
    "index": 13,
    "integer": false,
    "label": "inner acyl chain thickness",
    "mean": 10.017921496459133,
    "median": 9.959246360508274,
    "p68": [
      9.104990833075133,
      11.074579554857642
    ],
    "p68_range": [
      9.104990833075133,
      11.074579554857642
    ],
    "p95": [
      8.218062342177243,
      11.78346768197859
    ],
    "p95_range": [
      8.218062342177243,
      11.78346768197859
    ],
    "std": 0.9147993530928686
  },
  "intensity os046_4column": {
    "best": 0.9932254688836734,
    "index": 2,
    "integer": false,
    "label": "intensity os046_4column",
    "mean": 0.9901691406385619,
    "median": 0.9897594982234124,
    "p68": [
      0.9849920359686306,
      0.9959658486418054
    ],
    "p68_range": [
      0.9849920359686306,
      0.9959658486418054
    ],
    "p95": [
      0.9811047729401434,
      1.0013463564880667
    ],
    "p95_range": [
      0.9811047729401434,
      1.0013463564880667
    ],
    "std": 0.005321999752215519
  },
  "number fraction tether": {
    "best": 0.5534387158986187,
    "index": 17,
    "integer": false,
    "label": "number fraction tether",
    "mean": 0.7848187951124678,
    "median": 0.838785353414042,
    "p68": [
      0.5527599401778649,
      0.9729577965066115
    ],
    "p68_range": [
      0.5527599401778649,
      0.9729577965066115
    ],
    "p95": [
      0.30198336224157607,
      0.9984891544453302
    ],
    "p95_range": [
      0.30198336224157607,
      0.9984891544453302
    ],
    "std": 0.19884308002563733
  },
  "outer acyl chain thickness": {
    "best": 12.953501688489832,
    "index": 14,
    "integer": false,
    "label": "outer acyl chain thickness",
    "mean": 13.249823338426,
    "median": 13.245784461198891,
    "p68": [
      12.238900231212474,
      14.293689589029439
    ],
    "p68_range": [
      12.238900231212474,
      14.293689589029439
    ],
    "p95": [
      11.388496124881396,
      15.080447828431565
    ],
    "p95_range": [
      11.388496124881396,
      15.080447828431565
    ],
    "std": 0.9636677683599054
  },