{
  "bME to tether ratio": {
    "best": 2.1318151868419473,
    "index": 16,
    "integer": false,
    "label": "bME to tether ratio",
    "mean": 1.492411847945025,
    "median": 1.3646763581646972,
    "p68": [
      0.3757884858418658,
      2.8097745662277434
    ],
    "p68_range": [
      0.3757884858418658,
      2.8097745662277434
    ],
    "p95": [
      0.14341918924988475,
      3.6673023311028805
    ],
    "p95_range": [
      0.14341918924988475,
      3.6673023311028805
    ],
    "std": 1.0571562784019768
  },
  "background os046_4column": {
    "best": 1.1861008853202594e-07,
    "index": 1,
    "integer": false,
    "label": "background os046_4column",
    "mean": 9.985049377269085e-07,
    "median": 8.763209399041739e-07,
    "p68": [
      1.5919826477276375e-07,
      1.9198698454752336e-06
    ],
    "p68_range": [
      1.5919826477276375e-07,
      1.9198698454752336e-06
    ],
    "p95": [
      -5.098893440822595e-08,
      2.9614280518171407e-06
    ],
    "p95_range": [
      -5.098893440822595e-08,
      2.9614280518171407e-06
    ],
    "std": 8.305183088840728e-07
  },
  "background os047_4column": {
    "best": 3.812443917510441e-06,
    "index": 20,
    "integer": false,
    "label": "background os047_4column",
    "mean": 4.577663629920006e-06,
    "median": 4.451915858402014e-06,
    "p68": [
      2.813557888591789e-06,
      6.596957909365972e-06
    ],
    "p68_range": [
      2.813557888591789e-06,
      6.596957909365972e-06
    ],
    "p95": [
      9.66870267258168e-07,
      8.328851655204611e-06
    ],
    "p95_range": [
      9.66870267258168e-07,
      8.328851655204611e-06
    ],
    "std": 1.8059299178084008e-06
  },
  "bilayer roughness": {
    "best": 2.643419697282298,
    "index": 18,
    "integer": false,
    "label": "bilayer roughness",
    "mean": 3.7964174267439716,
    "median": 3.5064396755844123,
    "p68": [
      2.5509342027030337,
      5.1925121012906965
    ],
    "p68_range": [
      2.5509342027030337,
      5.1925121012906965
    ],
    "p95": [
      2.185734187561214,
      6.74930557506185
    ],
    "p95_range": [
      2.185734187561214,
      6.74930557506185
    ],
    "std": 1.3151353401962345
  },
  "chromium layer thickness": {
    "best": 18.378712125431285,
    "index": 10,
    "integer": false,
    "label": "chromium layer thickness",
    "mean": 30.082115320514085,
    "median": 29.19380353898098,
    "p68": [
      17.869720756158284,
      41.474449988166164
    ],
    "p68_range": [
      17.869720756158284,
      41.474449988166164
    ],
    "p95": [
      13.31244774243547,
      54.04735268795972
    ],
    "p95_range": [
      13.31244774243547,
      54.04735268795972
    ],
    "std": 11.716333912272539
  },
  "chromium rho": {
    "best": 2.844541571338311,
    "index": 9,
    "integer": false,
    "label": "chromium rho",
    "mean": 3.397032347257234,
    "median": 3.4199250064785964,
    "p68": [
      3.0194244218704873,
      3.7514575813122963
    ],
    "p68_range": [
      3.0194244218704873,
      3.7514575813122963
    ],
    "p95": [
      2.7655835655792775,
      3.9301226552899964
    ],
    "p95_range": [
      2.7655835655792775,
      3.9301226552899964
    ],
    "std": 0.3282740395866236
  },
  "d2o rho": {
    "best": 5.768624645445196,
    "index": 12,
    "integer": false,
    "label": "d2o rho",
    "mean": 6.098133205670601,
    "median": 6.106219736976912,
    "p68": [
      5.838195666690565,
      6.349871552770122
    ],
    "p68_range": [
      5.838195666690565,
      6.349871552770122
    ],
    "p95": [
      5.699603589106398,
      6.462824977808382
    ],
    "p95_range": [
      5.699603589106398,
      6.462824977808382
    ],
    "std": 0.21776931541488895
  },
  "gold chromium roughness": {
    "best": 23.185171062627354,
    "index": 8,
    "integer": false,
    "label": "gold chromium roughness",
    "mean": 14.45568972069656,
    "median": 14.820812464289611,
    "p68": [
      6.741311704124483,
      20.728334881887434
    ],
    "p68_range": [
      6.741311704124483,
      20.728334881887434
    ],
    "p95": [
      3.199423920398959,
      23.692927998787304
    ],
    "p95_range": [
      3.199423920398959,
      23.692927998787304
    ],
    "std": 5.991701519854687
  },
  "gold layer thickness": {
    "best": 189.74844033328353,
    "index": 22,
    "integer": false,
    "label": "gold layer thickness",
    "mean": 173.61464487881747,
    "median": 173.62838521740156,
    "p68": [
      163.2797966609345,
      184.7068761781604
    ],
    "p68_range": [
      163.2797966609345,
      184.7068761781604
    ],
    "p95": [
      153.0119286418336,
      192.54320714288897
    ],
    "p95_range": [
      153.0119286418336,
      192.54320714288897
    ],
    "std": 10.373369312528887
  },
  "gold rho": {
    "best": 4.243948210792003,
    "index": 11,
    "integer": false,
    "label": "gold rho",
    "mean": 4.542008765338614,
    "median": 4.561555086964056,
    "p68": [
      4.388921711614692,
      4.692094607567209
    ],
    "p68_range": [
      4.388921711614692,
      4.692094607567209
    ],
    "p95": [
      4.263154633454133,
      4.77036189173042
    ],
    "p95_range": [
      4.263154633454133,
      4.77036189173042
    ],
    "std": 0.1390577902299403
  },
  "h2o rho": {
    "best": -0.5152001567730394,
    "index": 21,
    "integer": false,
    "label": "h2o rho",
    "mean": -0.1984928751003092,
    "median": -0.26441018486832035,
    "p68": [
      -0.45667617223998247,
      0.09269310087133499
    ],
    "p68_range": [
      -0.45667617223998247,
      0.09269310087133499
    ],
    "p95": [
      -0.5914328128723778,
      0.41442794932568366
    ],
    "p95_range": [
      -0.5914328128723778,
      0.41442794932568366
    ],
    "std": 0.2658379757087927
  },
  "inner acyl chain thickness": {
    "best": 12.223058000581474,
    "index": 13,
    "integer": false,
    "label": "inner acyl chain thickness",
    "mean": 11.853445561424293,
    "median": 11.545567249246059,
    "p68": [
      9.376503803351664,
      14.441337019872266
    ],
    "p68_range": [
      9.376503803351664,
      14.441337019872266
    ],
    "p95": [
      8.28460765442648,
      17.535293648011418
    ],
    "p95_range": [
      8.28460765442648,
      17.535293648011418
    ],
    "std": 2.381100419348032
  },
  "intensity os046_4column": {
    "best": 0.9980073389447885,
    "index": 2,
    "integer": false,
    "label": "intensity os046_4column",
    "mean": 0.9882066189908137,
    "median": 0.9919133085361809,
    "p68": [
      0.9518886592988546,
      1.0246600355881867
    ],
    "p68_range": [
      0.9518886592988546,
      1.0246600355881867
    ],
    "p95": [
      0.9151236463507341,
      1.0444886676627732
    ],
    "p95_range": [
      0.9151236463507341,
      1.0444886676627732
    ],
    "std": 0.034263477982797955
  },
  "number fraction tether": {
    "best": 0.4066558913696112,
    "index": 17,
    "integer": false,
    "label": "number fraction tether",
    "mean": 0.4495496362528854,
    "median": 0.38410650207482366,
    "p68": [
      0.23971240235926072,
      0.720840699294568
    ],
    "p68_range": [
      0.23971240235926072,
      0.720840699294568
    ],
    "p95": [
      0.20487997202009986,
      0.9339626112216518
    ],
    "p95_range": [
      0.20487997202009986,
      0.9339626112216518
    ],
    "std": 0.21542629691341628
  },
  "outer acyl chain thickness": {
    "best": 11.1142345482145,
    "index": 14,
    "integer": false,
    "label": "outer acyl chain thickness",
    "mean": 12.177800554921436,
    "median": 12.06099368329678,
    "p68": [
      9.783464424037797,
      14.622517096455564
    ],
    "p68_range": [
      9.783464424037797,
      14.622517096455564
    ],
    "p95": [
      8.247238279398688,
      15.836808292051538
    ],
    "p95_range": [
      8.247238279398688,
      15.836808292051538
    ],
    "std": 2.1392874927521635
  },