{
  "hg1_thickness": {
    "best": 11.818845605014115,
    "index": 1,
    "integer": false,
    "label": "hg1_thickness",
    "mean": 8.865852917183252,
    "median": 8.23403679848561,
    "p68": [
      7.856134725397877,
      10.215831521554826
    ],
    "p68_range": [
      7.856134725397877,
      10.215831521554826
    ],
    "p95": [
      7.664815885440899,
      11.634473713222487
    ],
    "p95_range": [
      7.664815885440899,
      11.634473713222487
    ],
    "std": 1.1233675088466466
  },
  "l_lipid": {
    "best": 11.849973920883974,
    "index": 2,
    "integer": false,
    "label": "l_lipid",
    "mean": 11.865956717309473,
    "median": 11.86828536538871,
    "p68": [
      11.79543544712055,
      11.931660778064899
    ],
    "p68_range": [
      11.79543544712055,
      11.931660778064899
    ],
    "p95": [
      11.765185144604343,
      11.988960695636449
    ],
    "p95_range": [
      11.765185144604343,
      11.988960695636449
    ],
    "std": 0.05922432338317286
  },
  "methyl_sigma": {
    "best": 0.7152450891892534,
    "index": 3,
    "integer": false,
    "label": "methyl_sigma",
    "mean": 0.5495063418669087,
    "median": 0.5656359898779193,
    "p68": [
      0.31732097112002633,
      0.7836829457038984
    ],
    "p68_range": [
      0.31732097112002633,
      0.7836829457038984
    ],
    "p95": [
      0.09034089758786865,
      0.9403249933645845
    ],
    "p95_range": [
      0.09034089758786865,
      0.9403249933645845
    ],
    "std": 0.2324125973755106
  },
  "rel_pos": {
    "best": 0.5109676764118443,
    "index": 4,
    "integer": false,
    "label": "rel_pos",
    "mean": 0.7417372634094006,
    "median": 0.7305296498329968,
    "p68": [
      0.6007457409238416,
      0.9060126403184935
    ],
    "p68_range": [
      0.6007457409238416,
      0.9060126403184935
    ],
    "p95": [
      0.5227404780318774,
      0.9835529771923518
    ],
    "p95_range": [
      0.5227404780318774,
      0.9835529771923518
    ],
    "std": 0.13868433424535462
  },
  "sigma": {
    "best": 2.19467860528615,
    "index": 5,
    "integer": false,
    "label": "sigma",
    "mean": 2.21510824845665,
    "median": 2.2206154970373517,
    "p68": [
      2.1333670659079993,
      2.291783504718962
    ],
    "p68_range": [
      2.1333670659079993,
      2.291783504718962
    ],
    "p95": [
      2.0760259323968824,
      2.376668002206763
    ],
    "p95_range": [
      2.0760259323968824,
      2.376668002206763
    ],
    "std": 0.07731196825062928
  }
}