{
  "P0": {
    "best": 9.401171370407766,
    "index": 1,
    "integer": false,
    "label": "P0",
    "mean": 9.169557168084665,
    "median": 9.063283753288806,
    "p68": [
      8.661854661613726,
      9.708822249871776
    ],
    "p68_range": [
      8.661854661613726,
      9.708822249871776
    ],
    "p95": [
      8.578455301620787,
      10.286361736481954
    ],
    "p95_range": [
      8.578455301620787,
      10.286361736481954
    ],
    "std": 0.48466633225099964
  },
  "P1": {
    "best": 11.00183183823642,
    "index": 2,
    "integer": false,
    "label": "P1",
    "mean": 11.00171871345897,
    "median": 11.00105843053727,
    "p68": [
      10.958094895406768,
      11.045098723863278
    ],
    "p68_range": [
      10.958094895406768,
      11.045098723863278
    ],
    "p95": [
      10.916699825281343,
      11.080795826709174
    ],
    "p95_range": [
      10.916699825281343,
      11.080795826709174
    ],
    "std": 0.04413256616180789
  },
  "P2": {
    "best": 1.1999929873289255,
    "index": 3,
    "integer": false,
    "label": "P2",
    "mean": 1.1953679235540862,
    "median": 1.1932688495780461,
    "p68": [
      1.1065506903979059,
      1.2959561436104339
    ],
    "p68_range": [
      1.1065506903979059,
      1.2959561436104339
    ],
    "p95": [
      0.9950509697700528,
      1.3888383903654073
    ],
    "p95_range": [
      0.9950509697700528,
      1.3888383903654073
    ],
    "std": 0.09560884740619119
  },
  "P3": {
    "best": 0.6942931611648633,
    "index": 4,
    "integer": false,
    "label": "P3",
    "mean": 0.7572574398813927,
    "median": 0.7266926810825557,
    "p68": [
      0.6672320681112323,
      0.8796229651290783
    ],
    "p68_range": [
      0.6672320681112323,
      0.8796229651290783
    ],
    "p95": [
      0.6257049262952795,
      0.9832069662477971
    ],
    "p95_range": [
      0.6257049262952795,
      0.9832069662477971
    ],
    "std": 0.09928977937215247
  },
  "P4": {
    "best": 1.7004935668914762,
    "index": 5,
    "integer": false,
    "label": "P4",
    "mean": 1.6831679896826488,
    "median": 1.6929383482398732,
    "p68": [
      1.6097394396159042,
      1.760835439461811
    ],
    "p68_range": [
      1.6097394396159042,
      1.760835439461811
    ],
    "p95": [
      1.4937220761622254,
      1.8001917931345945
    ],
    "p95_range": [
      1.4937220761622254,
      1.8001917931345945
    ],
    "std": 0.07751723354788352
  }
}